# WaveFront *.obj file (generated by Autodesk ATF)

mtllib 01_sensor_chassis.mtl

g Body1

v -11.806958 5.458737 6.068326
v -11.806958 4.958737 6.068326
v -6.106958 4.958737 6.068326
v -6.106958 5.458737 6.068326
v -12.306958 5.458737 5.568326
v -12.306958 4.958737 5.568326
v -12.300802 4.958737 5.646544
v -12.282486 4.958737 5.722835
v -12.252461 4.958737 5.795322
v -12.211467 4.958737 5.862219
v -12.160511 4.958737 5.921880
v -12.100851 4.958737 5.972835
v -12.033953 4.958737 6.013830
v -11.961467 4.958737 6.043855
v -11.885175 4.958737 6.062171
v -11.885175 5.458737 6.062171
v -11.961467 5.458737 6.043855
v -12.033953 5.458737 6.013830
v -12.100851 5.458737 5.972835
v -12.160511 5.458737 5.921880
v -12.211467 5.458737 5.862219
v -12.252461 5.458737 5.795322
v -12.282486 5.458737 5.722835
v -12.300802 5.458737 5.646544
v -6.028741 4.958737 6.062171
v -5.952450 4.958737 6.043855
v -5.879963 4.958737 6.013830
v -5.813065 4.958737 5.972835
v -5.753405 4.958737 5.921880
v -5.702450 4.958737 5.862219
v -5.661455 4.958737 5.795322
v -5.631430 4.958737 5.722835
v -5.613114 4.958737 5.646544
v -5.606958 4.958737 5.568326
v -5.606958 5.458737 5.568326
v -5.613114 5.458737 5.646544
v -5.631430 5.458737 5.722835
v -5.661455 5.458737 5.795322
v -5.702450 5.458737 5.862219
v -5.753405 5.458737 5.921880
v -5.813065 5.458737 5.972835
v -5.879963 5.458737 6.013830
v -5.952450 5.458737 6.043855
v -6.028741 5.458737 6.062171
v -12.306958 4.958737 -0.431674
v -12.300802 4.958737 -0.509891
v -12.282486 4.958737 -0.586182
v -12.252461 4.958737 -0.658669
v -12.211467 4.958737 -0.725566
v -12.160511 4.958737 -0.785227
v -12.100851 4.958737 -0.836182
v -12.033953 4.958737 -0.877177
v -11.961467 4.958737 -0.907202
v -11.885175 4.958737 -0.925518
v -11.806958 4.958737 -0.931674
v -6.106958 4.958737 -0.931674
v -6.028741 4.958737 -0.925518
v -5.952450 4.958737 -0.907202
v -5.879963 4.958737 -0.877177
v -5.813065 4.958737 -0.836182
v -5.753405 4.958737 -0.785227
v -5.702450 4.958737 -0.725566
v -5.661455 4.958737 -0.658669
v -5.631430 4.958737 -0.586182
v -5.613114 4.958737 -0.509891
v -5.606958 4.958737 -0.431674
v -11.036958 4.958737 3.958326
v -11.042751 4.958737 3.914327
v -11.059734 4.958737 3.873326
v -11.086750 4.958737 3.838118
v -11.121958 4.958737 3.811102
v -11.162959 4.958737 3.794119
v -11.206958 4.958737 3.788326
v -11.250957 4.958737 3.794119
v -11.291958 4.958737 3.811102
v -11.327166 4.958737 3.838118
v -11.354182 4.958737 3.873326
v -11.371165 4.958737 3.914327
v -11.376958 4.958737 3.958326
v -11.371165 4.958737 4.002326
v -11.354182 4.958737 4.043326
v -11.327166 4.958737 4.078535
v -11.291958 4.958737 4.105551
v -11.250957 4.958737 4.122534
v -11.206958 4.958737 4.128326
v -11.162959 4.958737 4.122534
v -11.121958 4.958737 4.105551
v -11.086750 4.958737 4.078535
v -11.059734 4.958737 4.043326
v -11.042751 4.958737 4.002326
v -6.536958 4.958737 3.958326
v -6.542751 4.958737 3.914327
v -6.559734 4.958737 3.873326
v -6.586750 4.958737 3.838118
v -6.621958 4.958737 3.811102
v -6.662959 4.958737 3.794119
v -6.706958 4.958737 3.788326
v -6.750957 4.958737 3.794119
v -6.791958 4.958737 3.811102
v -6.827166 4.958737 3.838118
v -6.854182 4.958737 3.873326
v -6.871165 4.958737 3.914327
v -6.876958 4.958737 3.958326
v -6.871165 4.958737 4.002326
v -6.854182 4.958737 4.043326
v -6.827166 4.958737 4.078535
v -6.791958 4.958737 4.105551
v -6.750957 4.958737 4.122534
v -6.706958 4.958737 4.128326
v -6.662959 4.958737 4.122534
v -6.621958 4.958737 4.105551
v -6.586750 4.958737 4.078535
v -6.559734 4.958737 4.043326
v -6.542751 4.958737 4.002326
v -7.211958 4.958737 1.363326
v -7.217770 4.958737 1.315463
v -7.234867 4.958737 1.270382
v -7.262256 4.958737 1.230702
v -7.298345 4.958737 1.198730
v -7.341037 4.958737 1.176323
v -7.387851 4.958737 1.164785
v -7.436065 4.958737 1.164785
v -7.482879 4.958737 1.176323
v -7.525571 4.958737 1.198730
v -7.561660 4.958737 1.230702
v -7.589049 4.958737 1.270382
v -7.606146 4.958737 1.315463
v -7.611958 4.958737 1.363326
v -7.606146 4.958737 1.411190
v -7.589049 4.958737 1.456271
v -7.561660 4.958737 1.495951
v -7.525571 4.958737 1.527923
v -7.482879 4.958737 1.550330
v -7.436065 4.958737 1.561868
v -7.387851 4.958737 1.561868
v -7.341037 4.958737 1.550330
v -7.298345 4.958737 1.527923
v -7.262256 4.958737 1.495951
v -7.234867 4.958737 1.456271
v -7.217770 4.958737 1.411190
v -7.211958 4.958737 0.563326
v -7.217770 4.958737 0.515463
v -7.234867 4.958737 0.470382
v -7.262256 4.958737 0.430702
v -7.298345 4.958737 0.398730
v -7.341037 4.958737 0.376323
v -7.387851 4.958737 0.364785
v -7.436065 4.958737 0.364785
v -7.482879 4.958737 0.376323
v -7.525571 4.958737 0.398730
v -7.561660 4.958737 0.430702
v -7.589049 4.958737 0.470382
v -7.606146 4.958737 0.515463
v -7.611958 4.958737 0.563326
v -7.606146 4.958737 0.611190
v -7.589049 4.958737 0.656271
v -7.561660 4.958737 0.695951
v -7.525571 4.958737 0.727923
v -7.482879 4.958737 0.750330
v -7.436065 4.958737 0.761868
v -7.387851 4.958737 0.761868
v -7.341037 4.958737 0.750330
v -7.298345 4.958737 0.727923
v -7.262256 4.958737 0.695951
v -7.234867 4.958737 0.656271
v -7.217770 4.958737 0.611190
v -5.606958 5.458737 -0.431674
v -5.613114 5.458737 -0.509891
v -5.631430 5.458737 -0.586182
v -5.661455 5.458737 -0.658669
v -5.702450 5.458737 -0.725566
v -5.753405 5.458737 -0.785227
v -5.813065 5.458737 -0.836182
v -5.879963 5.458737 -0.877177
v -5.952450 5.458737 -0.907202
v -6.028741 5.458737 -0.925518
v -6.106958 5.458737 -0.931674
v -11.806958 5.458737 -0.931674
v -11.885175 5.458737 -0.925518
v -11.961467 5.458737 -0.907202
v -12.033953 5.458737 -0.877177
v -12.100851 5.458737 -0.836182
v -12.160511 5.458737 -0.785227
v -12.211467 5.458737 -0.725566
v -12.252461 5.458737 -0.658669
v -12.282486 5.458737 -0.586182
v -12.300802 5.458737 -0.509891
v -12.306958 5.458737 -0.431674
v -11.206958 5.458737 5.253326
v -11.206958 5.458737 5.373326
v -11.267000 5.458737 5.369391
v -11.326015 5.458737 5.357652
v -11.382992 5.458737 5.338311
v -11.436958 5.458737 5.311698
v -11.486988 5.458737 5.278269
v -11.532227 5.458737 5.238596
v -11.571901 5.458737 5.193357
v -11.605330 5.458737 5.143326
v -11.631943 5.458737 5.089361
v -11.651284 5.458737 5.032383
v -11.663023 5.458737 4.973368
v -11.666958 5.458737 4.913326
v -11.546958 5.458737 4.913326
v -11.544049 5.458737 4.957705
v -11.535373 5.458737 5.001325
v -11.521077 5.458737 5.043439
v -11.501407 5.458737 5.083326
v -11.476698 5.458737 5.120305
v -11.447374 5.458737 5.153743
v -11.413937 5.458737 5.183067
v -11.376958 5.458737 5.207775
v -11.337070 5.458737 5.227445
v -11.294956 5.458737 5.241741
v -11.251337 5.458737 5.250418
v -10.656958 5.458737 4.813326
v -10.659785 5.458737 4.863685
v -10.668229 5.458737 4.913410
v -10.682185 5.458737 4.961878
v -10.701477 5.458737 5.008481
v -10.725863 5.458737 5.052631
v -10.755037 5.458737 5.093775
v -10.788632 5.458737 5.131396
v -10.826225 5.458737 5.165021
v -10.867346 5.458737 5.194228
v -10.911477 5.458737 5.218650
v -10.958063 5.458737 5.237980
v -11.006520 5.458737 5.251975
v -11.056239 5.458737 5.260459
v -11.106595 5.458737 5.263326
v -11.156955 5.458737 5.260540
v -11.206688 5.458737 5.252136
v -11.267147 5.458737 5.233849
v -11.324450 5.458737 5.207277
v -11.377468 5.458737 5.172944
v -11.425156 5.458737 5.131524
v -11.466575 5.458737 5.083836
v -11.500909 5.458737 5.030818
v -11.527481 5.458737 4.973515
v -11.545768 5.458737 4.913056
v -11.553812 5.458737 4.866445
v -11.556919 5.458737 4.819248
v -11.555055 5.458737 4.771985
v -11.548240 5.458737 4.725179
v -11.536550 5.458737 4.679347
v -11.520114 5.458737 4.634995
v -11.499113 5.458737 4.592614
v -11.473780 5.458737 4.552670
v -11.444394 5.458737 4.515607
v -11.411280 5.458737 4.481833
v -11.374804 5.458737 4.451721
v -11.335368 5.458737 4.425604
v -11.293409 5.458737 4.403771
v -11.249391 5.458737 4.386462
v -11.203798 5.458737 4.373870
v -11.157136 5.458737 4.366133
v -11.109919 5.458737 4.363336
v -11.062669 5.458737 4.365511
v -11.015909 5.458737 4.372634
v -10.970155 5.458737 4.384625
v -10.925912 5.458737 4.401353
v -10.883670 5.458737 4.422632
v -10.843894 5.458737 4.448227
v -10.807025 5.458737 4.477857
v -10.773469 5.458737 4.511192
v -10.743598 5.458737 4.547866
v -10.717741 5.458737 4.587472
v -10.696184 5.458737 4.629574
v -10.679166 5.458737 4.673706
v -10.666874 5.458737 4.719380
v -10.659444 5.458737 4.766092
v -9.766958 5.458737 5.168326
v -9.772927 5.458737 5.215577
v -9.790460 5.458737 5.259860
v -9.818454 5.458737 5.298390
v -9.855151 5.458737 5.328749
v -9.898245 5.458737 5.349027
v -9.945028 5.458737 5.357951
v -9.992560 5.458737 5.354961
v -10.037856 5.458737 5.340244
v -10.078069 5.458737 5.314724
v -10.110671 5.458737 5.280006
v -10.133616 5.458737 5.238270
v -10.145460 5.458737 5.192140
v -10.145460 5.458737 5.144513
v -10.133616 5.458737 5.098383
v -10.110671 5.458737 5.056647
v -10.078069 5.458737 5.021929
v -10.037856 5.458737 4.996409
v -9.992560 5.458737 4.981692
v -9.945028 5.458737 4.978701
v -9.898245 5.458737 4.987626
v -9.855151 5.458737 5.007904
v -9.818454 5.458737 5.038262
v -9.790460 5.458737 5.076793
v -9.772927 5.458737 5.121075
v -8.431958 5.458737 5.393326
v -9.481958 5.458737 5.393326
v -9.481958 5.458737 4.943326
v -8.431958 5.458737 4.943326
v -11.036958 5.458737 3.958326
v -11.042751 5.458737 4.002326
v -11.059734 5.458737 4.043326
v -11.086750 5.458737 4.078535
v -11.121958 5.458737 4.105551
v -11.162959 5.458737 4.122534
v -11.206958 5.458737 4.128326
v -11.250957 5.458737 4.122534
v -11.291958 5.458737 4.105551
v -11.327166 5.458737 4.078535
v -11.354182 5.458737 4.043326
v -11.371165 5.458737 4.002326
v -11.376958 5.458737 3.958326
v -11.371165 5.458737 3.914327
v -11.354182 5.458737 3.873326
v -11.327166 5.458737 3.838118
v -11.291958 5.458737 3.811102
v -11.250957 5.458737 3.794119
v -11.206958 5.458737 3.788326
v -11.162959 5.458737 3.794119
v -11.121958 5.458737 3.811102
v -11.086750 5.458737 3.838118
v -11.059734 5.458737 3.873326
v -11.042751 5.458737 3.914327
v -7.766958 5.458737 5.168326
v -7.772927 5.458737 5.215577
v -7.790460 5.458737 5.259860
v -7.818454 5.458737 5.298390
v -7.855151 5.458737 5.328749
v -7.898245 5.458737 5.349027
v -7.945028 5.458737 5.357951
v -7.992560 5.458737 5.354961
v -8.037856 5.458737 5.340244
v -8.078069 5.458737 5.314724
v -8.110671 5.458737 5.280006
v -8.133616 5.458737 5.238270
v -8.145460 5.458737 5.192140
v -8.145460 5.458737 5.144513
v -8.133616 5.458737 5.098383
v -8.110671 5.458737 5.056647
v -8.078069 5.458737 5.021929
v -8.037856 5.458737 4.996409
v -7.992560 5.458737 4.981692
v -7.945028 5.458737 4.978701
v -7.898245 5.458737 4.987626
v -7.855151 5.458737 5.007904
v -7.818454 5.458737 5.038262
v -7.790460 5.458737 5.076793
v -7.772927 5.458737 5.121075
v -6.366958 5.458737 4.913326
v -6.246958 5.458737 4.913326
v -6.250893 5.458737 4.973368
v -6.262632 5.458737 5.032383
v -6.281973 5.458737 5.089361
v -6.308586 5.458737 5.143326
v -6.342015 5.458737 5.193357
v -6.381689 5.458737 5.238596
v -6.426928 5.458737 5.278269
v -6.476958 5.458737 5.311698
v -6.530924 5.458737 5.338311
v -6.587901 5.458737 5.357652
v -6.646916 5.458737 5.369391
v -6.706958 5.458737 5.373326
v -6.706958 5.458737 5.253326
v -6.662579 5.458737 5.250418
v -6.618960 5.458737 5.241741
v -6.576846 5.458737 5.227445
v -6.536958 5.458737 5.207775
v -6.499979 5.458737 5.183067
v -6.466542 5.458737 5.153743
v -6.437218 5.458737 5.120305
v -6.412509 5.458737 5.083326
v -6.392839 5.458737 5.043439
v -6.378543 5.458737 5.001325
v -6.369867 5.458737 4.957705
v -6.356958 5.458737 4.813326
v -6.357660 5.458737 4.838454
v -6.359764 5.458737 4.863504
v -6.363264 5.458737 4.888397
v -6.368148 5.458737 4.913056
v -6.386435 5.458737 4.973515
v -6.413007 5.458737 5.030818
v -6.447341 5.458737 5.083836
v -6.488760 5.458737 5.131524
v -6.536448 5.458737 5.172944
v -6.589466 5.458737 5.207277
v -6.646769 5.458737 5.233849
v -6.707229 5.458737 5.252136
v -6.775829 5.458737 5.262248
v -6.845169 5.458737 5.261701
v -6.913601 5.458737 5.250507
v -6.979501 5.458737 5.228933
v -7.041304 5.458737 5.197490
v -7.097543 5.458737 5.156925
v -7.146882 5.458737 5.108202
v -7.188150 5.458737 5.052477
v -7.220366 5.458737 4.991073
v -7.242766 5.458737 4.925449
v -7.254818 5.458737 4.857163
v -7.256235 5.458737 4.787836
v -7.246985 5.458737 4.719113
v -7.227287 5.458737 4.652628
v -7.197608 5.458737 4.589959
v -7.158653 5.458737 4.532594
v -7.111347 5.458737 4.481894
v -7.056814 5.458737 4.439064
v -6.996347 5.458737 4.405121
v -6.931384 5.458737 4.380871
v -6.863467 5.458737 4.366889
v -6.794207 5.458737 4.363507
v -6.725251 5.458737 4.370806
v -6.658234 5.458737 4.388613
v -6.594749 5.458737 4.416505
v -6.536303 5.458737 4.453819
v -6.484283 5.458737 4.499669
v -6.439926 5.458737 4.552967
v -6.404283 5.458737 4.612447
v -6.378201 5.458737 4.676697
v -6.362301 5.458737 4.744191
v -6.536958 5.458737 3.958326
v -6.542751 5.458737 4.002326
v -6.559734 5.458737 4.043326
v -6.586750 5.458737 4.078535
v -6.621958 5.458737 4.105551
v -6.662959 5.458737 4.122534
v -6.706958 5.458737 4.128326
v -6.750957 5.458737 4.122534
v -6.791958 5.458737 4.105551
v -6.827166 5.458737 4.078535
v -6.854182 5.458737 4.043326
v -6.871165 5.458737 4.002326
v -6.876958 5.458737 3.958326
v -6.871165 5.458737 3.914327
v -6.854182 5.458737 3.873326
v -6.827166 5.458737 3.838118
v -6.791958 5.458737 3.811102
v -6.750957 5.458737 3.794119
v -6.706958 5.458737 3.788326
v -6.662959 5.458737 3.794119
v -6.621958 5.458737 3.811102
v -6.586750 5.458737 3.838118
v -6.559734 5.458737 3.873326
v -6.542751 5.458737 3.914327
v -10.656958 5.458737 0.513326
v -10.659444 5.458737 0.560561
v -10.666874 5.458737 0.607273
v -10.679166 5.458737 0.652947
v -10.696184 5.458737 0.697079
v -10.717741 5.458737 0.739181
v -10.743598 5.458737 0.778787
v -10.773469 5.458737 0.815461
v -10.807025 5.458737 0.848796
v -10.843894 5.458737 0.878425
v -10.883670 5.458737 0.904021
v -10.925912 5.458737 0.925300
v -10.970155 5.458737 0.942028
v -11.015909 5.458737 0.954019
v -11.062669 5.458737 0.961142
v -11.109919 5.458737 0.963317
v -11.157136 5.458737 0.960520
v -11.203798 5.458737 0.952783
v -11.249391 5.458737 0.940191
v -11.293409 5.458737 0.922882
v -11.335368 5.458737 0.901049
v -11.374804 5.458737 0.874932
v -11.411280 5.458737 0.844820
v -11.444394 5.458737 0.811046
v -11.473780 5.458737 0.773982
v -11.499113 5.458737 0.734039
v -11.520114 5.458737 0.691657
v -11.536550 5.458737 0.647306
v -11.548240 5.458737 0.601473
v -11.555055 5.458737 0.554667
v -11.556919 5.458737 0.507405
v -11.553812 5.458737 0.460207
v -11.545768 5.458737 0.413597
v -11.527481 5.458737 0.353138
v -11.500909 5.458737 0.295835
v -11.466575 5.458737 0.242817
v -11.425156 5.458737 0.195128
v -11.377468 5.458737 0.153709
v -11.324450 5.458737 0.119375
v -11.267147 5.458737 0.092803
v -11.206688 5.458737 0.074517
v -11.156955 5.458737 0.066112
v -11.106595 5.458737 0.063327
v -11.056239 5.458737 0.066194
v -11.006520 5.458737 0.074678
v -10.958063 5.458737 0.088673
v -10.911477 5.458737 0.108003
v -10.867346 5.458737 0.132425
v -10.826225 5.458737 0.161632
v -10.788632 5.458737 0.195257
v -10.755037 5.458737 0.232878
v -10.725863 5.458737 0.274022
v -10.701477 5.458737 0.318172
v -10.682185 5.458737 0.364774
v -10.668229 5.458737 0.413243
v -10.659785 5.458737 0.462968
v -11.546958 5.458737 0.413326
v -11.666958 5.458737 0.413326
v -11.663023 5.458737 0.353284
v -11.651284 5.458737 0.294270
v -11.631943 5.458737 0.237292
v -11.605330 5.458737 0.183326
v -11.571901 5.458737 0.133296
v -11.532227 5.458737 0.088057
v -11.486988 5.458737 0.048384
v -11.436958 5.458737 0.014955
v -11.382992 5.458737 -0.011658
v -11.326015 5.458737 -0.030999
v -11.267000 5.458737 -0.042738
v -11.206958 5.458737 -0.046674
v -11.206958 5.458737 0.073326
v -11.251337 5.458737 0.076235
v -11.294956 5.458737 0.084912
v -11.337070 5.458737 0.099207
v -11.376958 5.458737 0.118878
v -11.413937 5.458737 0.143586
v -11.447374 5.458737 0.172910
v -11.476698 5.458737 0.206348
v -11.501407 5.458737 0.243326
v -11.521077 5.458737 0.283214
v -11.535373 5.458737 0.325328
v -11.544049 5.458737 0.368947
v -6.356958 5.458737 0.513326
v -6.362301 5.458737 0.582462
v -6.378201 5.458737 0.649956
v -6.404283 5.458737 0.714206
v -6.439926 5.458737 0.773686
v -6.484283 5.458737 0.826984
v -6.536303 5.458737 0.872834
v -6.594749 5.458737 0.910148
v -6.658234 5.458737 0.938040
v -6.725251 5.458737 0.955846
v -6.794207 5.458737 0.963146
v -6.863467 5.458737 0.959764
v -6.931384 5.458737 0.945782
v -6.996347 5.458737 0.921532
v -7.056814 5.458737 0.887589
v -7.111347 5.458737 0.844759
v -7.158653 5.458737 0.794059
v -7.197608 5.458737 0.736694
v -7.227287 5.458737 0.674024
v -7.246985 5.458737 0.607539
v -7.256235 5.458737 0.538817
v -7.254818 5.458737 0.469490
v -7.242766 5.458737 0.401203
v -7.220366 5.458737 0.335579
v -7.188150 5.458737 0.274176
v -7.146882 5.458737 0.218451
v -7.097543 5.458737 0.169727
v -7.041304 5.458737 0.129163
v -6.979501 5.458737 0.097720
v -6.913601 5.458737 0.076145
v -6.845169 5.458737 0.064952
v -6.775829 5.458737 0.064404
v -6.707229 5.458737 0.074517
v -6.646769 5.458737 0.092803
v -6.589466 5.458737 0.119375
v -6.536448 5.458737 0.153709
v -6.488760 5.458737 0.195128
v -6.447341 5.458737 0.242817
v -6.413007 5.458737 0.295835
v -6.386435 5.458737 0.353138
v -6.368148 5.458737 0.413597
v -6.359764 5.458737 0.463149
v -6.706958 5.458737 0.073326
v -6.706958 5.458737 -0.046674
v -6.646916 5.458737 -0.042738
v -6.587901 5.458737 -0.030999
v -6.530924 5.458737 -0.011658
v -6.476958 5.458737 0.014955
v -6.426928 5.458737 0.048384
v -6.381689 5.458737 0.088057
v -6.342015 5.458737 0.133296
v -6.308586 5.458737 0.183326
v -6.281973 5.458737 0.237292
v -6.262632 5.458737 0.294270
v -6.250893 5.458737 0.353284
v -6.246958 5.458737 0.413326
v -6.366958 5.458737 0.413326
v -6.369867 5.458737 0.368947
v -6.378543 5.458737 0.325328
v -6.392839 5.458737 0.283214
v -6.412509 5.458737 0.243326
v -6.437218 5.458737 0.206348
v -6.466542 5.458737 0.172910
v -6.499979 5.458737 0.143586
v -6.536958 5.458737 0.118878
v -6.576846 5.458737 0.099207
v -6.618960 5.458737 0.084912
v -6.662579 5.458737 0.076235
v -7.211958 5.279737 1.363326
v -7.217770 5.279737 1.315463
v -7.234867 5.279737 1.270382
v -7.262256 5.279737 1.230702
v -7.298345 5.279737 1.198730
v -7.341037 5.279737 1.176323
v -7.387851 5.279737 1.164785
v -7.436065 5.279737 1.164785
v -7.482879 5.279737 1.176323
v -7.525571 5.279737 1.198730
v -7.561660 5.279737 1.230702
v -7.589049 5.279737 1.270382
v -7.606146 5.279737 1.315463
v -7.611958 5.279737 1.363326
v -7.606146 5.279737 1.411190
v -7.589049 5.279737 1.456271
v -7.561660 5.279737 1.495951
v -7.525571 5.279737 1.527923
v -7.482879 5.279737 1.550330
v -7.436065 5.279737 1.561868
v -7.387851 5.279737 1.561868
v -7.341037 5.279737 1.550330
v -7.298345 5.279737 1.527923
v -7.262256 5.279737 1.495951
v -7.234867 5.279737 1.456271
v -7.217770 5.279737 1.411190
v -7.211958 5.279737 0.563326
v -7.217770 5.279737 0.515463
v -7.234867 5.279737 0.470382
v -7.262256 5.279737 0.430702
v -7.298345 5.279737 0.398730
v -7.341037 5.279737 0.376323
v -7.387851 5.279737 0.364785
v -7.436065 5.279737 0.364785
v -7.482879 5.279737 0.376323
v -7.525571 5.279737 0.398730
v -7.561660 5.279737 0.430702
v -7.589049 5.279737 0.470382
v -7.606146 5.279737 0.515463
v -7.611958 5.279737 0.563326
v -7.606146 5.279737 0.611190
v -7.589049 5.279737 0.656271
v -7.561660 5.279737 0.695951
v -7.525571 5.279737 0.727923
v -7.482879 5.279737 0.750330
v -7.436065 5.279737 0.761868
v -7.387851 5.279737 0.761868
v -7.341037 5.279737 0.750330
v -7.298345 5.279737 0.727923
v -7.262256 5.279737 0.695951
v -7.234867 5.279737 0.656271
v -7.217770 5.279737 0.611190
v -11.206958 6.158737 5.253326
v -11.206958 6.158737 5.373326
v -11.251337 6.158737 5.250418
v -11.267000 6.158737 5.369391
v -11.294956 6.158737 5.241741
v -11.326015 6.158737 5.357652
v -11.337070 6.158737 5.227445
v -11.382992 6.158737 5.338311
v -11.376958 6.158737 5.207775
v -11.436958 6.158737 5.311698
v -11.413937 6.158737 5.183067
v -11.486988 6.158737 5.278269
v -11.447374 6.158737 5.153743
v -11.532227 6.158737 5.238596
v -11.476698 6.158737 5.120305
v -11.571901 6.158737 5.193357
v -11.501407 6.158737 5.083326
v -11.605330 6.158737 5.143326
v -11.521077 6.158737 5.043439
v -11.631943 6.158737 5.089361
v -11.535373 6.158737 5.001325
v -11.651284 6.158737 5.032383
v -11.544049 6.158737 4.957705
v -11.663023 6.158737 4.973368
v -11.546958 6.158737 4.913326
v -11.666958 6.158737 4.913326
v -10.656958 5.958737 4.813326
v -10.663095 5.958737 4.887394
v -10.681340 5.958737 4.959441
v -10.711195 5.958737 5.027503
v -10.751845 5.958737 5.089722
v -10.802181 5.958737 5.144402
v -10.860831 5.958737 5.190051
v -10.926195 5.958737 5.225424
v -10.996490 5.958737 5.249557
v -11.069797 5.958737 5.261789
v -11.144119 5.958737 5.261789
v -11.217426 5.958737 5.249557
v -11.287721 5.958737 5.225424
v -11.353085 5.958737 5.190051
v -11.411735 5.958737 5.144402
v -11.462071 5.958737 5.089722
v -11.502721 5.958737 5.027503
v -11.532576 5.958737 4.959441
v -11.550821 5.958737 4.887394
v -11.556958 5.958737 4.813326
v -11.550821 5.958737 4.739259
v -11.532576 5.958737 4.667212
v -11.502721 5.958737 4.599150
v -11.462071 5.958737 4.536931
v -11.411735 5.958737 4.482251
v -11.353085 5.958737 4.436601
v -11.287721 5.958737 4.401228
v -11.217426 5.958737 4.377096
v -11.144119 5.958737 4.364863
v -11.069797 5.958737 4.364863
v -10.996490 5.958737 4.377096
v -10.926195 5.958737 4.401228
v -10.860831 5.958737 4.436601
v -10.802181 5.958737 4.482251
v -10.751845 5.958737 4.536931
v -10.711195 5.958737 4.599150
v -10.681340 5.958737 4.667212
v -10.663095 5.958737 4.739259
v -9.766958 5.138737 5.168326
v -9.772927 5.138737 5.215577
v -9.790460 5.138737 5.259860
v -9.818454 5.138737 5.298390
v -9.855151 5.138737 5.328749
v -9.898245 5.138737 5.349027
v -9.945028 5.138737 5.357951
v -9.992560 5.138737 5.354961
v -10.037856 5.138737 5.340244
v -10.078069 5.138737 5.314724
v -10.110671 5.138737 5.280006
v -10.133616 5.138737 5.238270
v -10.145460 5.138737 5.192140
v -10.145460 5.138737 5.144513
v -10.133616 5.138737 5.098383
v -10.110671 5.138737 5.056647
v -10.078069 5.138737 5.021929
v -10.037856 5.138737 4.996409
v -9.992560 5.138737 4.981692
v -9.945028 5.138737 4.978701
v -9.898245 5.138737 4.987626
v -9.855151 5.138737 5.007904
v -9.818454 5.138737 5.038262
v -9.790460 5.138737 5.076793
v -9.772927 5.138737 5.121075
v -9.481958 5.298737 5.393326
v -8.431958 5.298737 5.393326
v -8.431958 5.298737 4.943326
v -9.481958 5.298737 4.943326
v -7.766958 5.138737 5.168326
v -7.772927 5.138737 5.215577
v -7.790460 5.138737 5.259860
v -7.818454 5.138737 5.298390
v -7.855151 5.138737 5.328749
v -7.898245 5.138737 5.349027
v -7.945028 5.138737 5.357951
v -7.992560 5.138737 5.354961
v -8.037856 5.138737 5.340244
v -8.078069 5.138737 5.314724
v -8.110671 5.138737 5.280006
v -8.133616 5.138737 5.238270
v -8.145460 5.138737 5.192140
v -8.145460 5.138737 5.144513
v -8.133616 5.138737 5.098383
v -8.110671 5.138737 5.056647
v -8.078069 5.138737 5.021929
v -8.037856 5.138737 4.996409
v -7.992560 5.138737 4.981692
v -7.945028 5.138737 4.978701
v -7.898245 5.138737 4.987626
v -7.855151 5.138737 5.007904
v -7.818454 5.138737 5.038262
v -7.790460 5.138737 5.076793
v -7.772927 5.138737 5.121075
v -6.366958 6.158737 4.913326
v -6.246958 6.158737 4.913326
v -6.369867 6.158737 4.957705
v -6.250893 6.158737 4.973368
v -6.378543 6.158737 5.001325
v -6.262632 6.158737 5.032383
v -6.392839 6.158737 5.043439
v -6.281973 6.158737 5.089361
v -6.412509 6.158737 5.083326
v -6.308586 6.158737 5.143326
v -6.437218 6.158737 5.120305
v -6.342015 6.158737 5.193357
v -6.466542 6.158737 5.153743
v -6.381689 6.158737 5.238596
v -6.499979 6.158737 5.183067
v -6.426928 6.158737 5.278269
v -6.536958 6.158737 5.207775
v -6.476958 6.158737 5.311698
v -6.576846 6.158737 5.227445
v -6.530924 6.158737 5.338311
v -6.618960 6.158737 5.241741
v -6.587901 6.158737 5.357652
v -6.662579 6.158737 5.250418
v -6.646916 6.158737 5.369391
v -6.706958 6.158737 5.253326
v -6.706958 6.158737 5.373326
v -6.356958 5.958737 4.813326
v -6.363095 5.958737 4.887394
v -6.381340 5.958737 4.959441
v -6.411195 5.958737 5.027503
v -6.451845 5.958737 5.089722
v -6.502181 5.958737 5.144402
v -6.560831 5.958737 5.190051
v -6.626195 5.958737 5.225424
v -6.696490 5.958737 5.249557
v -6.769797 5.958737 5.261789
v -6.844119 5.958737 5.261789
v -6.917426 5.958737 5.249557
v -6.987721 5.958737 5.225424
v -7.053085 5.958737 5.190051
v -7.111735 5.958737 5.144402
v -7.162071 5.958737 5.089722
v -7.202721 5.958737 5.027503
v -7.232576 5.958737 4.959441
v -7.250821 5.958737 4.887394
v -7.256958 5.958737 4.813326
v -7.250821 5.958737 4.739259
v -7.232576 5.958737 4.667212
v -7.202721 5.958737 4.599150
v -7.162071 5.958737 4.536931
v -7.111735 5.958737 4.482251
v -7.053085 5.958737 4.436601
v -6.987721 5.958737 4.401228
v -6.917426 5.958737 4.377096
v -6.844119 5.958737 4.364863
v -6.769797 5.958737 4.364863
v -6.696490 5.958737 4.377096
v -6.626195 5.958737 4.401228
v -6.560831 5.958737 4.436601
v -6.502181 5.958737 4.482251
v -6.451845 5.958737 4.536931
v -6.411195 5.958737 4.599150
v -6.381340 5.958737 4.667212
v -6.363095 5.958737 4.739259
v -10.656958 5.958737 0.513326
v -10.663095 5.958737 0.587394
v -10.681340 5.958737 0.659441
v -10.711195 5.958737 0.727503
v -10.751845 5.958737 0.789722
v -10.802181 5.958737 0.844402
v -10.860831 5.958737 0.890051
v -10.926195 5.958737 0.925424
v -10.996490 5.958737 0.949557
v -11.069797 5.958737 0.961789
v -11.144119 5.958737 0.961789
v -11.217426 5.958737 0.949557
v -11.287721 5.958737 0.925424
v -11.353085 5.958737 0.890051
v -11.411735 5.958737 0.844402
v -11.462071 5.958737 0.789722
v -11.502721 5.958737 0.727503
v -11.532576 5.958737 0.659441
v -11.550821 5.958737 0.587394
v -11.556958 5.958737 0.513326
v -11.550821 5.958737 0.439259
v -11.532576 5.958737 0.367212
v -11.502721 5.958737 0.299150
v -11.462071 5.958737 0.236931
v -11.411735 5.958737 0.182251
v -11.353085 5.958737 0.136601
v -11.287721 5.958737 0.101228
v -11.217426 5.958737 0.077096
v -11.144119 5.958737 0.064863
v -11.069797 5.958737 0.064863
v -10.996490 5.958737 0.077096
v -10.926195 5.958737 0.101228
v -10.860831 5.958737 0.136601
v -10.802181 5.958737 0.182251
v -10.751845 5.958737 0.236931
v -10.711195 5.958737 0.299150
v -10.681340 5.958737 0.367212
v -10.663095 5.958737 0.439259
v -11.546958 6.158737 0.413326
v -11.666958 6.158737 0.413326
v -11.544049 6.158737 0.368947
v -11.663023 6.158737 0.353284
v -11.535373 6.158737 0.325328
v -11.651284 6.158737 0.294270
v -11.521077 6.158737 0.283214
v -11.631943 6.158737 0.237292
v -11.501407 6.158737 0.243326
v -11.605330 6.158737 0.183326
v -11.476698 6.158737 0.206348
v -11.571901 6.158737 0.133296
v -11.447374 6.158737 0.172910
v -11.532227 6.158737 0.088057
v -11.413937 6.158737 0.143586
v -11.486988 6.158737 0.048384
v -11.376958 6.158737 0.118878
v -11.436958 6.158737 0.014955
v -11.337070 6.158737 0.099207
v -11.382992 6.158737 -0.011658
v -11.294956 6.158737 0.084912
v -11.326015 6.158737 -0.030999
v -11.251337 6.158737 0.076235
v -11.267000 6.158737 -0.042738
v -11.206958 6.158737 0.073326
v -11.206958 6.158737 -0.046674
v -6.356958 5.958737 0.513326
v -6.363095 5.958737 0.587394
v -6.381340 5.958737 0.659441
v -6.411195 5.958737 0.727503
v -6.451845 5.958737 0.789722
v -6.502181 5.958737 0.844402
v -6.560831 5.958737 0.890051
v -6.626195 5.958737 0.925424
v -6.696490 5.958737 0.949557
v -6.769797 5.958737 0.961789
v -6.844119 5.958737 0.961789
v -6.917426 5.958737 0.949557
v -6.987721 5.958737 0.925424
v -7.053085 5.958737 0.890051
v -7.111735 5.958737 0.844402
v -7.162071 5.958737 0.789722
v -7.202721 5.958737 0.727503
v -7.232576 5.958737 0.659441
v -7.250821 5.958737 0.587394
v -7.256958 5.958737 0.513326
v -7.250821 5.958737 0.439259
v -7.232576 5.958737 0.367212
v -7.202721 5.958737 0.299150
v -7.162071 5.958737 0.236931
v -7.111735 5.958737 0.182251
v -7.053085 5.958737 0.136601
v -6.987721 5.958737 0.101228
v -6.917426 5.958737 0.077096
v -6.844119 5.958737 0.064863
v -6.769797 5.958737 0.064863
v -6.696490 5.958737 0.077096
v -6.626195 5.958737 0.101228
v -6.560831 5.958737 0.136601
v -6.502181 5.958737 0.182251
v -6.451845 5.958737 0.236931
v -6.411195 5.958737 0.299150
v -6.381340 5.958737 0.367212
v -6.363095 5.958737 0.439259
v -6.706958 6.158737 0.073326
v -6.706958 6.158737 -0.046674
v -6.662579 6.158737 0.076235
v -6.646916 6.158737 -0.042738
v -6.618960 6.158737 0.084912
v -6.587901 6.158737 -0.030999
v -6.576846 6.158737 0.099207
v -6.530924 6.158737 -0.011658
v -6.536958 6.158737 0.118878
v -6.476958 6.158737 0.014955
v -6.499979 6.158737 0.143586
v -6.426928 6.158737 0.048384
v -6.466542 6.158737 0.172910
v -6.381689 6.158737 0.088057
v -6.437218 6.158737 0.206348
v -6.342015 6.158737 0.133296
v -6.412509 6.158737 0.243326
v -6.308586 6.158737 0.183326
v -6.392839 6.158737 0.283214
v -6.281973 6.158737 0.237292
v -6.378543 6.158737 0.325328
v -6.262632 6.158737 0.294270
v -6.369867 6.158737 0.368947
v -6.250893 6.158737 0.353284
v -6.366958 6.158737 0.413326
v -6.246958 6.158737 0.413326
v -10.906958 5.958737 4.813326
v -10.912770 5.958737 4.861190
v -10.929867 5.958737 4.906271
v -10.957256 5.958737 4.945951
v -10.993345 5.958737 4.977923
v -11.036037 5.958737 5.000330
v -11.082851 5.958737 5.011868
v -11.131065 5.958737 5.011868
v -11.177879 5.958737 5.000330
v -11.220571 5.958737 4.977923
v -11.256660 5.958737 4.945951
v -11.284049 5.958737 4.906271
v -11.301146 5.958737 4.861190
v -11.306958 5.958737 4.813326
v -11.301146 5.958737 4.765463
v -11.284049 5.958737 4.720382
v -11.256660 5.958737 4.680702
v -11.220571 5.958737 4.648730
v -11.177879 5.958737 4.626323
v -11.131065 5.958737 4.614785
v -11.082851 5.958737 4.614785
v -11.036037 5.958737 4.626323
v -10.993345 5.958737 4.648730
v -10.957256 5.958737 4.680702
v -10.929867 5.958737 4.720382
v -10.912770 5.958737 4.765463
v -6.606958 5.958737 4.813326
v -6.612770 5.958737 4.861190
v -6.629867 5.958737 4.906271
v -6.657256 5.958737 4.945951
v -6.693345 5.958737 4.977923
v -6.736037 5.958737 5.000330
v -6.782851 5.958737 5.011868
v -6.831065 5.958737 5.011868
v -6.877879 5.958737 5.000330
v -6.920571 5.958737 4.977923
v -6.956660 5.958737 4.945951
v -6.984049 5.958737 4.906271
v -7.001146 5.958737 4.861190
v -7.006958 5.958737 4.813326
v -7.001146 5.958737 4.765463
v -6.984049 5.958737 4.720382
v -6.956660 5.958737 4.680702
v -6.920571 5.958737 4.648730
v -6.877879 5.958737 4.626323
v -6.831065 5.958737 4.614785
v -6.782851 5.958737 4.614785
v -6.736037 5.958737 4.626323
v -6.693345 5.958737 4.648730
v -6.657256 5.958737 4.680702
v -6.629867 5.958737 4.720382
v -6.612770 5.958737 4.765463
v -10.906958 5.958737 0.513326
v -10.912770 5.958737 0.561190
v -10.929867 5.958737 0.606271
v -10.957256 5.958737 0.645951
v -10.993345 5.958737 0.677923
v -11.036037 5.958737 0.700330
v -11.082851 5.958737 0.711868
v -11.131065 5.958737 0.711868
v -11.177879 5.958737 0.700330
v -11.220571 5.958737 0.677923
v -11.256660 5.958737 0.645951
v -11.284049 5.958737 0.606271
v -11.301146 5.958737 0.561190
v -11.306958 5.958737 0.513326
v -11.301146 5.958737 0.465463
v -11.284049 5.958737 0.420382
v -11.256660 5.958737 0.380702
v -11.220571 5.958737 0.348730
v -11.177879 5.958737 0.326323
v -11.131065 5.958737 0.314785
v -11.082851 5.958737 0.314785
v -11.036037 5.958737 0.326323
v -10.993345 5.958737 0.348730
v -10.957256 5.958737 0.380702
v -10.929867 5.958737 0.420382
v -10.912770 5.958737 0.465463
v -6.606958 5.958737 0.513326
v -6.612770 5.958737 0.561190
v -6.629867 5.958737 0.606271
v -6.657256 5.958737 0.645951
v -6.693345 5.958737 0.677923
v -6.736037 5.958737 0.700330
v -6.782851 5.958737 0.711868
v -6.831065 5.958737 0.711868
v -6.877879 5.958737 0.700330
v -6.920571 5.958737 0.677923
v -6.956660 5.958737 0.645951
v -6.984049 5.958737 0.606271
v -7.001146 5.958737 0.561190
v -7.006958 5.958737 0.513326
v -7.001146 5.958737 0.465463
v -6.984049 5.958737 0.420382
v -6.956660 5.958737 0.380702
v -6.920571 5.958737 0.348730
v -6.877879 5.958737 0.326323
v -6.831065 5.958737 0.314785
v -6.782851 5.958737 0.314785
v -6.736037 5.958737 0.326323
v -6.693345 5.958737 0.348730
v -6.657256 5.958737 0.380702
v -6.629867 5.958737 0.420382
v -6.612770 5.958737 0.465463
v -10.906958 5.637737 4.813326
v -10.912770 5.637737 4.861190
v -10.929867 5.637737 4.906271
v -10.957256 5.637737 4.945951
v -10.993345 5.637737 4.977923
v -11.036037 5.637737 5.000330
v -11.082851 5.637737 5.011868
v -11.131065 5.637737 5.011868
v -11.177879 5.637737 5.000330
v -11.220571 5.637737 4.977923
v -11.256660 5.637737 4.945951
v -11.284049 5.637737 4.906271
v -11.301146 5.637737 4.861190
v -11.306958 5.637737 4.813326
v -11.301146 5.637737 4.765463
v -11.284049 5.637737 4.720382
v -11.256660 5.637737 4.680702
v -11.220571 5.637737 4.648730
v -11.177879 5.637737 4.626323
v -11.131065 5.637737 4.614785
v -11.082851 5.637737 4.614785
v -11.036037 5.637737 4.626323
v -10.993345 5.637737 4.648730
v -10.957256 5.637737 4.680702
v -10.929867 5.637737 4.720382
v -10.912770 5.637737 4.765463
v -6.606958 5.637737 4.813326
v -6.612770 5.637737 4.861190
v -6.629867 5.637737 4.906271
v -6.657256 5.637737 4.945951
v -6.693345 5.637737 4.977923
v -6.736037 5.637737 5.000330
v -6.782851 5.637737 5.011868
v -6.831065 5.637737 5.011868
v -6.877879 5.637737 5.000330
v -6.920571 5.637737 4.977923
v -6.956660 5.637737 4.945951
v -6.984049 5.637737 4.906271
v -7.001146 5.637737 4.861190
v -7.006958 5.637737 4.813326
v -7.001146 5.637737 4.765463
v -6.984049 5.637737 4.720382
v -6.956660 5.637737 4.680702
v -6.920571 5.637737 4.648730
v -6.877879 5.637737 4.626323
v -6.831065 5.637737 4.614785
v -6.782851 5.637737 4.614785
v -6.736037 5.637737 4.626323
v -6.693345 5.637737 4.648730
v -6.657256 5.637737 4.680702
v -6.629867 5.637737 4.720382
v -6.612770 5.637737 4.765463
v -10.906958 5.637737 0.513326
v -10.912770 5.637737 0.561190
v -10.929867 5.637737 0.606271
v -10.957256 5.637737 0.645951
v -10.993345 5.637737 0.677923
v -11.036037 5.637737 0.700330
v -11.082851 5.637737 0.711868
v -11.131065 5.637737 0.711868
v -11.177879 5.637737 0.700330
v -11.220571 5.637737 0.677923
v -11.256660 5.637737 0.645951
v -11.284049 5.637737 0.606271
v -11.301146 5.637737 0.561190
v -11.306958 5.637737 0.513326
v -11.301146 5.637737 0.465463
v -11.284049 5.637737 0.420382
v -11.256660 5.637737 0.380702
v -11.220571 5.637737 0.348730
v -11.177879 5.637737 0.326323
v -11.131065 5.637737 0.314785
v -11.082851 5.637737 0.314785
v -11.036037 5.637737 0.326323
v -10.993345 5.637737 0.348730
v -10.957256 5.637737 0.380702
v -10.929867 5.637737 0.420382
v -10.912770 5.637737 0.465463
v -6.606958 5.637737 0.513326
v -6.612770 5.637737 0.561190
v -6.629867 5.637737 0.606271
v -6.657256 5.637737 0.645951
v -6.693345 5.637737 0.677923
v -6.736037 5.637737 0.700330
v -6.782851 5.637737 0.711868
v -6.831065 5.637737 0.711868
v -6.877879 5.637737 0.700330
v -6.920571 5.637737 0.677923
v -6.956660 5.637737 0.645951
v -6.984049 5.637737 0.606271
v -7.001146 5.637737 0.561190
v -7.006958 5.637737 0.513326
v -7.001146 5.637737 0.465463
v -6.984049 5.637737 0.420382
v -6.956660 5.637737 0.380702
v -6.920571 5.637737 0.348730
v -6.877879 5.637737 0.326323
v -6.831065 5.637737 0.314785
v -6.782851 5.637737 0.314785
v -6.736037 5.637737 0.326323
v -6.693345 5.637737 0.348730
v -6.657256 5.637737 0.380702
v -6.629867 5.637737 0.420382
v -6.612770 5.637737 0.465463
vt -0.000000 0.000000 0.000000
vt -5.700000 0.000000 0.000000
vt -0.000000 -0.500000 0.000000
vt -5.700000 -0.500000 0.000000
vt 0.500000 -1.570796 0.000000
vt -0.000000 -1.570796 0.000000
vt 0.500000 -1.649336 0.000000
vt 0.000000 -1.649336 0.000000
vt 0.500000 -1.727876 0.000000
vt 0.000000 -1.727876 0.000000
vt 0.500000 -1.806416 0.000000
vt 0.000000 -1.806416 0.000000
vt 0.500000 -1.884956 0.000000
vt 0.000000 -1.884956 0.000000
vt 0.500000 -1.963495 0.000000
vt 0.000000 -1.963495 0.000000
vt 0.500000 -2.042035 0.000000
vt 0.000000 -2.042035 0.000000
vt 0.500000 -2.120575 0.000000
vt 0.000000 -2.120575 0.000000
vt 0.500000 -2.199115 0.000000
vt 0.000000 -2.199115 0.000000
vt 0.500000 -2.277655 0.000000
vt 0.000000 -2.277655 0.000000
vt 0.500000 -2.356194 0.000000
vt 0.000000 -2.356194 0.000000
vt 0.500000 0.785398 0.000000
vt 0.000000 0.785398 0.000000
vt 0.500000 0.706858 0.000000
vt 0.000000 0.706858 0.000000
vt 0.500000 0.628319 0.000000
vt 0.000000 0.628319 0.000000
vt 0.500000 0.549779 0.000000
vt 0.000000 0.549779 0.000000
vt 0.500000 0.471239 0.000000
vt 0.000000 0.471239 0.000000
vt 0.500000 0.392699 0.000000
vt 0.000000 0.392699 0.000000
vt 0.500000 0.314159 0.000000
vt 0.000000 0.314159 0.000000
vt 0.500000 0.235619 0.000000
vt 0.000000 0.235619 0.000000
vt 0.500000 0.157080 0.000000
vt 0.000000 0.157080 0.000000
vt 0.500000 0.078540 0.000000
vt 0.000000 0.078540 0.000000
vt 0.500000 -0.000000 0.000000
vt 0.000000 0.000000 0.000000
vt 2.850000 -3.500000 0.000000
vt -2.129792 -1.510208 0.000000
vt -2.850000 -3.500000 0.000000
vt -2.165000 -1.537224 0.000000
vt -2.206001 -1.554207 0.000000
vt 2.928217 -3.493844 0.000000
vt 3.350000 -3.000000 0.000000
vt 2.293999 -1.554207 0.000000
vt 2.250000 -1.560000 0.000000
vt 3.004508 -3.475528 0.000000
vt 3.076995 -3.445503 0.000000
vt 3.143893 -3.404508 0.000000
vt 3.203553 -3.353553 0.000000
vt 3.254508 -3.293893 0.000000
vt 3.295503 -3.226995 0.000000
vt 3.325528 -3.154508 0.000000
vt 3.343844 -3.078217 0.000000
vt 3.350000 3.000000 0.000000
vt 2.414207 -1.346001 0.000000
vt 2.420000 -1.390000 0.000000
vt 2.414207 -1.433999 0.000000
vt 3.343844 3.078217 0.000000
vt 3.325528 3.154508 0.000000
vt 3.295503 3.226995 0.000000
vt 3.254508 3.293893 0.000000
vt 3.203553 3.353553 0.000000
vt 3.143893 3.404508 0.000000
vt 3.076995 3.445503 0.000000
vt 3.004508 3.475528 0.000000
vt 2.928217 3.493844 0.000000
vt 2.850000 3.500000 0.000000
vt -2.850000 3.500000 0.000000
vt -1.474079 2.192003 0.000000
vt -1.431387 2.169597 0.000000
vt -1.395298 2.137625 0.000000
vt -2.928217 3.493844 0.000000
vt -3.350000 3.000000 0.000000
vt -1.722091 2.097945 0.000000
vt -1.694702 2.137625 0.000000
vt -3.004508 3.475528 0.000000
vt -3.076995 3.445503 0.000000
vt -3.143893 3.404508 0.000000
vt -3.203553 3.353553 0.000000
vt -3.254508 3.293893 0.000000
vt -3.295503 3.226995 0.000000
vt -3.325528 3.154508 0.000000
vt -3.343844 3.078217 0.000000
vt -3.350000 -3.000000 0.000000
vt -2.414207 -1.346001 0.000000
vt -2.397224 -1.305000 0.000000
vt -2.370208 -1.269792 0.000000
vt -3.343844 -3.078217 0.000000
vt -3.325528 -3.154508 0.000000
vt -3.295503 -3.226995 0.000000
vt -3.254508 -3.293893 0.000000
vt -3.203553 -3.353553 0.000000
vt -3.143893 -3.404508 0.000000
vt -3.076995 -3.445503 0.000000
vt -3.004508 -3.475528 0.000000
vt -2.928217 -3.493844 0.000000
vt 2.085793 -1.346001 0.000000
vt -2.085793 -1.346001 0.000000
vt 2.080000 -1.390000 0.000000
vt -2.080000 -1.390000 0.000000
vt 2.085793 -1.433999 0.000000
vt -2.085793 -1.433999 0.000000
vt 2.102776 -1.475000 0.000000
vt -2.102776 -1.475000 0.000000
vt 2.129792 -1.510208 0.000000
vt -1.395298 1.072375 0.000000
vt 2.102776 -1.305000 0.000000
vt -1.367909 1.112055 0.000000
vt 2.129792 -1.269792 0.000000
vt -1.350812 1.157137 0.000000
vt 2.165000 -1.242776 0.000000
vt -1.345000 1.205000 0.000000
vt 2.206001 -1.225793 0.000000
vt 2.250000 -1.220000 0.000000
vt 2.293999 -1.225793 0.000000
vt 2.335000 -1.242776 0.000000
vt 2.370208 -1.269792 0.000000
vt 2.397224 -1.305000 0.000000
vt 2.397224 -1.475000 0.000000
vt 2.370208 -1.510208 0.000000
vt 2.335000 -1.537224 0.000000
vt 2.206001 -1.554207 0.000000
vt 2.165000 -1.537224 0.000000
vt -2.414207 -1.433999 0.000000
vt -2.420000 -1.390000 0.000000
vt -2.335000 -1.242776 0.000000
vt -1.722091 1.112055 0.000000
vt -1.739188 1.157137 0.000000
vt -1.745000 1.205000 0.000000
vt -1.739188 1.252863 0.000000
vt -1.694702 1.072375 0.000000
vt -2.293999 -1.225793 0.000000
vt -1.658613 1.040403 0.000000
vt -2.250000 -1.220000 0.000000
vt -1.615921 1.017997 0.000000
vt -2.206001 -1.225793 0.000000
vt -1.569107 1.006458 0.000000
vt -2.165000 -1.242776 0.000000
vt -1.520893 1.006458 0.000000
vt -2.129792 -1.269792 0.000000
vt -1.474079 1.017997 0.000000
vt -2.102776 -1.305000 0.000000
vt -1.431387 1.040403 0.000000
vt -2.250000 -1.560000 0.000000
vt -2.293999 -1.554207 0.000000
vt -2.335000 -1.537224 0.000000
vt -2.370208 -1.510208 0.000000
vt -2.397224 -1.475000 0.000000
vt -1.722091 1.297945 0.000000
vt -1.722091 1.912055 0.000000
vt -1.739188 1.957137 0.000000
vt -1.745000 2.005000 0.000000
vt -1.739188 2.052863 0.000000
vt -1.694702 1.872375 0.000000
vt -1.694702 1.337625 0.000000
vt -1.658613 1.840403 0.000000
vt -1.658613 1.369597 0.000000
vt -1.615921 1.817997 0.000000
vt -1.615921 1.392003 0.000000
vt -1.569107 1.806458 0.000000
vt -1.569107 1.403542 0.000000
vt -1.520893 1.403542 0.000000
vt -1.520893 1.806458 0.000000
vt -1.474079 1.392003 0.000000
vt -1.474079 1.817997 0.000000
vt -1.431387 1.369597 0.000000
vt -1.431387 1.840403 0.000000
vt -1.395298 1.872375 0.000000
vt -1.395298 1.337625 0.000000
vt -1.367909 1.912055 0.000000
vt -1.367909 1.297945 0.000000
vt -1.350812 1.957137 0.000000
vt -1.350812 1.252863 0.000000
vt -1.658613 2.169597 0.000000
vt -1.615921 2.192003 0.000000
vt -1.569107 2.203542 0.000000
vt -1.520893 2.203542 0.000000
vt -1.367909 2.097945 0.000000
vt -1.350812 2.052863 0.000000
vt -1.345000 2.005000 0.000000
vt 2.850000 -3.500000 0.000000
vt -0.525000 -2.825000 0.000000
vt -2.850000 -3.500000 0.000000
vt -0.988070 -2.789625 0.000000
vt -1.035602 -2.786635 0.000000
vt 2.928217 -3.493844 0.000000
vt 2.575269 -2.670269 0.000000
vt 2.530030 -2.709943 0.000000
vt 2.480000 -2.743372 0.000000
vt 3.004508 -3.475528 0.000000
vt 3.076995 -3.445503 0.000000
vt 3.143893 -3.404508 0.000000
vt 3.203553 -3.353553 0.000000
vt 3.254508 -3.293893 0.000000
vt 3.295503 -3.226995 0.000000
vt 3.325528 -3.154508 0.000000
vt 3.343844 -3.078217 0.000000
vt 3.350000 -3.000000 0.000000
vt 3.350000 3.000000 0.000000
vt 2.710000 2.155000 0.000000
vt 2.414207 -1.346001 0.000000
vt 2.420000 -1.390000 0.000000
vt 3.343844 3.078217 0.000000
vt 3.325528 3.154508 0.000000
vt 3.295503 3.226995 0.000000
vt 3.254508 3.293893 0.000000
vt 3.203553 3.353553 0.000000
vt 3.143893 3.404508 0.000000
vt 3.076995 3.445503 0.000000
vt 3.004508 3.475528 0.000000
vt 2.928217 3.493844 0.000000
vt 2.850000 3.500000 0.000000
vt -2.850000 3.500000 0.000000
vt -1.869267 2.406695 0.000000
vt 1.859415 2.398599 0.000000
vt 1.915654 2.439164 0.000000
vt -2.928217 3.493844 0.000000
vt -3.350000 3.000000 0.000000
vt -2.530030 2.519943 0.000000
vt -2.480000 2.553372 0.000000
vt -3.004508 3.475528 0.000000
vt -3.076995 3.445503 0.000000
vt -3.143893 3.404508 0.000000
vt -3.203553 3.353553 0.000000
vt -3.254508 3.293893 0.000000
vt -3.295503 3.226995 0.000000
vt -3.325528 3.154508 0.000000
vt -3.343844 3.078217 0.000000
vt -3.350000 -3.000000 0.000000
vt -2.710000 2.155000 0.000000
vt -2.706065 2.215042 0.000000
vt -2.694326 2.274057 0.000000
vt -3.343844 -3.078217 0.000000
vt -2.575269 -2.670269 0.000000
vt -2.614943 -2.625030 0.000000
vt -2.648372 -2.575000 0.000000
vt -3.325528 -3.154508 0.000000
vt -3.295503 -3.226995 0.000000
vt -3.254508 -3.293893 0.000000
vt -3.203553 -3.353553 0.000000
vt -3.143893 -3.404508 0.000000
vt -3.076995 -3.445503 0.000000
vt -3.004508 -3.475528 0.000000
vt -2.928217 -3.493844 0.000000
vt -2.250000 -2.805000 0.000000
vt -2.199997 -2.692214 0.000000
vt -2.250000 -2.685000 0.000000
vt -2.249729 -2.683810 0.000000
vt -2.294379 -2.682091 0.000000
vt -2.310189 -2.665523 0.000000
vt -2.337998 -2.673415 0.000000
vt -2.367492 -2.638951 0.000000
vt -2.380112 -2.659119 0.000000
vt -2.420000 -2.639449 0.000000
vt -2.420510 -2.604617 0.000000
vt -2.456979 -2.614740 0.000000
vt -2.468198 -2.563198 0.000000
vt -2.490416 -2.585416 0.000000
vt -2.519740 -2.551979 0.000000
vt -2.509617 -2.515510 0.000000
vt -2.544449 -2.515000 0.000000
vt -2.543951 -2.462492 0.000000
vt -2.564119 -2.475112 0.000000
vt -2.578415 -2.432998 0.000000
vt -2.570523 -2.405189 0.000000
vt -2.587091 -2.389379 0.000000
vt -2.588810 -2.344729 0.000000
vt -2.590000 -2.345000 0.000000
vt -2.596854 -2.298119 0.000000
vt -2.710000 -2.345000 0.000000
vt -2.599961 -2.250922 0.000000
vt -2.598097 -2.203659 0.000000
vt -2.310042 -2.801065 0.000000
vt -1.080898 -2.771917 0.000000
vt -2.001105 -2.669653 0.000000
vt -1.121111 -2.746398 0.000000
vt -1.954518 -2.650323 0.000000
vt -1.910388 -2.625902 0.000000
vt -1.153713 -2.711679 0.000000
vt -1.869267 -2.596695 0.000000
vt -1.831673 -2.563070 0.000000
vt -1.176658 -2.669944 0.000000
vt -1.798079 -2.525449 0.000000
vt -1.188502 -2.623813 0.000000
vt -1.768905 -2.484305 0.000000
vt -1.744519 -2.440154 0.000000
vt -1.188502 -2.576187 0.000000
vt -1.725227 -2.393552 0.000000
vt -1.176658 -2.530056 0.000000
vt -1.711271 -2.345084 0.000000
vt -1.702827 -2.295358 0.000000
vt -1.153713 -2.488321 0.000000
vt -1.700000 -2.245000 0.000000
vt -1.121111 -2.453602 0.000000
vt -1.702486 -2.197766 0.000000
vt -1.709916 -2.151054 0.000000
vt -1.080898 -2.428083 0.000000
vt -1.722208 -2.105379 0.000000
vt -1.035602 -2.413365 0.000000
vt -1.739226 -2.061247 0.000000
vt -1.760783 -2.019146 0.000000
vt -0.988070 -2.410375 0.000000
vt -1.786640 -1.979539 0.000000
vt -1.816511 -1.942866 0.000000
vt -2.085793 -1.346001 0.000000
vt -2.080000 -1.390000 0.000000
vt -2.369057 -2.789326 0.000000
vt -2.426034 -2.769985 0.000000
vt -2.480000 -2.743372 0.000000
vt -2.530030 -2.709943 0.000000
vt -2.674985 -2.521034 0.000000
vt -2.694326 -2.464057 0.000000
vt -2.706065 -2.405042 0.000000
vt -2.420000 -1.390000 0.000000
vt -2.414207 -1.346001 0.000000
vt -2.049562 -2.683648 0.000000
vt -2.099281 -2.692133 0.000000
vt -2.149637 -2.695000 0.000000
vt -2.591282 -2.156853 0.000000
vt -2.579592 -2.111021 0.000000
vt -2.563156 -2.066669 0.000000
vt -2.542155 -2.024287 0.000000
vt -2.414207 -1.433999 0.000000
vt -2.516822 -1.984344 0.000000
vt -2.487436 -1.947280 0.000000
vt -2.397224 -1.475000 0.000000
vt -2.454322 -1.913506 0.000000
vt -2.417846 -1.883394 0.000000
vt -2.370208 -1.510208 0.000000
vt -2.378410 -1.857278 0.000000
vt -2.335000 -1.537224 0.000000
vt -2.336451 -1.835444 0.000000
vt -2.293999 -1.554207 0.000000
vt -2.292433 -1.818136 0.000000
vt -2.246840 -1.805544 0.000000
vt -2.250000 -1.560000 0.000000
vt -2.200178 -1.797806 0.000000
vt -2.206001 -1.554207 0.000000
vt -2.152961 -1.795010 0.000000
vt -2.165000 -1.537224 0.000000
vt -2.105711 -1.797185 0.000000
vt -2.058951 -1.804307 0.000000
vt -2.129792 -1.510208 0.000000
vt -2.013197 -1.816299 0.000000
vt -2.102776 -1.475000 0.000000
vt -1.968954 -1.833026 0.000000
vt -2.085793 -1.433999 0.000000
vt -1.926712 -1.854305 0.000000
vt -1.886936 -1.879901 0.000000
vt -1.850067 -1.909530 0.000000
vt -0.815969 -2.647251 0.000000
vt -0.810000 -2.600000 0.000000
vt -0.525000 -2.375000 0.000000
vt -0.815969 -2.552749 0.000000
vt -0.833502 -2.508467 0.000000
vt -0.861496 -2.469936 0.000000
vt -0.898193 -2.439578 0.000000
vt -0.941287 -2.419299 0.000000
vt -0.833502 -2.691533 0.000000
vt -0.861496 -2.730064 0.000000
vt -0.898193 -2.760422 0.000000
vt -0.941287 -2.780701 0.000000
vt 0.525000 -2.825000 0.000000
vt 1.011930 -2.789625 0.000000
vt 0.964398 -2.786635 0.000000
vt 0.525000 -2.375000 0.000000
vt -1.816511 1.752866 0.000000
vt -2.102776 -1.305000 0.000000
vt 0.811498 -2.576187 0.000000
vt 0.823342 -2.530056 0.000000
vt 0.846287 -2.488321 0.000000
vt -2.397224 -1.305000 0.000000
vt -2.542155 1.834287 0.000000
vt -2.563156 1.876669 0.000000
vt -2.579592 1.921021 0.000000
vt -2.591282 1.966853 0.000000
vt -2.370208 -1.269792 0.000000
vt -2.487436 1.757280 0.000000
vt -2.516822 1.794344 0.000000
vt -2.335000 -1.242776 0.000000
vt -2.417846 1.693394 0.000000
vt -2.454322 1.723506 0.000000
vt -2.293999 -1.225793 0.000000
vt -2.336451 1.645444 0.000000
vt -2.378410 1.667278 0.000000
vt -2.250000 -1.220000 0.000000
vt -2.246840 1.615544 0.000000
vt -2.292433 1.628136 0.000000
vt -2.206001 -1.225793 0.000000
vt -2.105711 1.607185 0.000000
vt -2.152961 1.605010 0.000000
vt -2.200178 1.607806 0.000000
vt -2.165000 -1.242776 0.000000
vt -2.013197 1.626299 0.000000
vt -2.058951 1.614307 0.000000
vt -2.129792 -1.269792 0.000000
vt -1.926712 1.664305 0.000000
vt -1.968954 1.643026 0.000000
vt -1.850067 1.719530 0.000000
vt -1.886936 1.689901 0.000000
vt 1.184031 -2.647251 0.000000
vt 1.768808 -2.484151 0.000000
vt 1.190000 -2.600000 0.000000
vt 1.736592 -2.422747 0.000000
vt 1.184031 -2.552749 0.000000
vt 1.714192 -2.357123 0.000000
vt 1.166498 -2.508467 0.000000
vt 1.702140 -2.288836 0.000000
vt 1.138504 -2.469936 0.000000
vt 1.700723 -2.219509 0.000000
vt 1.101807 -2.439578 0.000000
vt 1.709973 -2.150787 0.000000
vt 1.058713 -2.419299 0.000000
vt 1.729671 -2.084302 0.000000
vt 1.759350 -2.021633 0.000000
vt 1.810076 -2.539876 0.000000
vt 1.166498 -2.691533 0.000000
vt 1.859415 -2.588599 0.000000
vt 1.138504 -2.730064 0.000000
vt 1.915654 -2.629164 0.000000
vt 1.977457 -2.660607 0.000000
vt 1.101807 -2.760422 0.000000
vt 2.250000 -2.805000 0.000000
vt 2.310042 -2.801065 0.000000
vt 2.369057 -2.789326 0.000000
vt 2.426034 -2.769985 0.000000
vt 1.058713 -2.780701 0.000000
vt 0.919102 -2.771917 0.000000
vt 0.878889 -2.746398 0.000000
vt 0.846287 -2.711679 0.000000
vt 0.823342 -2.669944 0.000000
vt 0.811498 -2.623813 0.000000
vt 0.878889 -2.453602 0.000000
vt 0.919102 -2.428083 0.000000
vt 0.964398 -2.413365 0.000000
vt 1.011930 -2.410375 0.000000
vt 1.798305 -1.964267 0.000000
vt 2.085793 -1.346001 0.000000
vt 2.102776 -1.305000 0.000000
vt 1.798305 1.774267 0.000000
vt -1.786640 1.789539 0.000000
vt 1.759350 1.831633 0.000000
vt -1.760783 1.829146 0.000000
vt -1.739226 1.871247 0.000000
vt 1.729671 1.894302 0.000000
vt -1.722208 1.915379 0.000000
vt 1.709973 1.960787 0.000000
vt -1.709916 1.961054 0.000000
vt -1.702486 2.007766 0.000000
vt 1.700723 2.029509 0.000000
vt -1.700000 2.055000 0.000000
vt 1.702140 2.098836 0.000000
vt -1.702827 2.105358 0.000000
vt -1.711271 2.155084 0.000000
vt 1.714192 2.167123 0.000000
vt -1.725227 2.203552 0.000000
vt 1.736592 2.232747 0.000000
vt -1.744519 2.250154 0.000000
vt 1.768808 2.294151 0.000000
vt -1.768905 2.294305 0.000000
vt -1.798079 2.335449 0.000000
vt 1.810076 2.349876 0.000000
vt -1.831673 2.373070 0.000000
vt 2.710000 -2.345000 0.000000
vt 2.593694 -2.320071 0.000000
vt 2.590000 -2.345000 0.000000
vt 2.588810 -2.344729 0.000000
vt 2.587091 -2.389379 0.000000
vt 2.570523 -2.405189 0.000000
vt 2.578415 -2.432998 0.000000
vt 2.543951 -2.462492 0.000000
vt 2.564119 -2.475112 0.000000
vt 2.544449 -2.515000 0.000000
vt 2.509617 -2.515510 0.000000
vt 2.519740 -2.551979 0.000000
vt 2.468198 -2.563198 0.000000
vt 2.490416 -2.585416 0.000000
vt 2.456979 -2.614740 0.000000
vt 2.420510 -2.604617 0.000000
vt 2.420000 -2.639449 0.000000
vt 2.367492 -2.638951 0.000000
vt 2.380112 -2.659119 0.000000
vt 2.337998 -2.673415 0.000000
vt 2.310189 -2.665523 0.000000
vt 2.294379 -2.682091 0.000000
vt 2.249729 -2.683810 0.000000
vt 2.250000 -2.685000 0.000000
vt 2.181129 -2.693922 0.000000
vt 2.111789 -2.693375 0.000000
vt 2.043357 -2.682181 0.000000
vt 2.706065 -2.405042 0.000000
vt 2.552675 -2.044120 0.000000
vt 2.414207 -1.433999 0.000000
vt 2.517032 -1.984640 0.000000
vt 2.472675 -1.931342 0.000000
vt 2.397224 -1.475000 0.000000
vt 2.420655 -1.885492 0.000000
vt 2.370208 -1.510208 0.000000
vt 2.362209 -1.848178 0.000000
vt 2.335000 -1.537224 0.000000
vt 2.298724 -1.820287 0.000000
vt 2.293999 -1.554207 0.000000
vt 2.231707 -1.802480 0.000000
vt 2.250000 -1.560000 0.000000
vt 2.206001 -1.554207 0.000000
vt 2.694326 -2.464057 0.000000
vt 2.674985 -2.521034 0.000000
vt 2.648372 -2.575000 0.000000
vt 2.614943 -2.625030 0.000000
vt 2.594657 -2.175864 0.000000
vt 2.600000 -2.245000 0.000000
vt 2.599298 -2.270128 0.000000
vt 2.597194 -2.295178 0.000000
vt 2.080000 -1.390000 0.000000
vt 1.845611 -1.913568 0.000000
vt 1.900144 -1.870738 0.000000
vt 2.085793 -1.433999 0.000000
vt 1.960611 -1.836795 0.000000
vt 2.102776 -1.475000 0.000000
vt 2.025574 -1.812544 0.000000
vt 2.129792 -1.510208 0.000000
vt 2.093491 -1.798562 0.000000
vt 2.165000 -1.537224 0.000000
vt 2.162751 -1.795181 0.000000
vt 2.578757 -2.108370 0.000000
vt 1.845611 1.723568 0.000000
vt 2.129792 -1.269792 0.000000
vt 1.900144 1.680738 0.000000
vt 1.960611 1.646795 0.000000
vt 2.165000 -1.242776 0.000000
vt 2.025574 1.622544 0.000000
vt 2.206001 -1.225793 0.000000
vt 2.093491 1.608562 0.000000
vt 2.250000 -1.220000 0.000000
vt 2.162751 1.605181 0.000000
vt 2.231707 1.612480 0.000000
vt 2.293999 -1.225793 0.000000
vt 2.298724 1.630287 0.000000
vt 2.335000 -1.242776 0.000000
vt 2.362209 1.658178 0.000000
vt 2.420655 1.695492 0.000000
vt 2.370208 -1.269792 0.000000
vt 2.472675 1.741342 0.000000
vt 2.397224 -1.305000 0.000000
vt 2.517032 1.794640 0.000000
vt 2.552675 1.854120 0.000000
vt -2.598097 2.013659 0.000000
vt -2.599961 2.060922 0.000000
vt -2.596854 2.108119 0.000000
vt -2.590000 2.155000 0.000000
vt -2.588810 2.154729 0.000000
vt -2.587091 2.199379 0.000000
vt -2.570523 2.215189 0.000000
vt -2.578415 2.242998 0.000000
vt -2.543951 2.272492 0.000000
vt -2.564119 2.285112 0.000000
vt -2.544449 2.325000 0.000000
vt -2.509617 2.325510 0.000000
vt -2.519740 2.361979 0.000000
vt -2.468198 2.373198 0.000000
vt -2.490416 2.395416 0.000000
vt -2.456979 2.424740 0.000000
vt -2.420510 2.414617 0.000000
vt -2.420000 2.449449 0.000000
vt -2.367492 2.448951 0.000000
vt -2.380112 2.469119 0.000000
vt -2.337998 2.483415 0.000000
vt -2.310189 2.475523 0.000000
vt -2.294379 2.492091 0.000000
vt -2.249729 2.493810 0.000000
vt -2.250000 2.495000 0.000000
vt -2.199997 2.502214 0.000000
vt -2.250000 2.615000 0.000000
vt -2.149637 2.505000 0.000000
vt -2.099281 2.502133 0.000000
vt -2.049562 2.493648 0.000000
vt -2.001105 2.479653 0.000000
vt -1.954518 2.460323 0.000000
vt -1.910388 2.435902 0.000000
vt -2.674985 2.331034 0.000000
vt -2.648372 2.385000 0.000000
vt -2.614943 2.435030 0.000000
vt -2.575269 2.480269 0.000000
vt -2.426034 2.579985 0.000000
vt -2.369057 2.599326 0.000000
vt -2.310042 2.611065 0.000000
vt 2.597194 2.105178 0.000000
vt 2.600000 2.055000 0.000000
vt 2.594657 1.985864 0.000000
vt 2.578757 1.918370 0.000000
vt 1.977457 2.470607 0.000000
vt 2.250000 2.615000 0.000000
vt 2.310042 2.611065 0.000000
vt 2.043357 2.492181 0.000000
vt 2.111789 2.503375 0.000000
vt 2.181129 2.503922 0.000000
vt 2.250000 2.495000 0.000000
vt 2.249729 2.493810 0.000000
vt 2.294379 2.492091 0.000000
vt 2.310189 2.475523 0.000000
vt 2.337998 2.483415 0.000000
vt 2.367492 2.448951 0.000000
vt 2.380112 2.469119 0.000000
vt 2.420000 2.449449 0.000000
vt 2.420510 2.414617 0.000000
vt 2.456979 2.424740 0.000000
vt 2.468198 2.373198 0.000000
vt 2.490416 2.395416 0.000000
vt 2.519740 2.361979 0.000000
vt 2.509617 2.325510 0.000000
vt 2.544449 2.325000 0.000000
vt 2.543951 2.272492 0.000000
vt 2.564119 2.285112 0.000000
vt 2.578415 2.242998 0.000000
vt 2.570523 2.215189 0.000000
vt 2.587091 2.199379 0.000000
vt 2.588810 2.154729 0.000000
vt 2.590000 2.155000 0.000000
vt 2.369057 2.599326 0.000000
vt 2.426034 2.579985 0.000000
vt 2.480000 2.553372 0.000000
vt 2.530030 2.519943 0.000000
vt 2.575269 2.480269 0.000000
vt 2.614943 2.435030 0.000000
vt 2.648372 2.385000 0.000000
vt 2.674985 2.331034 0.000000
vt 2.694326 2.274057 0.000000
vt 2.706065 2.215042 0.000000
vt -0.000000 0.000000 0.000000
vt -6.000000 -0.000000 0.000000
vt -0.000000 -0.500000 0.000000
vt -6.000000 -0.500000 0.000000
vt -0.000000 -0.000000 0.000000
vt -6.000000 0.000000 0.000000
vt -0.000000 -0.500000 0.000000
vt -6.000000 -0.500000 0.000000
vt 0.500000 -0.785398 0.000000
vt -0.000000 -0.785398 0.000000
vt 0.500000 -0.863938 0.000000
vt -0.000000 -0.863938 0.000000
vt 0.500000 -0.942478 0.000000
vt -0.000000 -0.942478 0.000000
vt 0.500000 -1.021018 0.000000
vt -0.000000 -1.021018 0.000000
vt 0.500000 -1.099557 0.000000
vt -0.000000 -1.099557 0.000000
vt 0.500000 -1.178097 0.000000
vt -0.000000 -1.178097 0.000000
vt 0.500000 -1.256637 0.000000
vt -0.000000 -1.256637 0.000000
vt 0.500000 -1.335177 0.000000
vt -0.000000 -1.335177 0.000000
vt 0.500000 -1.413717 0.000000
vt -0.000000 -1.413717 0.000000
vt 0.500000 -1.492257 0.000000
vt -0.000000 -1.492257 0.000000
vt 0.500000 -1.570796 0.000000
vt -0.000000 -1.570796 0.000000
vt 0.500000 0.000000 0.000000
vt 0.000000 0.000000 0.000000
vt 0.500000 -0.078540 0.000000
vt -0.000000 -0.078540 0.000000
vt 0.500000 -0.157080 0.000000
vt -0.000000 -0.157080 0.000000
vt 0.500000 -0.235619 0.000000
vt -0.000000 -0.235619 0.000000
vt 0.500000 -0.314159 0.000000
vt -0.000000 -0.314159 0.000000
vt 0.500000 -0.392699 0.000000
vt -0.000000 -0.392699 0.000000
vt 0.500000 -0.471239 0.000000
vt -0.000000 -0.471239 0.000000
vt 0.500000 -0.549779 0.000000
vt -0.000000 -0.549779 0.000000
vt 0.500000 -0.628319 0.000000
vt -0.000000 -0.628319 0.000000
vt 0.500000 -0.706858 0.000000
vt -0.000000 -0.706858 0.000000
vt 0.500000 -0.785398 0.000000
vt -0.000000 -0.785398 0.000000
vt -0.000000 -0.000000 0.000000
vt -5.700000 0.000000 0.000000
vt -0.000000 -0.500000 0.000000
vt -5.700000 -0.500000 0.000000
vt 0.100000 -0.044506 0.000000
vt 0.600000 -0.044506 0.000000
vt 0.100000 -0.000000 0.000000
vt 0.600000 0.000000 0.000000
vt 0.100000 0.044506 0.000000
vt 0.600000 0.044506 0.000000
vt 0.100000 0.089012 0.000000
vt 0.600000 0.089012 0.000000
vt 0.100000 0.133518 0.000000
vt 0.600000 0.133518 0.000000
vt 0.100000 0.178024 0.000000
vt 0.600000 0.178024 0.000000
vt 0.100000 0.222529 0.000000
vt 0.600000 0.222529 0.000000
vt 0.100000 0.267035 0.000000
vt 0.600000 0.267035 0.000000
vt 0.100000 0.311541 0.000000
vt 0.600000 0.311541 0.000000
vt 0.100000 0.356047 0.000000
vt 0.600000 0.356047 0.000000
vt 0.100000 0.400553 0.000000
vt 0.600000 0.400553 0.000000
vt 0.100000 0.445059 0.000000
vt 0.600000 0.445059 0.000000
vt 0.100000 0.489565 0.000000
vt 0.600000 0.489565 0.000000
vt 0.100000 0.534071 0.000000
vt 0.600000 0.534071 0.000000
vt 0.100000 -0.534071 0.000000
vt 0.600000 -0.534071 0.000000
vt 0.100000 -0.489565 0.000000
vt 0.600000 -0.489565 0.000000
vt 0.100000 -0.445059 0.000000
vt 0.600000 -0.445059 0.000000
vt 0.100000 -0.400553 0.000000
vt 0.600000 -0.400553 0.000000
vt 0.100000 -0.356047 0.000000
vt 0.600000 -0.356047 0.000000
vt 0.100000 -0.311541 0.000000
vt 0.600000 -0.311541 0.000000
vt 0.100000 -0.267035 0.000000
vt 0.600000 -0.267035 0.000000
vt 0.100000 -0.222529 0.000000
vt 0.600000 -0.222529 0.000000
vt 0.100000 -0.178024 0.000000
vt 0.600000 -0.178024 0.000000
vt 0.100000 -0.133518 0.000000
vt 0.600000 -0.133518 0.000000
vt 0.100000 -0.089012 0.000000
vt 0.600000 -0.089012 0.000000
vt 0.100000 -0.044506 0.000000
vt 0.600000 -0.044506 0.000000
vt 0.100000 -0.000000 0.000000
vt 0.600000 0.000000 0.000000
vt 0.100000 0.044506 0.000000
vt 0.600000 0.044506 0.000000
vt 0.100000 0.089012 0.000000
vt 0.600000 0.089012 0.000000
vt 0.100000 0.133518 0.000000
vt 0.600000 0.133518 0.000000
vt 0.100000 0.178024 0.000000
vt 0.600000 0.178024 0.000000
vt 0.100000 0.222529 0.000000
vt 0.600000 0.222529 0.000000
vt 0.100000 0.267035 0.000000
vt 0.600000 0.267035 0.000000
vt 0.100000 0.311541 0.000000
vt 0.600000 0.311541 0.000000
vt 0.100000 0.356047 0.000000
vt 0.600000 0.356047 0.000000
vt 0.100000 0.400553 0.000000
vt 0.600000 0.400553 0.000000
vt 0.100000 0.445059 0.000000
vt 0.600000 0.445059 0.000000
vt 0.100000 0.489565 0.000000
vt 0.600000 0.489565 0.000000
vt 0.100000 0.534071 0.000000
vt 0.600000 0.534071 0.000000
vt 0.100000 -0.534071 0.000000
vt 0.600000 -0.534071 0.000000
vt 0.100000 -0.489565 0.000000
vt 0.600000 -0.489565 0.000000
vt 0.100000 -0.445059 0.000000
vt 0.600000 -0.445059 0.000000
vt 0.100000 -0.400553 0.000000
vt 0.600000 -0.400553 0.000000
vt 0.100000 -0.356047 0.000000
vt 0.600000 -0.356047 0.000000
vt 0.100000 -0.311541 0.000000
vt 0.600000 -0.311541 0.000000
vt 0.100000 -0.267035 0.000000
vt 0.600000 -0.267035 0.000000
vt 0.100000 -0.222529 0.000000
vt 0.600000 -0.222529 0.000000
vt 0.100000 -0.178024 0.000000
vt 0.600000 -0.178024 0.000000
vt 0.100000 -0.133518 0.000000
vt 0.600000 -0.133518 0.000000
vt 0.100000 -0.089012 0.000000
vt 0.600000 -0.089012 0.000000
vt 0.001000 -0.048332 0.000000
vt 0.322000 -0.048332 0.000000
vt 0.001000 0.000000 0.000000
vt 0.322000 0.000000 0.000000
vt 0.001000 0.048332 0.000000
vt 0.322000 0.048332 0.000000
vt 0.001000 0.096664 0.000000
vt 0.322000 0.096664 0.000000
vt 0.001000 0.144997 0.000000
vt 0.322000 0.144997 0.000000
vt 0.001000 0.193329 0.000000
vt 0.322000 0.193329 0.000000
vt 0.001000 0.241661 0.000000
vt 0.322000 0.241661 0.000000
vt 0.001000 0.289993 0.000000
vt 0.322000 0.289993 0.000000
vt 0.001000 0.338325 0.000000
vt 0.322000 0.338325 0.000000
vt 0.001000 0.386658 0.000000
vt 0.322000 0.386658 0.000000
vt 0.001000 0.434990 0.000000
vt 0.322000 0.434990 0.000000
vt 0.001000 0.483322 0.000000
vt 0.322000 0.483322 0.000000
vt 0.001000 0.531654 0.000000
vt 0.322000 0.531654 0.000000
vt 0.001000 0.579986 0.000000
vt 0.322000 0.579986 0.000000
vt 0.001000 0.628319 0.000000
vt 0.322000 0.628319 0.000000
vt 0.001000 -0.628319 0.000000
vt 0.322000 -0.628319 0.000000
vt 0.001000 -0.579986 0.000000
vt 0.322000 -0.579986 0.000000
vt 0.001000 -0.531654 0.000000
vt 0.322000 -0.531654 0.000000
vt 0.001000 -0.483322 0.000000
vt 0.322000 -0.483322 0.000000
vt 0.001000 -0.434990 0.000000
vt 0.322000 -0.434990 0.000000
vt 0.001000 -0.386658 0.000000
vt 0.322000 -0.386658 0.000000
vt 0.001000 -0.338325 0.000000
vt 0.322000 -0.338325 0.000000
vt 0.001000 -0.289993 0.000000
vt 0.322000 -0.289993 0.000000
vt 0.001000 -0.241661 0.000000
vt 0.322000 -0.241661 0.000000
vt 0.001000 -0.193329 0.000000
vt 0.322000 -0.193329 0.000000
vt 0.001000 -0.144997 0.000000
vt 0.322000 -0.144997 0.000000
vt 0.001000 -0.096664 0.000000
vt 0.322000 -0.096664 0.000000
vt 0.001000 -0.048332 0.000000
vt 0.322000 -0.048332 0.000000
vt 0.001000 -0.000000 0.000000
vt 0.322000 0.000000 0.000000
vt 0.001000 0.048332 0.000000
vt 0.322000 0.048332 0.000000
vt 0.001000 0.096664 0.000000
vt 0.322000 0.096664 0.000000
vt 0.001000 0.144997 0.000000
vt 0.322000 0.144997 0.000000
vt 0.001000 0.193329 0.000000
vt 0.322000 0.193329 0.000000
vt 0.001000 0.241661 0.000000
vt 0.322000 0.241661 0.000000
vt 0.001000 0.289993 0.000000
vt 0.322000 0.289993 0.000000
vt 0.001000 0.338325 0.000000
vt 0.322000 0.338325 0.000000
vt 0.001000 0.386658 0.000000
vt 0.322000 0.386658 0.000000
vt 0.001000 0.434990 0.000000
vt 0.322000 0.434990 0.000000
vt 0.001000 0.483322 0.000000
vt 0.322000 0.483322 0.000000
vt 0.001000 0.531654 0.000000
vt 0.322000 0.531654 0.000000
vt 0.001000 0.579986 0.000000
vt 0.322000 0.579986 0.000000
vt 0.001000 0.628319 0.000000
vt 0.322000 0.628319 0.000000
vt 0.001000 -0.628319 0.000000
vt 0.322000 -0.628319 0.000000
vt 0.001000 -0.579986 0.000000
vt 0.322000 -0.579986 0.000000
vt 0.001000 -0.531654 0.000000
vt 0.322000 -0.531654 0.000000
vt 0.001000 -0.483322 0.000000
vt 0.322000 -0.483322 0.000000
vt 0.001000 -0.434990 0.000000
vt 0.322000 -0.434990 0.000000
vt 0.001000 -0.386658 0.000000
vt 0.322000 -0.386658 0.000000
vt 0.001000 -0.338325 0.000000
vt 0.322000 -0.338325 0.000000
vt 0.001000 -0.289993 0.000000
vt 0.322000 -0.289993 0.000000
vt 0.001000 -0.241661 0.000000
vt 0.322000 -0.241661 0.000000
vt 0.001000 -0.193329 0.000000
vt 0.322000 -0.193329 0.000000
vt 0.001000 -0.144997 0.000000
vt 0.322000 -0.144997 0.000000
vt 0.001000 -0.096664 0.000000
vt 0.322000 -0.096664 0.000000
vt -0.000000 0.000000 0.000000
vt -0.120000 0.000000 0.000000
vt -0.000000 -0.700000 0.000000
vt -0.120000 -0.700000 0.000000
vt -0.000000 0.000000 0.000000
vt -0.044474 0.000000 0.000000
vt -0.000000 -0.700000 0.000000
vt -0.044474 -0.700000 0.000000
vt -0.000000 0.000000 0.000000
vt -0.060171 -0.000000 0.000000
vt 0.000000 -0.700000 0.000000
vt -0.060171 -0.700000 0.000000
vt -0.000000 0.000000 0.000000
vt -0.044474 -0.000000 0.000000
vt 0.000000 -0.700000 0.000000
vt -0.044474 -0.700000 0.000000
vt -0.000000 0.000000 0.000000
vt -0.060171 0.000000 0.000000
vt 0.000000 -0.700000 0.000000
vt -0.060171 -0.700000 0.000000
vt -0.000000 0.000000 0.000000
vt -0.044474 0.000000 0.000000
vt 0.000000 -0.700000 0.000000
vt -0.044474 -0.700000 0.000000
vt -0.000000 0.000000 0.000000
vt -0.060171 -0.000000 0.000000
vt -0.000000 -0.700000 0.000000
vt -0.060171 -0.700000 0.000000
vt -0.000000 0.000000 0.000000
vt -0.044474 0.000000 0.000000
vt 0.000000 -0.700000 0.000000
vt -0.044474 -0.700000 0.000000
vt -0.000000 0.000000 0.000000
vt -0.060171 0.000000 0.000000
vt 0.000000 -0.700000 0.000000
vt -0.060171 -0.700000 0.000000
vt -0.000000 0.000000 0.000000
vt -0.044474 -0.000000 0.000000
vt 0.000000 -0.700000 0.000000
vt -0.044474 -0.700000 0.000000
vt -0.000000 0.000000 0.000000
vt -0.060171 -0.000000 0.000000
vt 0.000000 -0.700000 0.000000
vt -0.060171 -0.700000 0.000000
vt -0.000000 0.000000 0.000000
vt -0.044474 0.000000 0.000000
vt 0.000000 -0.700000 0.000000
vt -0.044474 -0.700000 0.000000
vt -0.000000 0.000000 0.000000
vt -0.060171 0.000000 0.000000
vt -0.000000 -0.700000 0.000000
vt -0.060171 -0.700000 0.000000
vt -0.000000 0.000000 0.000000
vt -0.044474 -0.000000 0.000000
vt -0.000000 -0.700000 0.000000
vt -0.044474 -0.700000 0.000000
vt -0.000000 0.000000 0.000000
vt -0.060171 -0.000000 0.000000
vt 0.000000 -0.700000 0.000000
vt -0.060171 -0.700000 0.000000
vt -0.000000 0.000000 0.000000
vt -0.044474 0.000000 0.000000
vt -0.000000 -0.700000 0.000000
vt -0.044474 -0.700000 0.000000
vt -0.000000 0.000000 0.000000
vt -0.060171 -0.000000 0.000000
vt -0.000000 -0.700000 0.000000
vt -0.060171 -0.700000 0.000000
vt -0.000000 0.000000 0.000000
vt -0.044474 0.000000 0.000000
vt 0.000000 -0.700000 0.000000
vt -0.044474 -0.700000 0.000000
vt -0.000000 0.000000 0.000000
vt -0.060171 -0.000000 0.000000
vt 0.000000 -0.700000 0.000000
vt -0.060171 -0.700000 0.000000
vt -0.000000 0.000000 0.000000
vt -0.044474 0.000000 0.000000
vt -0.000000 -0.700000 0.000000
vt -0.044474 -0.700000 0.000000
vt -0.000000 0.000000 0.000000
vt -0.060171 -0.000000 0.000000
vt 0.000000 -0.700000 0.000000
vt -0.060171 -0.700000 0.000000
vt -0.000000 0.000000 0.000000
vt -0.044474 0.000000 0.000000
vt -0.000000 -0.700000 0.000000
vt -0.044474 -0.700000 0.000000
vt -0.000000 0.000000 0.000000
vt -0.060171 0.000000 0.000000
vt 0.000000 -0.700000 0.000000
vt -0.060171 -0.700000 0.000000
vt -0.000000 0.000000 0.000000
vt -0.044474 0.000000 0.000000
vt -0.000000 -0.700000 0.000000
vt -0.044474 -0.700000 0.000000
vt -0.000000 0.000000 0.000000
vt -0.060171 -0.000000 0.000000
vt -0.000000 -0.700000 0.000000
vt -0.060171 -0.700000 0.000000
vt -0.000000 0.000000 0.000000
vt -0.120000 0.000000 0.000000
vt -0.000000 -0.700000 0.000000
vt -0.120000 -0.700000 0.000000
vt -0.540000 -0.074406 0.000000
vt -0.040000 -0.050464 0.000000
vt -0.540000 0.000000 0.000000
vt -0.040000 0.000000 0.000000
vt -0.040000 0.047321 0.000000
vt -0.040000 -0.100928 0.000000
vt -0.540000 -0.148812 0.000000
vt -0.040000 -0.151392 0.000000
vt -0.040000 -0.201856 0.000000
vt -0.540000 -0.223218 0.000000
vt -0.040000 -0.252320 0.000000
vt -0.540000 -0.297625 0.000000
vt -0.040000 -0.302784 0.000000
vt -0.040000 -0.353247 0.000000
vt -0.540000 -0.372031 0.000000
vt -0.040000 -0.403711 0.000000
vt -0.540000 -0.446437 0.000000
vt -0.040000 -0.454175 0.000000
vt -0.040000 -0.504639 0.000000
vt -0.540000 -0.520843 0.000000
vt -0.040000 -0.555103 0.000000
vt -0.540000 -0.595249 0.000000
vt -0.040000 -0.605567 0.000000
vt -0.040000 -0.656031 0.000000
vt -0.540000 -0.669655 0.000000
vt -0.040000 -0.706495 0.000000
vt -0.540000 -0.744061 0.000000
vt -0.040000 -0.756959 0.000000
vt -0.540000 -0.818468 0.000000
vt -0.040000 -0.807423 0.000000
vt -0.040000 -0.870639 0.000000
vt -0.540000 -0.892874 0.000000
vt -0.040000 -0.933855 0.000000
vt -0.540000 -0.967280 0.000000
vt -0.040000 -0.997071 0.000000
vt -0.540000 -1.041686 0.000000
vt -0.040000 -1.060288 0.000000
vt -0.540000 -1.116092 0.000000
vt -0.040000 -1.123504 0.000000
vt -0.540000 -1.190498 0.000000
vt -0.040000 -1.186720 0.000000
vt -0.040000 -1.249936 0.000000
vt -0.540000 -1.264904 0.000000
vt -0.040000 -1.313152 0.000000
vt -0.540000 -1.339311 0.000000
vt -0.040000 -1.360474 0.000000
vt -0.540000 -1.413717 0.000000
vt -0.040000 -1.407795 0.000000
vt -0.040000 -1.455116 0.000000
vt -0.040000 1.372317 0.000000
vt -0.540000 1.413717 0.000000
vt -0.540000 1.339311 0.000000
vt -0.040000 1.324996 0.000000
vt -0.540000 1.264904 0.000000
vt -0.040000 1.277675 0.000000
vt -0.040000 1.230353 0.000000
vt -0.540000 1.190498 0.000000
vt -0.040000 1.183032 0.000000
vt -0.040000 1.135711 0.000000
vt -0.540000 1.116092 0.000000
vt -0.040000 1.088390 0.000000
vt -0.540000 1.041686 0.000000
vt -0.040000 1.041068 0.000000
vt -0.040000 0.993747 0.000000
vt -0.540000 0.967280 0.000000
vt -0.040000 0.946426 0.000000
vt -0.540000 0.892874 0.000000
vt -0.040000 0.899104 0.000000
vt -0.040000 0.851783 0.000000
vt -0.540000 0.818468 0.000000
vt -0.040000 0.804462 0.000000
vt -0.540000 0.744061 0.000000
vt -0.040000 0.757141 0.000000
vt -0.040000 0.709819 0.000000
vt -0.540000 0.669655 0.000000
vt -0.040000 0.662498 0.000000
vt -0.040000 0.615177 0.000000
vt -0.540000 0.595249 0.000000
vt -0.040000 0.567855 0.000000
vt -0.540000 0.520843 0.000000
vt -0.040000 0.520534 0.000000
vt -0.040000 0.473213 0.000000
vt -0.540000 0.446437 0.000000
vt -0.040000 0.425892 0.000000
vt -0.540000 0.372031 0.000000
vt -0.040000 0.378570 0.000000
vt -0.040000 0.331249 0.000000
vt -0.540000 0.297625 0.000000
vt -0.040000 0.283928 0.000000
vt -0.540000 0.223218 0.000000
vt -0.040000 0.236606 0.000000
vt -0.040000 0.189285 0.000000
vt -0.540000 0.148812 0.000000
vt -0.040000 0.141964 0.000000
vt -0.040000 0.094643 0.000000
vt -0.540000 0.074406 0.000000
vt 0.010000 -0.047752 0.000000
vt 0.330000 0.000000 0.000000
vt 0.010000 0.000000 0.000000
vt 0.330000 0.047752 0.000000
vt 0.010000 0.047752 0.000000
vt 0.330000 0.095504 0.000000
vt 0.010000 0.095504 0.000000
vt 0.330000 0.143257 0.000000
vt 0.010000 0.143257 0.000000
vt 0.330000 0.191009 0.000000
vt 0.010000 0.191009 0.000000
vt 0.330000 0.238761 0.000000
vt 0.010000 0.238761 0.000000
vt 0.330000 0.286513 0.000000
vt 0.010000 0.286513 0.000000
vt 0.330000 0.334265 0.000000
vt 0.010000 0.334265 0.000000
vt 0.330000 0.382018 0.000000
vt 0.010000 0.382018 0.000000
vt 0.330000 0.429770 0.000000
vt 0.010000 0.429770 0.000000
vt 0.330000 0.477522 0.000000
vt 0.010000 0.477522 0.000000
vt 0.330000 0.525274 0.000000
vt 0.010000 0.525274 0.000000
vt 0.330000 0.573026 0.000000
vt 0.010000 0.573026 0.000000
vt 0.010000 -0.620779 0.000000
vt 0.330000 -0.620779 0.000000
vt 0.330000 -0.573026 0.000000
vt 0.010000 -0.573026 0.000000
vt 0.330000 -0.525274 0.000000
vt 0.010000 -0.525274 0.000000
vt 0.330000 -0.477522 0.000000
vt 0.010000 -0.477522 0.000000
vt 0.330000 -0.429770 0.000000
vt 0.010000 -0.429770 0.000000
vt 0.330000 -0.382018 0.000000
vt 0.010000 -0.382018 0.000000
vt 0.330000 -0.334265 0.000000
vt 0.010000 -0.334265 0.000000
vt 0.330000 -0.286513 0.000000
vt 0.010000 -0.286513 0.000000
vt 0.330000 -0.238761 0.000000
vt 0.010000 -0.238761 0.000000
vt 0.330000 -0.191009 0.000000
vt 0.010000 -0.191009 0.000000
vt 0.330000 -0.143257 0.000000
vt 0.010000 -0.143257 0.000000
vt 0.330000 -0.095504 0.000000
vt 0.010000 -0.095504 0.000000
vt 0.330000 -0.047752 0.000000
vt -0.000000 0.160000 0.000000
vt -1.050000 0.160000 0.000000
vt -0.000000 0.000000 0.000000
vt -1.050000 0.000000 0.000000
vt -0.450000 -0.160000 0.000000
vt 0.000000 -0.160000 0.000000
vt -0.450000 -0.000000 0.000000
vt -0.000000 0.000000 0.000000
vt 0.000000 0.000000 0.000000
vt 1.050000 0.000000 0.000000
vt 0.000000 0.160000 0.000000
vt 1.050000 0.160000 0.000000
vt 0.450000 -0.000000 0.000000
vt 0.000000 0.000000 0.000000
vt 0.450000 -0.160000 0.000000
vt -0.000000 -0.160000 0.000000
vt 0.010000 -0.047752 0.000000
vt 0.330000 0.000000 0.000000
vt 0.010000 0.000000 0.000000
vt 0.330000 0.047752 0.000000
vt 0.010000 0.047752 0.000000
vt 0.330000 0.095504 0.000000
vt 0.010000 0.095504 0.000000
vt 0.330000 0.143257 0.000000
vt 0.010000 0.143257 0.000000
vt 0.330000 0.191009 0.000000
vt 0.010000 0.191009 0.000000
vt 0.330000 0.238761 0.000000
vt 0.010000 0.238761 0.000000
vt 0.330000 0.286513 0.000000
vt 0.010000 0.286513 0.000000
vt 0.330000 0.334265 0.000000
vt 0.010000 0.334265 0.000000
vt 0.330000 0.382018 0.000000
vt 0.010000 0.382018 0.000000
vt 0.330000 0.429770 0.000000
vt 0.010000 0.429770 0.000000
vt 0.330000 0.477522 0.000000
vt 0.010000 0.477522 0.000000
vt 0.330000 0.525274 0.000000
vt 0.010000 0.525274 0.000000
vt 0.330000 0.573026 0.000000
vt 0.010000 0.573026 0.000000
vt 0.010000 -0.620779 0.000000
vt 0.330000 -0.620779 0.000000
vt 0.330000 -0.573026 0.000000
vt 0.010000 -0.573026 0.000000
vt 0.330000 -0.525274 0.000000
vt 0.010000 -0.525274 0.000000
vt 0.330000 -0.477522 0.000000
vt 0.010000 -0.477522 0.000000
vt 0.330000 -0.429770 0.000000
vt 0.010000 -0.429770 0.000000
vt 0.330000 -0.382018 0.000000
vt 0.010000 -0.382018 0.000000
vt 0.330000 -0.334265 0.000000
vt 0.010000 -0.334265 0.000000
vt 0.330000 -0.286513 0.000000
vt 0.010000 -0.286513 0.000000
vt 0.330000 -0.238761 0.000000
vt 0.010000 -0.238761 0.000000
vt 0.330000 -0.191009 0.000000
vt 0.010000 -0.191009 0.000000
vt 0.330000 -0.143257 0.000000
vt 0.010000 -0.143257 0.000000
vt 0.330000 -0.095504 0.000000
vt 0.010000 -0.095504 0.000000
vt 0.330000 -0.047752 0.000000
vt -0.000000 0.000000 0.000000
vt -0.120000 0.000000 0.000000
vt -0.000000 -0.700000 0.000000
vt -0.120000 -0.700000 0.000000
vt -0.000000 0.000000 0.000000
vt -0.044474 -0.000000 0.000000
vt 0.000000 -0.700000 0.000000
vt -0.044474 -0.700000 0.000000
vt -0.000000 0.000000 0.000000
vt -0.060171 0.000000 0.000000
vt -0.000000 -0.700000 0.000000
vt -0.060171 -0.700000 0.000000
vt -0.000000 0.000000 0.000000
vt -0.044474 -0.000000 0.000000
vt 0.000000 -0.700000 0.000000
vt -0.044474 -0.700000 0.000000
vt -0.000000 0.000000 0.000000
vt -0.060171 -0.000000 0.000000
vt 0.000000 -0.700000 0.000000
vt -0.060171 -0.700000 0.000000
vt -0.000000 0.000000 0.000000
vt -0.044474 -0.000000 0.000000
vt -0.000000 -0.700000 0.000000
vt -0.044474 -0.700000 0.000000
vt -0.000000 0.000000 0.000000
vt -0.060171 0.000000 0.000000
vt -0.000000 -0.700000 0.000000
vt -0.060171 -0.700000 0.000000
vt -0.000000 0.000000 0.000000
vt -0.044474 -0.000000 0.000000
vt 0.000000 -0.700000 0.000000
vt -0.044474 -0.700000 0.000000
vt -0.000000 0.000000 0.000000
vt -0.060171 0.000000 0.000000
vt -0.000000 -0.700000 0.000000
vt -0.060171 -0.700000 0.000000
vt -0.000000 0.000000 0.000000
vt -0.044474 -0.000000 0.000000
vt 0.000000 -0.700000 0.000000
vt -0.044474 -0.700000 0.000000
vt -0.000000 0.000000 0.000000
vt -0.060171 0.000000 0.000000
vt -0.000000 -0.700000 0.000000
vt -0.060171 -0.700000 0.000000
vt -0.000000 0.000000 0.000000
vt -0.044474 0.000000 0.000000
vt -0.000000 -0.700000 0.000000
vt -0.044474 -0.700000 0.000000
vt -0.000000 0.000000 0.000000
vt -0.060171 0.000000 0.000000
vt 0.000000 -0.700000 0.000000
vt -0.060171 -0.700000 0.000000
vt -0.000000 0.000000 0.000000
vt -0.044474 -0.000000 0.000000
vt -0.000000 -0.700000 0.000000
vt -0.044474 -0.700000 0.000000
vt -0.000000 0.000000 0.000000
vt -0.060171 -0.000000 0.000000
vt -0.000000 -0.700000 0.000000
vt -0.060171 -0.700000 0.000000
vt -0.000000 0.000000 0.000000
vt -0.044474 0.000000 0.000000
vt -0.000000 -0.700000 0.000000
vt -0.044474 -0.700000 0.000000
vt -0.000000 0.000000 0.000000
vt -0.060171 0.000000 0.000000
vt 0.000000 -0.700000 0.000000
vt -0.060171 -0.700000 0.000000
vt -0.000000 0.000000 0.000000
vt -0.044474 -0.000000 0.000000
vt -0.000000 -0.700000 0.000000
vt -0.044474 -0.700000 0.000000
vt -0.000000 0.000000 0.000000
vt -0.060171 -0.000000 0.000000
vt -0.000000 -0.700000 0.000000
vt -0.060171 -0.700000 0.000000
vt -0.000000 0.000000 0.000000
vt -0.044474 -0.000000 0.000000
vt -0.000000 -0.700000 0.000000
vt -0.044474 -0.700000 0.000000
vt -0.000000 0.000000 0.000000
vt -0.060171 0.000000 0.000000
vt -0.000000 -0.700000 0.000000
vt -0.060171 -0.700000 0.000000
vt -0.000000 0.000000 0.000000
vt -0.044474 0.000000 0.000000
vt 0.000000 -0.700000 0.000000
vt -0.044474 -0.700000 0.000000
vt -0.000000 0.000000 0.000000
vt -0.060171 -0.000000 0.000000
vt 0.000000 -0.700000 0.000000
vt -0.060171 -0.700000 0.000000
vt -0.000000 0.000000 0.000000
vt -0.044474 -0.000000 0.000000
vt 0.000000 -0.700000 0.000000
vt -0.044474 -0.700000 0.000000
vt -0.000000 0.000000 0.000000
vt -0.060171 0.000000 0.000000
vt -0.000000 -0.700000 0.000000
vt -0.060171 -0.700000 0.000000
vt -0.000000 0.000000 0.000000
vt -0.120000 -0.000000 0.000000
vt 0.000000 -0.700000 0.000000
vt -0.120000 -0.700000 0.000000
vt -0.540000 -0.074406 0.000000
vt -0.040000 -0.025141 0.000000
vt -0.540000 0.000000 0.000000
vt -0.040000 0.000000 0.000000
vt -0.040000 0.069411 0.000000
vt -0.540000 -0.148812 0.000000
vt -0.040000 -0.100564 0.000000
vt -0.040000 -0.075423 0.000000
vt -0.040000 -0.050282 0.000000
vt -0.040000 -0.163781 0.000000
vt -0.540000 -0.223218 0.000000
vt -0.040000 -0.226997 0.000000
vt -0.040000 -0.290213 0.000000
vt -0.540000 -0.297625 0.000000
vt -0.040000 -0.353429 0.000000
vt -0.540000 -0.372031 0.000000
vt -0.040000 -0.416645 0.000000
vt -0.540000 -0.446437 0.000000
vt -0.040000 -0.479862 0.000000
vt -0.540000 -0.520843 0.000000
vt -0.040000 -0.543078 0.000000
vt -0.540000 -0.595249 0.000000
vt -0.040000 -0.606294 0.000000
vt -0.540000 -0.669655 0.000000
vt -0.040000 -0.675704 0.000000
vt -0.540000 -0.744061 0.000000
vt -0.040000 -0.745115 0.000000
vt -0.040000 -0.814526 0.000000
vt -0.540000 -0.818468 0.000000
vt -0.040000 -0.883936 0.000000
vt -0.540000 -0.892874 0.000000
vt -0.040000 -0.953347 0.000000
vt -0.540000 -0.967280 0.000000
vt -0.040000 -1.022758 0.000000
vt -0.540000 -1.041686 0.000000
vt -0.040000 -1.092168 0.000000
vt -0.540000 -1.116092 0.000000
vt -0.040000 -1.161579 0.000000
vt -0.540000 -1.190498 0.000000
vt -0.040000 -1.230989 0.000000
vt -0.540000 -1.264904 0.000000
vt -0.040000 -1.300400 0.000000
vt -0.540000 -1.339311 0.000000
vt -0.040000 -1.369811 0.000000
vt -0.540000 -1.413717 0.000000
vt -0.040000 -1.439221 0.000000
vt -0.040000 1.388212 0.000000
vt -0.540000 1.413717 0.000000
vt -0.540000 1.339311 0.000000
vt -0.040000 1.318802 0.000000
vt -0.540000 1.264904 0.000000
vt -0.040000 1.249391 0.000000
vt -0.540000 1.190498 0.000000
vt -0.040000 1.179980 0.000000
vt -0.540000 1.116092 0.000000
vt -0.040000 1.110570 0.000000
vt -0.540000 1.041686 0.000000
vt -0.040000 1.041159 0.000000
vt -0.040000 0.971749 0.000000
vt -0.540000 0.967280 0.000000
vt -0.040000 0.902338 0.000000
vt -0.540000 0.892874 0.000000
vt -0.040000 0.832927 0.000000
vt -0.540000 0.818468 0.000000
vt -0.040000 0.763517 0.000000
vt -0.540000 0.744061 0.000000
vt -0.040000 0.694106 0.000000
vt -0.540000 0.669655 0.000000
vt -0.040000 0.624695 0.000000
vt -0.540000 0.595249 0.000000
vt -0.040000 0.555285 0.000000
vt -0.540000 0.520843 0.000000
vt -0.040000 0.485874 0.000000
vt -0.540000 0.446437 0.000000
vt -0.040000 0.416464 0.000000
vt -0.540000 0.372031 0.000000
vt -0.040000 0.347053 0.000000
vt -0.540000 0.297625 0.000000
vt -0.040000 0.277642 0.000000
vt -0.540000 0.223218 0.000000
vt -0.040000 0.208232 0.000000
vt -0.540000 0.148812 0.000000
vt -0.040000 0.138821 0.000000
vt -0.540000 0.074406 0.000000
vt -0.540000 -0.074406 0.000000
vt -0.040000 -0.047321 0.000000
vt -0.540000 0.000000 0.000000
vt -0.040000 -0.000000 0.000000
vt -0.040000 0.050464 0.000000
vt -0.040000 -0.094643 0.000000
vt -0.540000 -0.148812 0.000000
vt -0.040000 -0.141964 0.000000
vt -0.040000 -0.189285 0.000000
vt -0.540000 -0.223218 0.000000
vt -0.040000 -0.236606 0.000000
vt -0.040000 -0.283928 0.000000
vt -0.540000 -0.297625 0.000000
vt -0.040000 -0.331249 0.000000
vt -0.540000 -0.372031 0.000000
vt -0.040000 -0.378570 0.000000
vt -0.040000 -0.425892 0.000000
vt -0.540000 -0.446437 0.000000
vt -0.040000 -0.473213 0.000000
vt -0.540000 -0.520843 0.000000
vt -0.040000 -0.520534 0.000000
vt -0.040000 -0.567855 0.000000
vt -0.540000 -0.595249 0.000000
vt -0.040000 -0.615177 0.000000
vt -0.540000 -0.669655 0.000000
vt -0.040000 -0.662498 0.000000
vt -0.040000 -0.709819 0.000000
vt -0.540000 -0.744061 0.000000
vt -0.040000 -0.757141 0.000000
vt -0.040000 -0.804462 0.000000
vt -0.540000 -0.818468 0.000000
vt -0.040000 -0.851783 0.000000
vt -0.540000 -0.892874 0.000000
vt -0.040000 -0.899104 0.000000
vt -0.040000 -0.946426 0.000000
vt -0.540000 -0.967280 0.000000
vt -0.040000 -0.993747 0.000000
vt -0.540000 -1.041686 0.000000
vt -0.040000 -1.041068 0.000000
vt -0.040000 -1.088390 0.000000
vt -0.540000 -1.116092 0.000000
vt -0.040000 -1.135711 0.000000
vt -0.540000 -1.190498 0.000000
vt -0.040000 -1.183032 0.000000
vt -0.040000 -1.230353 0.000000
vt -0.540000 -1.264904 0.000000
vt -0.040000 -1.277675 0.000000
vt -0.040000 -1.324996 0.000000
vt -0.540000 -1.339311 0.000000
vt -0.040000 -1.372317 0.000000
vt -0.540000 -1.413717 0.000000
vt -0.040000 -1.419639 0.000000
vt -0.040000 1.407795 0.000000
vt -0.540000 1.413717 0.000000
vt -0.040000 1.360474 0.000000
vt -0.540000 1.339311 0.000000
vt -0.040000 1.313152 0.000000
vt -0.540000 1.264904 0.000000
vt -0.040000 1.249936 0.000000
vt -0.540000 1.190498 0.000000
vt -0.040000 1.186720 0.000000
vt -0.040000 1.123504 0.000000
vt -0.540000 1.116092 0.000000
vt -0.040000 1.060288 0.000000
vt -0.540000 1.041686 0.000000
vt -0.040000 0.997071 0.000000
vt -0.540000 0.967280 0.000000
vt -0.040000 0.933855 0.000000
vt -0.540000 0.892874 0.000000
vt -0.040000 0.870639 0.000000
vt -0.540000 0.818468 0.000000
vt -0.040000 0.807423 0.000000
vt -0.040000 0.756959 0.000000
vt -0.540000 0.744061 0.000000
vt -0.040000 0.706495 0.000000
vt -0.540000 0.669655 0.000000
vt -0.040000 0.656031 0.000000
vt -0.540000 0.595249 0.000000
vt -0.040000 0.605567 0.000000
vt -0.040000 0.555103 0.000000
vt -0.540000 0.520843 0.000000
vt -0.040000 0.504639 0.000000
vt -0.540000 0.446437 0.000000
vt -0.040000 0.454175 0.000000
vt -0.040000 0.403711 0.000000
vt -0.540000 0.372031 0.000000
vt -0.040000 0.353247 0.000000
vt -0.540000 0.297625 0.000000
vt -0.040000 0.302784 0.000000
vt -0.040000 0.252320 0.000000
vt -0.540000 0.223218 0.000000
vt -0.040000 0.201856 0.000000
vt -0.540000 0.148812 0.000000
vt -0.040000 0.151392 0.000000
vt -0.040000 0.100928 0.000000
vt -0.540000 0.074406 0.000000
vt -0.000000 0.000000 0.000000
vt -0.120000 0.000000 0.000000
vt -0.000000 -0.700000 0.000000
vt -0.120000 -0.700000 0.000000
vt -0.000000 0.000000 0.000000
vt -0.044474 0.000000 0.000000
vt 0.000000 -0.700000 0.000000
vt -0.044474 -0.700000 0.000000
vt -0.000000 0.000000 0.000000
vt -0.060171 -0.000000 0.000000
vt 0.000000 -0.700000 0.000000
vt -0.060171 -0.700000 0.000000
vt -0.000000 0.000000 0.000000
vt -0.044474 0.000000 0.000000
vt 0.000000 -0.700000 0.000000
vt -0.044474 -0.700000 0.000000
vt -0.000000 0.000000 0.000000
vt -0.060171 -0.000000 0.000000
vt -0.000000 -0.700000 0.000000
vt -0.060171 -0.700000 0.000000
vt -0.000000 0.000000 0.000000
vt -0.044474 -0.000000 0.000000
vt -0.000000 -0.700000 0.000000
vt -0.044474 -0.700000 0.000000
vt -0.000000 0.000000 0.000000
vt -0.060171 -0.000000 0.000000
vt -0.000000 -0.700000 0.000000
vt -0.060171 -0.700000 0.000000
vt -0.000000 0.000000 0.000000
vt -0.044474 0.000000 0.000000
vt -0.000000 -0.700000 0.000000
vt -0.044474 -0.700000 0.000000
vt -0.000000 0.000000 0.000000
vt -0.060171 -0.000000 0.000000
vt -0.000000 -0.700000 0.000000
vt -0.060171 -0.700000 0.000000
vt -0.000000 0.000000 0.000000
vt -0.044474 0.000000 0.000000
vt -0.000000 -0.700000 0.000000
vt -0.044474 -0.700000 0.000000
vt -0.000000 0.000000 0.000000
vt -0.060171 0.000000 0.000000
vt -0.000000 -0.700000 0.000000
vt -0.060171 -0.700000 0.000000
vt -0.000000 0.000000 0.000000
vt -0.044474 0.000000 0.000000
vt 0.000000 -0.700000 0.000000
vt -0.044474 -0.700000 0.000000
vt -0.000000 0.000000 0.000000
vt -0.060171 -0.000000 0.000000
vt -0.000000 -0.700000 0.000000
vt -0.060171 -0.700000 0.000000
vt -0.000000 0.000000 0.000000
vt -0.044474 0.000000 0.000000
vt 0.000000 -0.700000 0.000000
vt -0.044474 -0.700000 0.000000
vt -0.000000 0.000000 0.000000
vt -0.060171 -0.000000 0.000000
vt -0.000000 -0.700000 0.000000
vt -0.060171 -0.700000 0.000000
vt -0.000000 0.000000 0.000000
vt -0.044474 0.000000 0.000000
vt -0.000000 -0.700000 0.000000
vt -0.044474 -0.700000 0.000000
vt -0.000000 0.000000 0.000000
vt -0.060171 -0.000000 0.000000
vt 0.000000 -0.700000 0.000000
vt -0.060171 -0.700000 0.000000
vt -0.000000 0.000000 0.000000
vt -0.044474 0.000000 0.000000
vt 0.000000 -0.700000 0.000000
vt -0.044474 -0.700000 0.000000
vt -0.000000 0.000000 0.000000
vt -0.060171 -0.000000 0.000000
vt -0.000000 -0.700000 0.000000
vt -0.060171 -0.700000 0.000000
vt -0.000000 0.000000 0.000000
vt -0.044474 -0.000000 0.000000
vt 0.000000 -0.700000 0.000000
vt -0.044474 -0.700000 0.000000
vt -0.000000 0.000000 0.000000
vt -0.060171 0.000000 0.000000
vt -0.000000 -0.700000 0.000000
vt -0.060171 -0.700000 0.000000
vt -0.000000 0.000000 0.000000
vt -0.044474 0.000000 0.000000
vt 0.000000 -0.700000 0.000000
vt -0.044474 -0.700000 0.000000
vt -0.000000 0.000000 0.000000
vt -0.060171 -0.000000 0.000000
vt -0.000000 -0.700000 0.000000
vt -0.060171 -0.700000 0.000000
vt -0.000000 0.000000 0.000000
vt -0.044474 -0.000000 0.000000
vt 0.000000 -0.700000 0.000000
vt -0.044474 -0.700000 0.000000
vt -0.000000 0.000000 0.000000
vt -0.060171 0.000000 0.000000
vt -0.000000 -0.700000 0.000000
vt -0.060171 -0.700000 0.000000
vt -0.000000 0.000000 0.000000
vt -0.120000 0.000000 0.000000
vt -0.000000 -0.700000 0.000000
vt -0.120000 -0.700000 0.000000
vt -0.540000 -0.074406 0.000000
vt -0.040000 -0.069411 0.000000
vt -0.540000 0.000000 0.000000
vt -0.040000 -0.000000 0.000000
vt -0.040000 0.050282 0.000000
vt -0.040000 -0.138821 0.000000
vt -0.540000 -0.148812 0.000000
vt -0.040000 -0.208232 0.000000
vt -0.540000 -0.223218 0.000000
vt -0.040000 -0.277642 0.000000
vt -0.540000 -0.297625 0.000000
vt -0.040000 -0.347053 0.000000
vt -0.540000 -0.372031 0.000000
vt -0.040000 -0.416464 0.000000
vt -0.540000 -0.446437 0.000000
vt -0.040000 -0.485874 0.000000
vt -0.540000 -0.520843 0.000000
vt -0.040000 -0.555285 0.000000
vt -0.540000 -0.595249 0.000000
vt -0.040000 -0.624695 0.000000
vt -0.540000 -0.669655 0.000000
vt -0.040000 -0.694106 0.000000
vt -0.540000 -0.744061 0.000000
vt -0.040000 -0.763517 0.000000
vt -0.540000 -0.818468 0.000000
vt -0.040000 -0.832927 0.000000
vt -0.540000 -0.892874 0.000000
vt -0.040000 -0.902338 0.000000
vt -0.540000 -0.967280 0.000000
vt -0.040000 -0.971749 0.000000
vt -0.540000 -1.041686 0.000000
vt -0.040000 -1.041159 0.000000
vt -0.040000 -1.110570 0.000000
vt -0.540000 -1.116092 0.000000
vt -0.040000 -1.179980 0.000000
vt -0.540000 -1.190498 0.000000
vt -0.040000 -1.249391 0.000000
vt -0.540000 -1.264904 0.000000
vt -0.040000 -1.318802 0.000000
vt -0.540000 -1.339311 0.000000
vt -0.040000 -1.388212 0.000000
vt -0.540000 -1.413717 0.000000
vt -0.040000 -1.457623 0.000000
vt -0.040000 1.369811 0.000000
vt -0.540000 1.413717 0.000000
vt -0.540000 1.339311 0.000000
vt -0.040000 1.300400 0.000000
vt -0.540000 1.264904 0.000000
vt -0.040000 1.230989 0.000000
vt -0.540000 1.190498 0.000000
vt -0.040000 1.161579 0.000000
vt -0.540000 1.116092 0.000000
vt -0.040000 1.092168 0.000000
vt -0.540000 1.041686 0.000000
vt -0.040000 1.022758 0.000000
vt -0.540000 0.967280 0.000000
vt -0.040000 0.953347 0.000000
vt -0.540000 0.892874 0.000000
vt -0.040000 0.883936 0.000000
vt -0.540000 0.818468 0.000000
vt -0.040000 0.814526 0.000000
vt -0.540000 0.744061 0.000000
vt -0.040000 0.745115 0.000000
vt -0.040000 0.675704 0.000000
vt -0.540000 0.669655 0.000000
vt -0.040000 0.606294 0.000000
vt -0.540000 0.595249 0.000000
vt -0.040000 0.543078 0.000000
vt -0.540000 0.520843 0.000000
vt -0.040000 0.479862 0.000000
vt -0.540000 0.446437 0.000000
vt -0.040000 0.416645 0.000000
vt -0.540000 0.372031 0.000000
vt -0.040000 0.353429 0.000000
vt -0.540000 0.297625 0.000000
vt -0.040000 0.290213 0.000000
vt -0.540000 0.223218 0.000000
vt -0.040000 0.226997 0.000000
vt -0.040000 0.163781 0.000000
vt -0.540000 0.148812 0.000000
vt -0.040000 0.100564 0.000000
vt -0.540000 0.074406 0.000000
vt -0.000000 0.000000 0.000000
vt -0.120000 -0.000000 0.000000
vt -0.000000 -0.700000 0.000000
vt -0.120000 -0.700000 0.000000
vt -0.000000 0.000000 0.000000
vt -0.044474 0.000000 0.000000
vt -0.000000 -0.700000 0.000000
vt -0.044474 -0.700000 0.000000
vt -0.000000 0.000000 0.000000
vt -0.060171 -0.000000 0.000000
vt -0.000000 -0.700000 0.000000
vt -0.060171 -0.700000 0.000000
vt -0.000000 0.000000 0.000000
vt -0.044474 -0.000000 0.000000
vt -0.000000 -0.700000 0.000000
vt -0.044474 -0.700000 0.000000
vt -0.000000 0.000000 0.000000
vt -0.060171 0.000000 0.000000
vt 0.000000 -0.700000 0.000000
vt -0.060171 -0.700000 0.000000
vt -0.000000 0.000000 0.000000
vt -0.044474 0.000000 0.000000
vt -0.000000 -0.700000 0.000000
vt -0.044474 -0.700000 0.000000
vt -0.000000 0.000000 0.000000
vt -0.060171 -0.000000 0.000000
vt 0.000000 -0.700000 0.000000
vt -0.060171 -0.700000 0.000000
vt -0.000000 0.000000 0.000000
vt -0.044474 -0.000000 0.000000
vt 0.000000 -0.700000 0.000000
vt -0.044474 -0.700000 0.000000
vt -0.000000 0.000000 0.000000
vt -0.060171 0.000000 0.000000
vt 0.000000 -0.700000 0.000000
vt -0.060171 -0.700000 0.000000
vt -0.000000 0.000000 0.000000
vt -0.044474 -0.000000 0.000000
vt -0.000000 -0.700000 0.000000
vt -0.044474 -0.700000 0.000000
vt -0.000000 0.000000 0.000000
vt -0.060171 0.000000 0.000000
vt 0.000000 -0.700000 0.000000
vt -0.060171 -0.700000 0.000000
vt -0.000000 0.000000 0.000000
vt -0.044474 -0.000000 0.000000
vt -0.000000 -0.700000 0.000000
vt -0.044474 -0.700000 0.000000
vt -0.000000 0.000000 0.000000
vt -0.060171 0.000000 0.000000
vt -0.000000 -0.700000 0.000000
vt -0.060171 -0.700000 0.000000
vt -0.000000 0.000000 0.000000
vt -0.044474 -0.000000 0.000000
vt 0.000000 -0.700000 0.000000
vt -0.044474 -0.700000 0.000000
vt -0.000000 0.000000 0.000000
vt -0.060171 0.000000 0.000000
vt 0.000000 -0.700000 0.000000
vt -0.060171 -0.700000 0.000000
vt -0.000000 0.000000 0.000000
vt -0.044474 -0.000000 0.000000
vt 0.000000 -0.700000 0.000000
vt -0.044474 -0.700000 0.000000
vt -0.000000 0.000000 0.000000
vt -0.060171 -0.000000 0.000000
vt 0.000000 -0.700000 0.000000
vt -0.060171 -0.700000 0.000000
vt -0.000000 0.000000 0.000000
vt -0.044474 -0.000000 0.000000
vt 0.000000 -0.700000 0.000000
vt -0.044474 -0.700000 0.000000
vt -0.000000 0.000000 0.000000
vt -0.060171 0.000000 0.000000
vt 0.000000 -0.700000 0.000000
vt -0.060171 -0.700000 0.000000
vt -0.000000 0.000000 0.000000
vt -0.044474 0.000000 0.000000
vt -0.000000 -0.700000 0.000000
vt -0.044474 -0.700000 0.000000
vt -0.000000 0.000000 0.000000
vt -0.060171 0.000000 0.000000
vt 0.000000 -0.700000 0.000000
vt -0.060171 -0.700000 0.000000
vt -0.000000 0.000000 0.000000
vt -0.044474 -0.000000 0.000000
vt -0.000000 -0.700000 0.000000
vt -0.044474 -0.700000 0.000000
vt -0.000000 0.000000 0.000000
vt -0.060171 0.000000 0.000000
vt 0.000000 -0.700000 0.000000
vt -0.060171 -0.700000 0.000000
vt -0.000000 0.000000 0.000000
vt -0.044474 -0.000000 0.000000
vt 0.000000 -0.700000 0.000000
vt -0.044474 -0.700000 0.000000
vt -0.000000 0.000000 0.000000
vt -0.060171 0.000000 0.000000
vt 0.000000 -0.700000 0.000000
vt -0.060171 -0.700000 0.000000
vt -0.000000 0.000000 0.000000
vt -0.120000 -0.000000 0.000000
vt -0.000000 -0.700000 0.000000
vt -0.120000 -0.700000 0.000000
vt -0.194188 -0.047863 0.000000
vt 0.194188 -0.047863 0.000000
vt -0.200000 0.000000 0.000000
vt 0.200000 0.000000 0.000000
vt -0.194188 0.047863 0.000000
vt 0.194188 0.047863 0.000000
vt -0.177091 0.092945 0.000000
vt 0.177091 0.092945 0.000000
vt -0.149702 0.132625 0.000000
vt 0.149702 0.132625 0.000000
vt -0.113613 0.164597 0.000000
vt 0.113613 0.164597 0.000000
vt -0.070921 0.187003 0.000000
vt 0.070921 0.187003 0.000000
vt -0.024107 0.198542 0.000000
vt 0.024107 0.198542 0.000000
vt 0.177091 -0.092945 0.000000
vt -0.177091 -0.092945 0.000000
vt 0.149702 -0.132625 0.000000
vt -0.149702 -0.132625 0.000000
vt 0.113613 -0.164597 0.000000
vt -0.113613 -0.164597 0.000000
vt 0.070921 -0.187003 0.000000
vt -0.070921 -0.187003 0.000000
vt 0.024107 -0.198542 0.000000
vt -0.024107 -0.198542 0.000000
vt -0.194188 -0.047863 0.000000
vt 0.194188 -0.047863 0.000000
vt -0.200000 0.000000 0.000000
vt 0.200000 0.000000 0.000000
vt -0.194188 0.047863 0.000000
vt 0.194188 0.047863 0.000000
vt -0.177091 0.092945 0.000000
vt 0.177091 0.092945 0.000000
vt -0.149702 0.132625 0.000000
vt 0.149702 0.132625 0.000000
vt -0.113613 0.164597 0.000000
vt 0.113613 0.164597 0.000000
vt -0.070921 0.187003 0.000000
vt 0.070921 0.187003 0.000000
vt -0.024107 0.198542 0.000000
vt 0.024107 0.198542 0.000000
vt 0.177091 -0.092945 0.000000
vt -0.177091 -0.092945 0.000000
vt 0.149702 -0.132625 0.000000
vt -0.149702 -0.132625 0.000000
vt 0.113613 -0.164597 0.000000
vt -0.113613 -0.164597 0.000000
vt 0.070921 -0.187003 0.000000
vt -0.070921 -0.187003 0.000000
vt 0.024107 -0.198542 0.000000
vt -0.024107 -0.198542 0.000000
vt -0.250377 0.209623 0.000000
vt -0.250377 0.089623 0.000000
vt -0.190335 0.205687 0.000000
vt -0.205998 0.086714 0.000000
vt -0.131321 0.193949 0.000000
vt -0.162379 0.078037 0.000000
vt -0.074343 0.174607 0.000000
vt -0.120265 0.063742 0.000000
vt -0.020377 0.147994 0.000000
vt -0.080377 0.044071 0.000000
vt 0.029653 0.114565 0.000000
vt -0.043398 0.019363 0.000000
vt 0.074892 0.074892 0.000000
vt -0.009961 -0.009961 0.000000
vt 0.114565 0.029653 0.000000
vt 0.019363 -0.043398 0.000000
vt 0.147994 -0.020377 0.000000
vt 0.044071 -0.080377 0.000000
vt 0.174607 -0.074343 0.000000
vt 0.063742 -0.120265 0.000000
vt 0.193949 -0.131321 0.000000
vt 0.078037 -0.162379 0.000000
vt 0.205687 -0.190335 0.000000
vt 0.086714 -0.205998 0.000000
vt 0.209623 -0.250377 0.000000
vt 0.089623 -0.250377 0.000000
vt 0.443863 -0.074068 0.000000
vt 0.450000 0.000000 0.000000
vt 0.200000 0.000000 0.000000
vt 0.443863 0.074068 0.000000
vt 0.194188 0.047863 0.000000
vt 0.425618 0.146115 0.000000
vt 0.177091 0.092945 0.000000
vt 0.395763 0.214176 0.000000
vt 0.355113 0.276396 0.000000
vt 0.149702 0.132625 0.000000
vt 0.304777 0.331076 0.000000
vt 0.113613 0.164597 0.000000
vt 0.246127 0.376725 0.000000
vt 0.180763 0.412098 0.000000
vt 0.070921 0.187003 0.000000
vt 0.110468 0.436230 0.000000
vt 0.024107 0.198542 0.000000
vt 0.037161 0.448463 0.000000
vt -0.037161 0.448463 0.000000
vt -0.024107 0.198542 0.000000
vt -0.110468 0.436230 0.000000
vt -0.070921 0.187003 0.000000
vt -0.180763 0.412098 0.000000
vt -0.113613 0.164597 0.000000
vt -0.246127 0.376725 0.000000
vt -0.304777 0.331076 0.000000
vt -0.149702 0.132625 0.000000
vt -0.355113 0.276396 0.000000
vt -0.177091 0.092945 0.000000
vt -0.395763 0.214176 0.000000
vt -0.425618 0.146115 0.000000
vt -0.194188 0.047863 0.000000
vt -0.443863 0.074068 0.000000
vt -0.200000 0.000000 0.000000
vt -0.450000 0.000000 0.000000
vt -0.443863 -0.074068 0.000000
vt -0.194188 -0.047863 0.000000
vt -0.425618 -0.146115 0.000000
vt -0.177091 -0.092945 0.000000
vt -0.395763 -0.214176 0.000000
vt -0.355113 -0.276396 0.000000
vt -0.149702 -0.132625 0.000000
vt -0.304777 -0.331076 0.000000
vt -0.113613 -0.164597 0.000000
vt -0.246127 -0.376725 0.000000
vt -0.180763 -0.412098 0.000000
vt -0.070921 -0.187003 0.000000
vt -0.110468 -0.436230 0.000000
vt -0.024107 -0.198542 0.000000
vt -0.037161 -0.448463 0.000000
vt 0.037161 -0.448463 0.000000
vt 0.024107 -0.198542 0.000000
vt 0.110468 -0.436230 0.000000
vt 0.070921 -0.187003 0.000000
vt 0.180763 -0.412098 0.000000
vt 0.113613 -0.164597 0.000000
vt 0.246127 -0.376725 0.000000
vt 0.304777 -0.331076 0.000000
vt 0.149702 -0.132625 0.000000
vt 0.355113 -0.276396 0.000000
vt 0.177091 -0.092945 0.000000
vt 0.395763 -0.214176 0.000000
vt 0.425618 -0.146115 0.000000
vt 0.194188 -0.047863 0.000000
vt -0.184031 0.047251 0.000000
vt -0.190000 0.000000 0.000000
vt 0.080898 -0.171917 0.000000
vt -0.184031 -0.047251 0.000000
vt -0.166498 -0.091533 0.000000
vt -0.138504 -0.130064 0.000000
vt -0.101807 -0.160422 0.000000
vt -0.058713 -0.180701 0.000000
vt -0.011930 -0.189625 0.000000
vt 0.035602 -0.186635 0.000000
vt 0.121111 -0.146398 0.000000
vt 0.080898 0.171917 0.000000
vt 0.035602 0.186635 0.000000
vt -0.011930 0.189625 0.000000
vt 0.121111 0.146398 0.000000
vt 0.153713 -0.111679 0.000000
vt 0.153713 0.111679 0.000000
vt 0.176658 -0.069944 0.000000
vt 0.176658 0.069944 0.000000
vt 0.188502 -0.023813 0.000000
vt 0.188502 0.023813 0.000000
vt -0.058713 0.180701 0.000000
vt -0.101807 0.160422 0.000000
vt -0.138504 0.130064 0.000000
vt -0.166498 0.091533 0.000000
vt 0.000000 0.000000 0.000000
vt 0.450000 0.000000 0.000000
vt 0.000000 1.050000 0.000000
vt 0.450000 1.050000 0.000000
vt -0.184031 0.047251 0.000000
vt -0.190000 0.000000 0.000000
vt 0.080898 -0.171917 0.000000
vt -0.184031 -0.047251 0.000000
vt -0.166498 -0.091533 0.000000
vt -0.138504 -0.130064 0.000000
vt -0.101807 -0.160422 0.000000
vt -0.058713 -0.180701 0.000000
vt -0.011930 -0.189625 0.000000
vt 0.035602 -0.186635 0.000000
vt 0.121111 -0.146398 0.000000
vt 0.080898 0.171917 0.000000
vt 0.035602 0.186635 0.000000
vt -0.011930 0.189625 0.000000
vt 0.121111 0.146398 0.000000
vt 0.153713 -0.111679 0.000000
vt 0.153713 0.111679 0.000000
vt 0.176658 -0.069944 0.000000
vt 0.176658 0.069944 0.000000
vt 0.188502 -0.023813 0.000000
vt 0.188502 0.023813 0.000000
vt -0.058713 0.180701 0.000000
vt -0.101807 0.160422 0.000000
vt -0.138504 0.130064 0.000000
vt -0.166498 0.091533 0.000000
vt -0.209623 -0.250377 0.000000
vt -0.086714 -0.205998 0.000000
vt -0.205687 -0.190335 0.000000
vt -0.078037 -0.162379 0.000000
vt -0.193949 -0.131321 0.000000
vt -0.063742 -0.120265 0.000000
vt -0.174607 -0.074343 0.000000
vt -0.044071 -0.080377 0.000000
vt -0.147994 -0.020377 0.000000
vt -0.019363 -0.043398 0.000000
vt -0.114565 0.029653 0.000000
vt 0.009961 -0.009961 0.000000
vt -0.074892 0.074892 0.000000
vt 0.043398 0.019363 0.000000
vt -0.029653 0.114565 0.000000
vt 0.080377 0.044071 0.000000
vt 0.020377 0.147994 0.000000
vt 0.120265 0.063742 0.000000
vt 0.074343 0.174607 0.000000
vt 0.162379 0.078037 0.000000
vt 0.131321 0.193949 0.000000
vt 0.205998 0.086714 0.000000
vt 0.190335 0.205687 0.000000
vt 0.250377 0.089623 0.000000
vt 0.250377 0.209623 0.000000
vt -0.089623 -0.250377 0.000000
vt 0.443863 -0.074068 0.000000
vt 0.450000 0.000000 0.000000
vt 0.200000 0.000000 0.000000
vt 0.443863 0.074068 0.000000
vt 0.194188 0.047863 0.000000
vt 0.425618 0.146115 0.000000
vt 0.177091 0.092945 0.000000
vt 0.395763 0.214176 0.000000
vt 0.355113 0.276396 0.000000
vt 0.149702 0.132625 0.000000
vt 0.304777 0.331076 0.000000
vt 0.113613 0.164597 0.000000
vt 0.246127 0.376725 0.000000
vt 0.180763 0.412098 0.000000
vt 0.070921 0.187003 0.000000
vt 0.110468 0.436230 0.000000
vt 0.024107 0.198542 0.000000
vt 0.037161 0.448463 0.000000
vt -0.037161 0.448463 0.000000
vt -0.024107 0.198542 0.000000
vt -0.110468 0.436230 0.000000
vt -0.070921 0.187003 0.000000
vt -0.180763 0.412098 0.000000
vt -0.113613 0.164597 0.000000
vt -0.246127 0.376725 0.000000
vt -0.304777 0.331076 0.000000
vt -0.149702 0.132625 0.000000
vt -0.355113 0.276396 0.000000
vt -0.177091 0.092945 0.000000
vt -0.395763 0.214176 0.000000
vt -0.425618 0.146115 0.000000
vt -0.194188 0.047863 0.000000
vt -0.443863 0.074068 0.000000
vt -0.200000 0.000000 0.000000
vt -0.450000 0.000000 0.000000
vt -0.443863 -0.074068 0.000000
vt -0.194188 -0.047863 0.000000
vt -0.425618 -0.146115 0.000000
vt -0.177091 -0.092945 0.000000
vt -0.395763 -0.214176 0.000000
vt -0.355113 -0.276396 0.000000
vt -0.149702 -0.132625 0.000000
vt -0.304777 -0.331076 0.000000
vt -0.113613 -0.164597 0.000000
vt -0.246127 -0.376725 0.000000
vt -0.180763 -0.412098 0.000000
vt -0.070921 -0.187003 0.000000
vt -0.110468 -0.436230 0.000000
vt -0.024107 -0.198542 0.000000
vt -0.037161 -0.448463 0.000000
vt 0.037161 -0.448463 0.000000
vt 0.024107 -0.198542 0.000000
vt 0.110468 -0.436230 0.000000
vt 0.070921 -0.187003 0.000000
vt 0.180763 -0.412098 0.000000
vt 0.113613 -0.164597 0.000000
vt 0.246127 -0.376725 0.000000
vt 0.304777 -0.331076 0.000000
vt 0.149702 -0.132625 0.000000
vt 0.355113 -0.276396 0.000000
vt 0.177091 -0.092945 0.000000
vt 0.395763 -0.214176 0.000000
vt 0.425618 -0.146115 0.000000
vt 0.194188 -0.047863 0.000000
vt 0.443863 -0.074068 0.000000
vt 0.450000 0.000000 0.000000
vt 0.200000 0.000000 0.000000
vt 0.443863 0.074068 0.000000
vt 0.194188 0.047863 0.000000
vt 0.425618 0.146115 0.000000
vt 0.177091 0.092945 0.000000
vt 0.395763 0.214176 0.000000
vt 0.355113 0.276396 0.000000
vt 0.149702 0.132625 0.000000
vt 0.304777 0.331076 0.000000
vt 0.113613 0.164597 0.000000
vt 0.246127 0.376725 0.000000
vt 0.180763 0.412098 0.000000
vt 0.070921 0.187003 0.000000
vt 0.110468 0.436230 0.000000
vt 0.024107 0.198542 0.000000
vt 0.037161 0.448463 0.000000
vt -0.037161 0.448463 0.000000
vt -0.024107 0.198542 0.000000
vt -0.110468 0.436230 0.000000
vt -0.070921 0.187003 0.000000
vt -0.180763 0.412098 0.000000
vt -0.113613 0.164597 0.000000
vt -0.246127 0.376725 0.000000
vt -0.304777 0.331076 0.000000
vt -0.149702 0.132625 0.000000
vt -0.355113 0.276396 0.000000
vt -0.177091 0.092945 0.000000
vt -0.395763 0.214176 0.000000
vt -0.425618 0.146115 0.000000
vt -0.194188 0.047863 0.000000
vt -0.443863 0.074068 0.000000
vt -0.200000 0.000000 0.000000
vt -0.450000 0.000000 0.000000
vt -0.443863 -0.074068 0.000000
vt -0.194188 -0.047863 0.000000
vt -0.425618 -0.146115 0.000000
vt -0.177091 -0.092945 0.000000
vt -0.395763 -0.214176 0.000000
vt -0.355113 -0.276396 0.000000
vt -0.149702 -0.132625 0.000000
vt -0.304777 -0.331076 0.000000
vt -0.113613 -0.164597 0.000000
vt -0.246127 -0.376725 0.000000
vt -0.180763 -0.412098 0.000000
vt -0.070921 -0.187003 0.000000
vt -0.110468 -0.436230 0.000000
vt -0.024107 -0.198542 0.000000
vt -0.037161 -0.448463 0.000000
vt 0.037161 -0.448463 0.000000
vt 0.024107 -0.198542 0.000000
vt 0.110468 -0.436230 0.000000
vt 0.070921 -0.187003 0.000000
vt 0.180763 -0.412098 0.000000
vt 0.113613 -0.164597 0.000000
vt 0.246127 -0.376725 0.000000
vt 0.304777 -0.331076 0.000000
vt 0.149702 -0.132625 0.000000
vt 0.355113 -0.276396 0.000000
vt 0.177091 -0.092945 0.000000
vt 0.395763 -0.214176 0.000000
vt 0.425618 -0.146115 0.000000
vt 0.194188 -0.047863 0.000000
vt 0.209623 0.250377 0.000000
vt 0.089623 0.250377 0.000000
vt 0.205687 0.190335 0.000000
vt 0.086714 0.205998 0.000000
vt 0.078037 0.162379 0.000000
vt 0.193949 0.131321 0.000000
vt 0.063742 0.120265 0.000000
vt 0.174607 0.074343 0.000000
vt 0.044071 0.080377 0.000000
vt 0.147994 0.020377 0.000000
vt 0.019363 0.043398 0.000000
vt 0.114565 -0.029653 0.000000
vt -0.009961 0.009961 0.000000
vt 0.074892 -0.074892 0.000000
vt -0.043398 -0.019363 0.000000
vt 0.029653 -0.114565 0.000000
vt -0.080377 -0.044071 0.000000
vt -0.020377 -0.147994 0.000000
vt -0.120265 -0.063742 0.000000
vt -0.074343 -0.174607 0.000000
vt -0.162379 -0.078037 0.000000
vt -0.131321 -0.193949 0.000000
vt -0.205998 -0.086714 0.000000
vt -0.190335 -0.205687 0.000000
vt -0.250377 -0.209623 0.000000
vt -0.250377 -0.089623 0.000000
vt 0.443863 -0.074068 0.000000
vt 0.450000 0.000000 0.000000
vt 0.200000 0.000000 0.000000
vt 0.443863 0.074068 0.000000
vt 0.194188 0.047863 0.000000
vt 0.425618 0.146115 0.000000
vt 0.177091 0.092945 0.000000
vt 0.395763 0.214176 0.000000
vt 0.355113 0.276396 0.000000
vt 0.149702 0.132625 0.000000
vt 0.304777 0.331076 0.000000
vt 0.113613 0.164597 0.000000
vt 0.246127 0.376725 0.000000
vt 0.180763 0.412098 0.000000
vt 0.070921 0.187003 0.000000
vt 0.110468 0.436230 0.000000
vt 0.024107 0.198542 0.000000
vt 0.037161 0.448463 0.000000
vt -0.037161 0.448463 0.000000
vt -0.024107 0.198542 0.000000
vt -0.110468 0.436230 0.000000
vt -0.070921 0.187003 0.000000
vt -0.180763 0.412098 0.000000
vt -0.113613 0.164597 0.000000
vt -0.246127 0.376725 0.000000
vt -0.304777 0.331076 0.000000
vt -0.149702 0.132625 0.000000
vt -0.355113 0.276396 0.000000
vt -0.177091 0.092945 0.000000
vt -0.395763 0.214176 0.000000
vt -0.425618 0.146115 0.000000
vt -0.194188 0.047863 0.000000
vt -0.443863 0.074068 0.000000
vt -0.200000 0.000000 0.000000
vt -0.450000 0.000000 0.000000
vt -0.443863 -0.074068 0.000000
vt -0.194188 -0.047863 0.000000
vt -0.425618 -0.146115 0.000000
vt -0.177091 -0.092945 0.000000
vt -0.395763 -0.214176 0.000000
vt -0.355113 -0.276396 0.000000
vt -0.149702 -0.132625 0.000000
vt -0.304777 -0.331076 0.000000
vt -0.113613 -0.164597 0.000000
vt -0.246127 -0.376725 0.000000
vt -0.180763 -0.412098 0.000000
vt -0.070921 -0.187003 0.000000
vt -0.110468 -0.436230 0.000000
vt -0.024107 -0.198542 0.000000
vt -0.037161 -0.448463 0.000000
vt 0.037161 -0.448463 0.000000
vt 0.024107 -0.198542 0.000000
vt 0.110468 -0.436230 0.000000
vt 0.070921 -0.187003 0.000000
vt 0.180763 -0.412098 0.000000
vt 0.113613 -0.164597 0.000000
vt 0.246127 -0.376725 0.000000
vt 0.304777 -0.331076 0.000000
vt 0.149702 -0.132625 0.000000
vt 0.355113 -0.276396 0.000000
vt 0.177091 -0.092945 0.000000
vt 0.395763 -0.214176 0.000000
vt 0.425618 -0.146115 0.000000
vt 0.194188 -0.047863 0.000000
vt 0.131321 -0.193949 0.000000
vt 0.190335 -0.205687 0.000000
vt 0.205998 -0.086714 0.000000
vt 0.250377 -0.209623 0.000000
vt 0.250377 -0.089623 0.000000
vt 0.162379 -0.078037 0.000000
vt 0.074343 -0.174607 0.000000
vt 0.120265 -0.063742 0.000000
vt 0.020377 -0.147994 0.000000
vt 0.080377 -0.044071 0.000000
vt -0.029653 -0.114565 0.000000
vt 0.043398 -0.019363 0.000000
vt -0.074892 -0.074892 0.000000
vt 0.009961 0.009961 0.000000
vt -0.114565 -0.029653 0.000000
vt -0.019363 0.043398 0.000000
vt -0.147994 0.020377 0.000000
vt -0.044071 0.080377 0.000000
vt -0.174607 0.074343 0.000000
vt -0.063742 0.120265 0.000000
vt -0.193949 0.131321 0.000000
vt -0.078037 0.162379 0.000000
vt -0.205687 0.190335 0.000000
vt -0.086714 0.205998 0.000000
vt -0.209623 0.250377 0.000000
vt -0.089623 0.250377 0.000000
vt 0.001000 -0.048332 0.000000
vt 0.322000 -0.048332 0.000000
vt 0.001000 0.000000 0.000000
vt 0.322000 0.000000 0.000000
vt 0.001000 0.048332 0.000000
vt 0.322000 0.048332 0.000000
vt 0.001000 0.096664 0.000000
vt 0.322000 0.096664 0.000000
vt 0.001000 0.144997 0.000000
vt 0.322000 0.144997 0.000000
vt 0.001000 0.193329 0.000000
vt 0.322000 0.193329 0.000000
vt 0.001000 0.241661 0.000000
vt 0.322000 0.241661 0.000000
vt 0.001000 0.289993 0.000000
vt 0.322000 0.289993 0.000000
vt 0.001000 0.338325 0.000000
vt 0.322000 0.338325 0.000000
vt 0.001000 0.386658 0.000000
vt 0.322000 0.386658 0.000000
vt 0.001000 0.434990 0.000000
vt 0.322000 0.434990 0.000000
vt 0.001000 0.483322 0.000000
vt 0.322000 0.483322 0.000000
vt 0.001000 0.531654 0.000000
vt 0.322000 0.531654 0.000000
vt 0.001000 0.579986 0.000000
vt 0.322000 0.579986 0.000000
vt 0.001000 0.628319 0.000000
vt 0.322000 0.628319 0.000000
vt 0.001000 -0.628319 0.000000
vt 0.322000 -0.628319 0.000000
vt 0.001000 -0.579986 0.000000
vt 0.322000 -0.579986 0.000000
vt 0.001000 -0.531654 0.000000
vt 0.322000 -0.531654 0.000000
vt 0.001000 -0.483322 0.000000
vt 0.322000 -0.483322 0.000000
vt 0.001000 -0.434990 0.000000
vt 0.322000 -0.434990 0.000000
vt 0.001000 -0.386658 0.000000
vt 0.322000 -0.386658 0.000000
vt 0.001000 -0.338325 0.000000
vt 0.322000 -0.338325 0.000000
vt 0.001000 -0.289993 0.000000
vt 0.322000 -0.289993 0.000000
vt 0.001000 -0.241661 0.000000
vt 0.322000 -0.241661 0.000000
vt 0.001000 -0.193329 0.000000
vt 0.322000 -0.193329 0.000000
vt 0.001000 -0.144997 0.000000
vt 0.322000 -0.144997 0.000000
vt 0.001000 -0.096664 0.000000
vt 0.322000 -0.096664 0.000000
vt 0.001000 -0.048332 0.000000
vt 0.322000 -0.048332 0.000000
vt 0.001000 0.000000 0.000000
vt 0.322000 0.000000 0.000000
vt 0.001000 0.048332 0.000000
vt 0.322000 0.048332 0.000000
vt 0.001000 0.096664 0.000000
vt 0.322000 0.096664 0.000000
vt 0.001000 0.144997 0.000000
vt 0.322000 0.144997 0.000000
vt 0.001000 0.193329 0.000000
vt 0.322000 0.193329 0.000000
vt 0.001000 0.241661 0.000000
vt 0.322000 0.241661 0.000000
vt 0.001000 0.289993 0.000000
vt 0.322000 0.289993 0.000000
vt 0.001000 0.338325 0.000000
vt 0.322000 0.338325 0.000000
vt 0.001000 0.386658 0.000000
vt 0.322000 0.386658 0.000000
vt 0.001000 0.434990 0.000000
vt 0.322000 0.434990 0.000000
vt 0.001000 0.483322 0.000000
vt 0.322000 0.483322 0.000000
vt 0.001000 0.531654 0.000000
vt 0.322000 0.531654 0.000000
vt 0.001000 0.579986 0.000000
vt 0.322000 0.579986 0.000000
vt 0.001000 0.628319 0.000000
vt 0.322000 0.628319 0.000000
vt 0.001000 -0.628319 0.000000
vt 0.322000 -0.628319 0.000000
vt 0.001000 -0.579986 0.000000
vt 0.322000 -0.579986 0.000000
vt 0.001000 -0.531654 0.000000
vt 0.322000 -0.531654 0.000000
vt 0.001000 -0.483322 0.000000
vt 0.322000 -0.483322 0.000000
vt 0.001000 -0.434990 0.000000
vt 0.322000 -0.434990 0.000000
vt 0.001000 -0.386658 0.000000
vt 0.322000 -0.386658 0.000000
vt 0.001000 -0.338325 0.000000
vt 0.322000 -0.338325 0.000000
vt 0.001000 -0.289993 0.000000
vt 0.322000 -0.289993 0.000000
vt 0.001000 -0.241661 0.000000
vt 0.322000 -0.241661 0.000000
vt 0.001000 -0.193329 0.000000
vt 0.322000 -0.193329 0.000000
vt 0.001000 -0.144997 0.000000
vt 0.322000 -0.144997 0.000000
vt 0.001000 -0.096664 0.000000
vt 0.322000 -0.096664 0.000000
vt 0.001000 -0.048332 0.000000
vt 0.322000 -0.048332 0.000000
vt 0.001000 -0.000000 0.000000
vt 0.322000 0.000000 0.000000
vt 0.001000 0.048332 0.000000
vt 0.322000 0.048332 0.000000
vt 0.001000 0.096664 0.000000
vt 0.322000 0.096664 0.000000
vt 0.001000 0.144997 0.000000
vt 0.322000 0.144997 0.000000
vt 0.001000 0.193329 0.000000
vt 0.322000 0.193329 0.000000
vt 0.001000 0.241661 0.000000
vt 0.322000 0.241661 0.000000
vt 0.001000 0.289993 0.000000
vt 0.322000 0.289993 0.000000
vt 0.001000 0.338325 0.000000
vt 0.322000 0.338325 0.000000
vt 0.001000 0.386658 0.000000
vt 0.322000 0.386658 0.000000
vt 0.001000 0.434990 0.000000
vt 0.322000 0.434990 0.000000
vt 0.001000 0.483322 0.000000
vt 0.322000 0.483322 0.000000
vt 0.001000 0.531654 0.000000
vt 0.322000 0.531654 0.000000
vt 0.001000 0.579986 0.000000
vt 0.322000 0.579986 0.000000
vt 0.001000 0.628319 0.000000
vt 0.322000 0.628319 0.000000
vt 0.001000 -0.628319 0.000000
vt 0.322000 -0.628319 0.000000
vt 0.001000 -0.579986 0.000000
vt 0.322000 -0.579986 0.000000
vt 0.001000 -0.531654 0.000000
vt 0.322000 -0.531654 0.000000
vt 0.001000 -0.483322 0.000000
vt 0.322000 -0.483322 0.000000
vt 0.001000 -0.434990 0.000000
vt 0.322000 -0.434990 0.000000
vt 0.001000 -0.386658 0.000000
vt 0.322000 -0.386658 0.000000
vt 0.001000 -0.338325 0.000000
vt 0.322000 -0.338325 0.000000
vt 0.001000 -0.289993 0.000000
vt 0.322000 -0.289993 0.000000
vt 0.001000 -0.241661 0.000000
vt 0.322000 -0.241661 0.000000
vt 0.001000 -0.193329 0.000000
vt 0.322000 -0.193329 0.000000
vt 0.001000 -0.144997 0.000000
vt 0.322000 -0.144997 0.000000
vt 0.001000 -0.096664 0.000000
vt 0.322000 -0.096664 0.000000
vt 0.001000 -0.048332 0.000000
vt 0.322000 -0.048332 0.000000
vt 0.001000 -0.000000 0.000000
vt 0.322000 0.000000 0.000000
vt 0.001000 0.048332 0.000000
vt 0.322000 0.048332 0.000000
vt 0.001000 0.096664 0.000000
vt 0.322000 0.096664 0.000000
vt 0.001000 0.144997 0.000000
vt 0.322000 0.144997 0.000000
vt 0.001000 0.193329 0.000000
vt 0.322000 0.193329 0.000000
vt 0.001000 0.241661 0.000000
vt 0.322000 0.241661 0.000000
vt 0.001000 0.289993 0.000000
vt 0.322000 0.289993 0.000000
vt 0.001000 0.338325 0.000000
vt 0.322000 0.338325 0.000000
vt 0.001000 0.386658 0.000000
vt 0.322000 0.386658 0.000000
vt 0.001000 0.434990 0.000000
vt 0.322000 0.434990 0.000000
vt 0.001000 0.483322 0.000000
vt 0.322000 0.483322 0.000000
vt 0.001000 0.531654 0.000000
vt 0.322000 0.531654 0.000000
vt 0.001000 0.579986 0.000000
vt 0.322000 0.579986 0.000000
vt 0.001000 0.628319 0.000000
vt 0.322000 0.628319 0.000000
vt 0.001000 -0.628319 0.000000
vt 0.322000 -0.628319 0.000000
vt 0.001000 -0.579986 0.000000
vt 0.322000 -0.579986 0.000000
vt 0.001000 -0.531654 0.000000
vt 0.322000 -0.531654 0.000000
vt 0.001000 -0.483322 0.000000
vt 0.322000 -0.483322 0.000000
vt 0.001000 -0.434990 0.000000
vt 0.322000 -0.434990 0.000000
vt 0.001000 -0.386658 0.000000
vt 0.322000 -0.386658 0.000000
vt 0.001000 -0.338325 0.000000
vt 0.322000 -0.338325 0.000000
vt 0.001000 -0.289993 0.000000
vt 0.322000 -0.289993 0.000000
vt 0.001000 -0.241661 0.000000
vt 0.322000 -0.241661 0.000000
vt 0.001000 -0.193329 0.000000
vt 0.322000 -0.193329 0.000000
vt 0.001000 -0.144997 0.000000
vt 0.322000 -0.144997 0.000000
vt 0.001000 -0.096664 0.000000
vt 0.322000 -0.096664 0.000000
vt -0.194188 -0.047863 0.000000
vt 0.194188 -0.047863 0.000000
vt -0.200000 0.000000 0.000000
vt 0.200000 0.000000 0.000000
vt -0.194188 0.047863 0.000000
vt 0.194188 0.047863 0.000000
vt -0.177091 0.092945 0.000000
vt 0.177091 0.092945 0.000000
vt -0.149702 0.132625 0.000000
vt 0.149702 0.132625 0.000000
vt -0.113613 0.164597 0.000000
vt 0.113613 0.164597 0.000000
vt -0.070921 0.187003 0.000000
vt 0.070921 0.187003 0.000000
vt -0.024107 0.198542 0.000000
vt 0.024107 0.198542 0.000000
vt 0.177091 -0.092945 0.000000
vt -0.177091 -0.092945 0.000000
vt 0.149702 -0.132625 0.000000
vt -0.149702 -0.132625 0.000000
vt 0.113613 -0.164597 0.000000
vt -0.113613 -0.164597 0.000000
vt 0.070921 -0.187003 0.000000
vt -0.070921 -0.187003 0.000000
vt 0.024107 -0.198542 0.000000
vt -0.024107 -0.198542 0.000000
vt -0.194188 -0.047863 0.000000
vt 0.194188 -0.047863 0.000000
vt -0.200000 0.000000 0.000000
vt 0.200000 0.000000 0.000000
vt -0.194188 0.047863 0.000000
vt 0.194188 0.047863 0.000000
vt -0.177091 0.092945 0.000000
vt 0.177091 0.092945 0.000000
vt -0.149702 0.132625 0.000000
vt 0.149702 0.132625 0.000000
vt -0.113613 0.164597 0.000000
vt 0.113613 0.164597 0.000000
vt -0.070921 0.187003 0.000000
vt 0.070921 0.187003 0.000000
vt -0.024107 0.198542 0.000000
vt 0.024107 0.198542 0.000000
vt 0.177091 -0.092945 0.000000
vt -0.177091 -0.092945 0.000000
vt 0.149702 -0.132625 0.000000
vt -0.149702 -0.132625 0.000000
vt 0.113613 -0.164597 0.000000
vt -0.113613 -0.164597 0.000000
vt 0.070921 -0.187003 0.000000
vt -0.070921 -0.187003 0.000000
vt 0.024107 -0.198542 0.000000
vt -0.024107 -0.198542 0.000000
vt -0.194188 -0.047863 0.000000
vt 0.194188 -0.047863 0.000000
vt -0.200000 0.000000 0.000000
vt 0.200000 0.000000 0.000000
vt -0.194188 0.047863 0.000000
vt 0.194188 0.047863 0.000000
vt -0.177091 0.092945 0.000000
vt 0.177091 0.092945 0.000000
vt -0.149702 0.132625 0.000000
vt 0.149702 0.132625 0.000000
vt -0.113613 0.164597 0.000000
vt 0.113613 0.164597 0.000000
vt -0.070921 0.187003 0.000000
vt 0.070921 0.187003 0.000000
vt -0.024107 0.198542 0.000000
vt 0.024107 0.198542 0.000000
vt 0.177091 -0.092945 0.000000
vt -0.177091 -0.092945 0.000000
vt 0.149702 -0.132625 0.000000
vt -0.149702 -0.132625 0.000000
vt 0.113613 -0.164597 0.000000
vt -0.113613 -0.164597 0.000000
vt 0.070921 -0.187003 0.000000
vt -0.070921 -0.187003 0.000000
vt 0.024107 -0.198542 0.000000
vt -0.024107 -0.198542 0.000000
vt -0.194188 -0.047863 0.000000
vt 0.194188 -0.047863 0.000000
vt -0.200000 0.000000 0.000000
vt 0.200000 0.000000 0.000000
vt -0.194188 0.047863 0.000000
vt 0.194188 0.047863 0.000000
vt -0.177091 0.092945 0.000000
vt 0.177091 0.092945 0.000000
vt -0.149702 0.132625 0.000000
vt 0.149702 0.132625 0.000000
vt -0.113613 0.164597 0.000000
vt 0.113613 0.164597 0.000000
vt -0.070921 0.187003 0.000000
vt 0.070921 0.187003 0.000000
vt -0.024107 0.198542 0.000000
vt 0.024107 0.198542 0.000000
vt 0.177091 -0.092945 0.000000
vt -0.177091 -0.092945 0.000000
vt 0.149702 -0.132625 0.000000
vt -0.149702 -0.132625 0.000000
vt 0.113613 -0.164597 0.000000
vt -0.113613 -0.164597 0.000000
vt 0.070921 -0.187003 0.000000
vt -0.070921 -0.187003 0.000000
vt 0.024107 -0.198542 0.000000
vt -0.024107 -0.198542 0.000000
vn -0.000000 -0.000000 1.000000
vn -0.000000 -0.000000 1.000000
vn -0.000000 -0.000000 1.000000
vn -0.000000 -0.000000 1.000000
vn -1.000000 0.000000 -0.000000
vn -1.000000 0.000000 -0.000000
vn -0.987688 -0.000000 0.156434
vn -0.987688 -0.000000 0.156434
vn -0.951057 -0.000000 0.309017
vn -0.951057 -0.000000 0.309017
vn -0.891007 -0.000000 0.453990
vn -0.891007 -0.000000 0.453990
vn -0.809017 -0.000000 0.587785
vn -0.809017 -0.000000 0.587785
vn -0.707107 -0.000000 0.707107
vn -0.707107 -0.000000 0.707107
vn -0.587785 -0.000000 0.809017
vn -0.587785 -0.000000 0.809017
vn -0.453990 -0.000000 0.891007
vn -0.453990 -0.000000 0.891007
vn -0.309017 -0.000000 0.951057
vn -0.309017 -0.000000 0.951057
vn -0.156434 -0.000000 0.987688
vn -0.156434 -0.000000 0.987688
vn 0.156434 -0.000000 0.987688
vn 0.156434 -0.000000 0.987688
vn 0.309017 -0.000000 0.951057
vn 0.309017 -0.000000 0.951057
vn 0.453990 -0.000000 0.891007
vn 0.453990 -0.000000 0.891007
vn 0.587785 -0.000000 0.809017
vn 0.587785 -0.000000 0.809017
vn 0.707107 -0.000000 0.707107
vn 0.707107 -0.000000 0.707107
vn 0.809017 -0.000000 0.587785
vn 0.809017 -0.000000 0.587785
vn 0.891007 -0.000000 0.453990
vn 0.891007 -0.000000 0.453990
vn 0.951057 -0.000000 0.309017
vn 0.951057 -0.000000 0.309017
vn 0.987688 -0.000000 0.156434
vn 0.987688 -0.000000 0.156434
vn 1.000000 0.000000 -0.000000
vn 1.000000 0.000000 -0.000000
vn -0.000000 -1.000000 -0.000000
vn -0.000000 -1.000000 -0.000000
vn -0.000000 -1.000000 -0.000000
vn -0.000000 -1.000000 -0.000000
vn -0.000000 -1.000000 -0.000000
vn -0.000000 -1.000000 -0.000000
vn -0.000000 -1.000000 -0.000000
vn -0.000000 -1.000000 -0.000000
vn -0.000000 -1.000000 -0.000000
vn -0.000000 -1.000000 -0.000000
vn -0.000000 -1.000000 -0.000000
vn -0.000000 -1.000000 -0.000000
vn -0.000000 -1.000000 -0.000000
vn -0.000000 -1.000000 -0.000000
vn -0.000000 -1.000000 -0.000000
vn -0.000000 -1.000000 -0.000000
vn -0.000000 -1.000000 -0.000000
vn -0.000000 -1.000000 -0.000000
vn -0.000000 -1.000000 -0.000000
vn -0.000000 -1.000000 -0.000000
vn -0.000000 -1.000000 -0.000000
vn -0.000000 -1.000000 -0.000000
vn -0.000000 -1.000000 -0.000000
vn -0.000000 -1.000000 -0.000000
vn -0.000000 -1.000000 -0.000000
vn -0.000000 -1.000000 -0.000000
vn -0.000000 -1.000000 -0.000000
vn -0.000000 -1.000000 -0.000000
vn -0.000000 -1.000000 -0.000000
vn -0.000000 -1.000000 -0.000000
vn -0.000000 -1.000000 -0.000000
vn -0.000000 -1.000000 -0.000000
vn -0.000000 -1.000000 -0.000000
vn -0.000000 -1.000000 -0.000000
vn -0.000000 -1.000000 -0.000000
vn -0.000000 -1.000000 -0.000000
vn -0.000000 -1.000000 -0.000000
vn -0.000000 -1.000000 -0.000000
vn -0.000000 -1.000000 -0.000000
vn -0.000000 -1.000000 -0.000000
vn -0.000000 -1.000000 -0.000000
vn -0.000000 -1.000000 -0.000000
vn -0.000000 -1.000000 -0.000000
vn -0.000000 -1.000000 -0.000000
vn -0.000000 -1.000000 -0.000000
vn -0.000000 -1.000000 -0.000000
vn -0.000000 -1.000000 -0.000000
vn -0.000000 -1.000000 -0.000000
vn -0.000000 -1.000000 -0.000000
vn -0.000000 -1.000000 -0.000000
vn -0.000000 -1.000000 -0.000000
vn -0.000000 -1.000000 -0.000000
vn -0.000000 -1.000000 -0.000000
vn -0.000000 -1.000000 -0.000000
vn -0.000000 -1.000000 -0.000000
vn -0.000000 -1.000000 -0.000000
vn -0.000000 -1.000000 -0.000000
vn -0.000000 -1.000000 -0.000000
vn -0.000000 -1.000000 -0.000000
vn -0.000000 -1.000000 -0.000000
vn -0.000000 -1.000000 -0.000000
vn -0.000000 -1.000000 -0.000000
vn -0.000000 -1.000000 -0.000000
vn -0.000000 -1.000000 -0.000000
vn -0.000000 -1.000000 -0.000000
vn -0.000000 -1.000000 -0.000000
vn -0.000000 -1.000000 -0.000000
vn -0.000000 -1.000000 -0.000000
vn -0.000000 -1.000000 -0.000000
vn -0.000000 -1.000000 -0.000000
vn -0.000000 -1.000000 -0.000000
vn -0.000000 -1.000000 -0.000000
vn -0.000000 -1.000000 -0.000000
vn -0.000000 -1.000000 -0.000000
vn -0.000000 -1.000000 -0.000000
vn -0.000000 -1.000000 -0.000000
vn -0.000000 -1.000000 -0.000000
vn -0.000000 -1.000000 -0.000000
vn -0.000000 -1.000000 -0.000000
vn -0.000000 -1.000000 -0.000000
vn -0.000000 -1.000000 -0.000000
vn -0.000000 -1.000000 -0.000000
vn -0.000000 -1.000000 -0.000000
vn -0.000000 -1.000000 -0.000000
vn -0.000000 -1.000000 -0.000000
vn -0.000000 -1.000000 -0.000000
vn -0.000000 -1.000000 -0.000000
vn -0.000000 -1.000000 -0.000000
vn -0.000000 -1.000000 -0.000000
vn -0.000000 -1.000000 -0.000000
vn -0.000000 -1.000000 -0.000000
vn -0.000000 -1.000000 -0.000000
vn -0.000000 -1.000000 -0.000000
vn -0.000000 -1.000000 -0.000000
vn -0.000000 -1.000000 -0.000000
vn -0.000000 -1.000000 -0.000000
vn -0.000000 -1.000000 -0.000000
vn -0.000000 -1.000000 -0.000000
vn -0.000000 -1.000000 -0.000000
vn -0.000000 -1.000000 -0.000000
vn -0.000000 -1.000000 -0.000000
vn -0.000000 -1.000000 -0.000000
vn -0.000000 -1.000000 -0.000000
vn -0.000000 -1.000000 -0.000000
vn -0.000000 -1.000000 -0.000000
vn -0.000000 -1.000000 -0.000000
vn -0.000000 -1.000000 -0.000000
vn -0.000000 -1.000000 -0.000000
vn -0.000000 -1.000000 -0.000000
vn -0.000000 -1.000000 -0.000000
vn -0.000000 -1.000000 -0.000000
vn -0.000000 -1.000000 -0.000000
vn -0.000000 -1.000000 -0.000000
vn -0.000000 -1.000000 -0.000000
vn -0.000000 -1.000000 -0.000000
vn -0.000000 -1.000000 -0.000000
vn -0.000000 -1.000000 -0.000000
vn -0.000000 -1.000000 -0.000000
vn -0.000000 -1.000000 -0.000000
vn -0.000000 -1.000000 -0.000000
vn -0.000000 -1.000000 -0.000000
vn -0.000000 -1.000000 -0.000000
vn -0.000000 -1.000000 -0.000000
vn -0.000000 -1.000000 -0.000000
vn -0.000000 -1.000000 -0.000000
vn -0.000000 -1.000000 -0.000000
vn -0.000000 -1.000000 -0.000000
vn -0.000000 -1.000000 -0.000000
vn -0.000000 -1.000000 -0.000000
vn -0.000000 -1.000000 -0.000000
vn -0.000000 -1.000000 -0.000000
vn -0.000000 -1.000000 -0.000000
vn -0.000000 -1.000000 -0.000000
vn -0.000000 -1.000000 -0.000000
vn -0.000000 -1.000000 -0.000000
vn -0.000000 -1.000000 -0.000000
vn -0.000000 -1.000000 -0.000000
vn -0.000000 -1.000000 -0.000000
vn -0.000000 -1.000000 -0.000000
vn -0.000000 -1.000000 -0.000000
vn -0.000000 -1.000000 -0.000000
vn -0.000000 -1.000000 -0.000000
vn -0.000000 -1.000000 -0.000000
vn -0.000000 -1.000000 -0.000000
vn 0.000000 1.000000 0.000000
vn 0.000000 1.000000 0.000000
vn 0.000000 1.000000 0.000000
vn 0.000000 1.000000 0.000000
vn 0.000000 1.000000 0.000000
vn 0.000000 1.000000 0.000000
vn 0.000000 1.000000 0.000000
vn 0.000000 1.000000 0.000000
vn 0.000000 1.000000 0.000000
vn 0.000000 1.000000 0.000000
vn 0.000000 1.000000 0.000000
vn 0.000000 1.000000 0.000000
vn 0.000000 1.000000 0.000000
vn 0.000000 1.000000 0.000000
vn 0.000000 1.000000 0.000000
vn 0.000000 1.000000 0.000000
vn 0.000000 1.000000 0.000000
vn 0.000000 1.000000 0.000000
vn 0.000000 1.000000 0.000000
vn 0.000000 1.000000 0.000000
vn 0.000000 1.000000 0.000000
vn 0.000000 1.000000 0.000000
vn 0.000000 1.000000 0.000000
vn 0.000000 1.000000 0.000000
vn 0.000000 1.000000 0.000000
vn 0.000000 1.000000 0.000000
vn 0.000000 1.000000 0.000000
vn 0.000000 1.000000 0.000000
vn 0.000000 1.000000 0.000000
vn 0.000000 1.000000 0.000000
vn 0.000000 1.000000 0.000000
vn 0.000000 1.000000 0.000000
vn 0.000000 1.000000 0.000000
vn 0.000000 1.000000 0.000000
vn 0.000000 1.000000 0.000000
vn 0.000000 1.000000 0.000000
vn 0.000000 1.000000 0.000000
vn 0.000000 1.000000 0.000000
vn 0.000000 1.000000 0.000000
vn 0.000000 1.000000 0.000000
vn 0.000000 1.000000 0.000000
vn 0.000000 1.000000 0.000000
vn 0.000000 1.000000 0.000000
vn 0.000000 1.000000 0.000000
vn 0.000000 1.000000 0.000000
vn 0.000000 1.000000 0.000000
vn 0.000000 1.000000 0.000000
vn 0.000000 1.000000 0.000000
vn 0.000000 1.000000 0.000000
vn 0.000000 1.000000 0.000000
vn 0.000000 1.000000 0.000000
vn 0.000000 1.000000 0.000000
vn 0.000000 1.000000 0.000000
vn 0.000000 1.000000 0.000000
vn 0.000000 1.000000 0.000000
vn 0.000000 1.000000 0.000000
vn 0.000000 1.000000 0.000000
vn 0.000000 1.000000 0.000000
vn 0.000000 1.000000 0.000000
vn 0.000000 1.000000 0.000000
vn 0.000000 1.000000 0.000000
vn 0.000000 1.000000 0.000000
vn 0.000000 1.000000 0.000000
vn 0.000000 1.000000 0.000000
vn 0.000000 1.000000 0.000000
vn 0.000000 1.000000 0.000000
vn 0.000000 1.000000 0.000000
vn 0.000000 1.000000 0.000000
vn 0.000000 1.000000 0.000000
vn 0.000000 1.000000 0.000000
vn 0.000000 1.000000 0.000000
vn 0.000000 1.000000 0.000000
vn 0.000000 1.000000 0.000000
vn 0.000000 1.000000 0.000000
vn 0.000000 1.000000 0.000000
vn 0.000000 1.000000 0.000000
vn 0.000000 1.000000 0.000000
vn 0.000000 1.000000 0.000000
vn 0.000000 1.000000 0.000000
vn 0.000000 1.000000 0.000000
vn 0.000000 1.000000 0.000000
vn 0.000000 1.000000 0.000000
vn 0.000000 1.000000 0.000000
vn 0.000000 1.000000 0.000000
vn 0.000000 1.000000 0.000000
vn 0.000000 1.000000 0.000000
vn 0.000000 1.000000 0.000000
vn 0.000000 1.000000 0.000000
vn 0.000000 1.000000 0.000000
vn 0.000000 1.000000 0.000000
vn 0.000000 1.000000 0.000000
vn 0.000000 1.000000 0.000000
vn 0.000000 1.000000 0.000000
vn 0.000000 1.000000 0.000000
vn 0.000000 1.000000 0.000000
vn 0.000000 1.000000 0.000000
vn 0.000000 1.000000 0.000000
vn 0.000000 1.000000 0.000000
vn 0.000000 1.000000 0.000000
vn 0.000000 1.000000 0.000000
vn 0.000000 1.000000 0.000000
vn 0.000000 1.000000 0.000000
vn 0.000000 1.000000 0.000000
vn 0.000000 1.000000 0.000000
vn 0.000000 1.000000 0.000000
vn 0.000000 1.000000 0.000000
vn 0.000000 1.000000 0.000000
vn 0.000000 1.000000 0.000000
vn 0.000000 1.000000 0.000000
vn 0.000000 1.000000 0.000000
vn 0.000000 1.000000 0.000000
vn 0.000000 1.000000 0.000000
vn 0.000000 1.000000 0.000000
vn 0.000000 1.000000 0.000000
vn 0.000000 1.000000 0.000000
vn 0.000000 1.000000 0.000000
vn 0.000000 1.000000 0.000000
vn 0.000000 1.000000 0.000000
vn 0.000000 1.000000 0.000000
vn 0.000000 1.000000 0.000000
vn 0.000000 1.000000 0.000000
vn 0.000000 1.000000 0.000000
vn 0.000000 1.000000 0.000000
vn 0.000000 1.000000 0.000000
vn 0.000000 1.000000 0.000000
vn 0.000000 1.000000 0.000000
vn 0.000000 1.000000 0.000000
vn 0.000000 1.000000 0.000000
vn 0.000000 1.000000 0.000000
vn 0.000000 1.000000 0.000000
vn 0.000000 1.000000 0.000000
vn 0.000000 1.000000 0.000000
vn 0.000000 1.000000 0.000000
vn 0.000000 1.000000 0.000000
vn 0.000000 1.000000 0.000000
vn 0.000000 1.000000 0.000000
vn 0.000000 1.000000 0.000000
vn 0.000000 1.000000 0.000000
vn 0.000000 1.000000 0.000000
vn 0.000000 1.000000 0.000000
vn 0.000000 1.000000 0.000000
vn 0.000000 1.000000 0.000000
vn 0.000000 1.000000 0.000000
vn 0.000000 1.000000 0.000000
vn 0.000000 1.000000 0.000000
vn 0.000000 1.000000 0.000000
vn 0.000000 1.000000 0.000000
vn 0.000000 1.000000 0.000000
vn 0.000000 1.000000 0.000000
vn 0.000000 1.000000 0.000000
vn 0.000000 1.000000 0.000000
vn 0.000000 1.000000 0.000000
vn 0.000000 1.000000 0.000000
vn 0.000000 1.000000 0.000000
vn 0.000000 1.000000 0.000000
vn 0.000000 1.000000 0.000000
vn 0.000000 1.000000 0.000000
vn 0.000000 1.000000 0.000000
vn 0.000000 1.000000 0.000000
vn 0.000000 1.000000 0.000000
vn 0.000000 1.000000 0.000000
vn 0.000000 1.000000 0.000000
vn 0.000000 1.000000 0.000000
vn 0.000000 1.000000 0.000000
vn 0.000000 1.000000 0.000000
vn 0.000000 1.000000 0.000000
vn 0.000000 1.000000 0.000000
vn 0.000000 1.000000 0.000000
vn 0.000000 1.000000 0.000000
vn 0.000000 1.000000 0.000000
vn 0.000000 1.000000 0.000000
vn 0.000000 1.000000 0.000000
vn 0.000000 1.000000 0.000000
vn 0.000000 1.000000 0.000000
vn 0.000000 1.000000 0.000000
vn 0.000000 1.000000 0.000000
vn 0.000000 1.000000 0.000000
vn 0.000000 1.000000 0.000000
vn 0.000000 1.000000 0.000000
vn 0.000000 1.000000 0.000000
vn 0.000000 1.000000 0.000000
vn 0.000000 1.000000 0.000000
vn 0.000000 1.000000 0.000000
vn 0.000000 1.000000 0.000000
vn 0.000000 1.000000 0.000000
vn 0.000000 1.000000 0.000000
vn 0.000000 1.000000 0.000000
vn 0.000000 1.000000 0.000000
vn 0.000000 1.000000 0.000000
vn 0.000000 1.000000 0.000000
vn 0.000000 1.000000 0.000000
vn 0.000000 1.000000 0.000000
vn 0.000000 1.000000 0.000000
vn 0.000000 1.000000 0.000000
vn 0.000000 1.000000 0.000000
vn 0.000000 1.000000 0.000000
vn 0.000000 1.000000 0.000000
vn 0.000000 1.000000 0.000000
vn 0.000000 1.000000 0.000000
vn 0.000000 1.000000 0.000000
vn 0.000000 1.000000 0.000000
vn 0.000000 1.000000 0.000000
vn 0.000000 1.000000 0.000000
vn 0.000000 1.000000 0.000000
vn 0.000000 1.000000 0.000000
vn 0.000000 1.000000 0.000000
vn 0.000000 1.000000 0.000000
vn 0.000000 1.000000 0.000000
vn 0.000000 1.000000 0.000000
vn 0.000000 1.000000 0.000000
vn 0.000000 1.000000 0.000000
vn 0.000000 1.000000 0.000000
vn 0.000000 1.000000 0.000000
vn 0.000000 1.000000 0.000000
vn 0.000000 1.000000 0.000000
vn 0.000000 1.000000 0.000000
vn 0.000000 1.000000 0.000000
vn 0.000000 1.000000 0.000000
vn 0.000000 1.000000 0.000000
vn 0.000000 1.000000 0.000000
vn 0.000000 1.000000 0.000000
vn 0.000000 1.000000 0.000000
vn 0.000000 1.000000 0.000000
vn 0.000000 1.000000 0.000000
vn 0.000000 1.000000 0.000000
vn 0.000000 1.000000 0.000000
vn 0.000000 1.000000 0.000000
vn 0.000000 1.000000 0.000000
vn 0.000000 1.000000 0.000000
vn 0.000000 1.000000 0.000000
vn 0.000000 1.000000 0.000000
vn 0.000000 1.000000 0.000000
vn 0.000000 1.000000 0.000000
vn 0.000000 1.000000 0.000000
vn 0.000000 1.000000 0.000000
vn 0.000000 1.000000 0.000000
vn 0.000000 1.000000 0.000000
vn 0.000000 1.000000 0.000000
vn 0.000000 1.000000 0.000000
vn 0.000000 1.000000 0.000000
vn 0.000000 1.000000 0.000000
vn 0.000000 1.000000 0.000000
vn 0.000000 1.000000 0.000000
vn 0.000000 1.000000 0.000000
vn 0.000000 1.000000 0.000000
vn 0.000000 1.000000 0.000000
vn 0.000000 1.000000 0.000000
vn 0.000000 1.000000 0.000000
vn 0.000000 1.000000 0.000000
vn 0.000000 1.000000 0.000000
vn 0.000000 1.000000 0.000000
vn 0.000000 1.000000 0.000000
vn 0.000000 1.000000 0.000000
vn 0.000000 1.000000 0.000000
vn 0.000000 1.000000 0.000000
vn 0.000000 1.000000 0.000000
vn 0.000000 1.000000 0.000000
vn 0.000000 1.000000 0.000000
vn 0.000000 1.000000 0.000000
vn 0.000000 1.000000 0.000000
vn 0.000000 1.000000 0.000000
vn 0.000000 1.000000 0.000000
vn 0.000000 1.000000 0.000000
vn 0.000000 1.000000 0.000000
vn 0.000000 1.000000 0.000000
vn 0.000000 1.000000 0.000000
vn 0.000000 1.000000 0.000000
vn 0.000000 1.000000 0.000000
vn 0.000000 1.000000 0.000000
vn 0.000000 1.000000 0.000000
vn 0.000000 1.000000 0.000000
vn 0.000000 1.000000 0.000000
vn 0.000000 1.000000 0.000000
vn 0.000000 1.000000 0.000000
vn 0.000000 1.000000 0.000000
vn 0.000000 1.000000 0.000000
vn 0.000000 1.000000 0.000000
vn 0.000000 1.000000 0.000000
vn 0.000000 1.000000 0.000000
vn 0.000000 1.000000 0.000000
vn 0.000000 1.000000 0.000000
vn 0.000000 1.000000 0.000000
vn 0.000000 1.000000 0.000000
vn 0.000000 1.000000 0.000000
vn 0.000000 1.000000 0.000000
vn 0.000000 1.000000 0.000000
vn 0.000000 1.000000 0.000000
vn 0.000000 1.000000 0.000000
vn 0.000000 1.000000 0.000000
vn 0.000000 1.000000 0.000000
vn 0.000000 1.000000 0.000000
vn 0.000000 1.000000 0.000000
vn 0.000000 1.000000 0.000000
vn 0.000000 1.000000 0.000000
vn 0.000000 1.000000 0.000000
vn 0.000000 1.000000 0.000000
vn 0.000000 1.000000 0.000000
vn 0.000000 1.000000 0.000000
vn 0.000000 1.000000 0.000000
vn 0.000000 1.000000 0.000000
vn 0.000000 1.000000 0.000000
vn 0.000000 1.000000 0.000000
vn 0.000000 1.000000 0.000000
vn 0.000000 1.000000 0.000000
vn 0.000000 1.000000 0.000000
vn 0.000000 1.000000 0.000000
vn 0.000000 1.000000 0.000000
vn 0.000000 1.000000 0.000000
vn 0.000000 1.000000 0.000000
vn 0.000000 1.000000 0.000000
vn 0.000000 1.000000 0.000000
vn 0.000000 1.000000 0.000000
vn 0.000000 1.000000 0.000000
vn 0.000000 1.000000 0.000000
vn 0.000000 1.000000 0.000000
vn 0.000000 1.000000 0.000000
vn 0.000000 1.000000 0.000000
vn 0.000000 1.000000 0.000000
vn 0.000000 1.000000 0.000000
vn 0.000000 1.000000 0.000000
vn 0.000000 1.000000 0.000000
vn 0.000000 1.000000 0.000000
vn 0.000000 1.000000 0.000000
vn 0.000000 1.000000 0.000000
vn 0.000000 1.000000 0.000000
vn 0.000000 1.000000 0.000000
vn 0.000000 1.000000 0.000000
vn 0.000000 1.000000 0.000000
vn 0.000000 1.000000 0.000000
vn 0.000000 1.000000 0.000000
vn 0.000000 1.000000 0.000000
vn 0.000000 1.000000 0.000000
vn 0.000000 1.000000 0.000000
vn 0.000000 1.000000 0.000000
vn 0.000000 1.000000 0.000000
vn 0.000000 1.000000 0.000000
vn 0.000000 1.000000 0.000000
vn 0.000000 1.000000 0.000000
vn 0.000000 1.000000 0.000000
vn 0.000000 1.000000 0.000000
vn 0.000000 1.000000 0.000000
vn 0.000000 1.000000 0.000000
vn 0.000000 1.000000 0.000000
vn 0.000000 1.000000 0.000000
vn 0.000000 1.000000 0.000000
vn 0.000000 1.000000 0.000000
vn 0.000000 1.000000 0.000000
vn 0.000000 1.000000 0.000000
vn 0.000000 1.000000 0.000000
vn 0.000000 1.000000 0.000000
vn 0.000000 1.000000 0.000000
vn 0.000000 1.000000 0.000000
vn 0.000000 1.000000 0.000000
vn 0.000000 1.000000 0.000000
vn 0.000000 1.000000 0.000000
vn 0.000000 1.000000 0.000000
vn 0.000000 1.000000 0.000000
vn 0.000000 1.000000 0.000000
vn 0.000000 1.000000 0.000000
vn 0.000000 1.000000 0.000000
vn 0.000000 1.000000 0.000000
vn 0.000000 1.000000 0.000000
vn 0.000000 1.000000 0.000000
vn 0.000000 1.000000 0.000000
vn 0.000000 1.000000 0.000000
vn 0.000000 1.000000 0.000000
vn 0.000000 1.000000 0.000000
vn 0.000000 1.000000 0.000000
vn 0.000000 1.000000 0.000000
vn 0.000000 1.000000 0.000000
vn 0.000000 1.000000 0.000000
vn 0.000000 1.000000 0.000000
vn 0.000000 1.000000 0.000000
vn 0.000000 1.000000 0.000000
vn 0.000000 1.000000 0.000000
vn 0.000000 1.000000 0.000000
vn 0.000000 1.000000 0.000000
vn 0.000000 1.000000 0.000000
vn 0.000000 1.000000 0.000000
vn 0.000000 1.000000 0.000000
vn 0.000000 1.000000 0.000000
vn 0.000000 1.000000 0.000000
vn 0.000000 1.000000 0.000000
vn 0.000000 1.000000 0.000000
vn 0.000000 1.000000 0.000000
vn 0.000000 1.000000 0.000000
vn 0.000000 1.000000 0.000000
vn 0.000000 1.000000 0.000000
vn 0.000000 1.000000 0.000000
vn 0.000000 1.000000 0.000000
vn 0.000000 1.000000 0.000000
vn 0.000000 1.000000 0.000000
vn 0.000000 1.000000 0.000000
vn 0.000000 1.000000 0.000000
vn 0.000000 1.000000 0.000000
vn 0.000000 1.000000 0.000000
vn 0.000000 1.000000 0.000000
vn 0.000000 1.000000 0.000000
vn 0.000000 1.000000 0.000000
vn 0.000000 1.000000 0.000000
vn 0.000000 1.000000 0.000000
vn 0.000000 1.000000 0.000000
vn 0.000000 1.000000 0.000000
vn 0.000000 1.000000 0.000000
vn 0.000000 1.000000 0.000000
vn 0.000000 1.000000 0.000000
vn 0.000000 1.000000 0.000000
vn 0.000000 1.000000 0.000000
vn 0.000000 1.000000 0.000000
vn 0.000000 1.000000 0.000000
vn 0.000000 1.000000 0.000000
vn 0.000000 1.000000 0.000000
vn 0.000000 1.000000 0.000000
vn 0.000000 1.000000 0.000000
vn 0.000000 1.000000 0.000000
vn 0.000000 1.000000 0.000000
vn 0.000000 1.000000 0.000000
vn 0.000000 1.000000 0.000000
vn 0.000000 1.000000 0.000000
vn 0.000000 1.000000 0.000000
vn 0.000000 1.000000 0.000000
vn 0.000000 1.000000 0.000000
vn 0.000000 1.000000 0.000000
vn 0.000000 1.000000 0.000000
vn 0.000000 1.000000 0.000000
vn 0.000000 1.000000 0.000000
vn 0.000000 1.000000 0.000000
vn 0.000000 1.000000 0.000000
vn 0.000000 1.000000 0.000000
vn 0.000000 1.000000 0.000000
vn 0.000000 1.000000 0.000000
vn 0.000000 1.000000 0.000000
vn 0.000000 1.000000 0.000000
vn 0.000000 1.000000 0.000000
vn 0.000000 1.000000 0.000000
vn 0.000000 1.000000 0.000000
vn 0.000000 1.000000 0.000000
vn 0.000000 1.000000 0.000000
vn 0.000000 1.000000 0.000000
vn 0.000000 1.000000 0.000000
vn 0.000000 1.000000 0.000000
vn 0.000000 1.000000 0.000000
vn 0.000000 1.000000 0.000000
vn 0.000000 1.000000 0.000000
vn 0.000000 1.000000 0.000000
vn 0.000000 1.000000 0.000000
vn 0.000000 1.000000 0.000000
vn 0.000000 1.000000 0.000000
vn -1.000000 -0.000000 -0.000000
vn -1.000000 -0.000000 -0.000000
vn 1.000000 -0.000000 -0.000000
vn 1.000000 -0.000000 -0.000000
vn 0.000000 0.000000 -1.000000
vn 0.000000 0.000000 -1.000000
vn -0.156434 0.000000 -0.987688
vn -0.156434 0.000000 -0.987688
vn -0.309017 0.000000 -0.951057
vn -0.309017 0.000000 -0.951057
vn -0.453990 0.000000 -0.891007
vn -0.453990 0.000000 -0.891007
vn -0.587785 0.000000 -0.809017
vn -0.587785 0.000000 -0.809017
vn -0.707107 0.000000 -0.707107
vn -0.707107 0.000000 -0.707107
vn -0.809017 0.000000 -0.587785
vn -0.809017 0.000000 -0.587785
vn -0.891007 0.000000 -0.453990
vn -0.891007 0.000000 -0.453990
vn -0.951057 0.000000 -0.309017
vn -0.951057 0.000000 -0.309017
vn -0.987688 0.000000 -0.156434
vn -0.987688 0.000000 -0.156434
vn 0.987688 0.000000 -0.156434
vn 0.987688 0.000000 -0.156434
vn 0.951057 0.000000 -0.309017
vn 0.951057 0.000000 -0.309017
vn 0.891007 0.000000 -0.453990
vn 0.891007 0.000000 -0.453990
vn 0.809017 0.000000 -0.587785
vn 0.809017 0.000000 -0.587785
vn 0.707107 0.000000 -0.707107
vn 0.707107 0.000000 -0.707107
vn 0.587785 0.000000 -0.809017
vn 0.587785 0.000000 -0.809017
vn 0.453990 0.000000 -0.891007
vn 0.453990 0.000000 -0.891007
vn 0.309017 0.000000 -0.951057
vn 0.309017 0.000000 -0.951057
vn 0.156434 0.000000 -0.987688
vn 0.156434 0.000000 -0.987688
vn 0.000000 0.000000 -1.000000
vn 0.000000 0.000000 -1.000000
vn -0.965926 0.000000 -0.258819
vn -0.965926 0.000000 -0.258819
vn -1.000000 0.000000 -0.000000
vn -1.000000 -0.000000 0.000000
vn -0.965926 -0.000000 0.258819
vn -0.965926 -0.000000 0.258819
vn -0.866025 -0.000000 0.500000
vn -0.866025 -0.000000 0.500000
vn -0.707107 -0.000000 0.707107
vn -0.707107 -0.000000 0.707107
vn -0.500000 -0.000000 0.866025
vn -0.500000 -0.000000 0.866025
vn -0.258819 -0.000000 0.965926
vn -0.258819 -0.000000 0.965926
vn -0.000000 -0.000000 1.000000
vn -0.000000 -0.000000 1.000000
vn 0.258819 -0.000000 0.965926
vn 0.258819 -0.000000 0.965926
vn 0.500000 -0.000000 0.866025
vn 0.500000 -0.000000 0.866025
vn 0.707107 -0.000000 0.707107
vn 0.707107 -0.000000 0.707107
vn 0.866025 -0.000000 0.500000
vn 0.866025 -0.000000 0.500000
vn 0.965926 -0.000000 0.258819
vn 0.965926 -0.000000 0.258819
vn 1.000000 -0.000000 0.000000
vn 1.000000 -0.000000 0.000000
vn 0.965926 0.000000 -0.258819
vn 0.965926 0.000000 -0.258819
vn 0.866025 0.000000 -0.500000
vn 0.866025 0.000000 -0.500000
vn 0.707107 0.000000 -0.707107
vn 0.707107 0.000000 -0.707107
vn 0.500000 0.000000 -0.866025
vn 0.500000 0.000000 -0.866025
vn 0.258819 0.000000 -0.965926
vn 0.258819 0.000000 -0.965926
vn -0.000000 0.000000 -1.000000
vn -0.000000 0.000000 -1.000000
vn -0.258819 0.000000 -0.965926
vn -0.258819 0.000000 -0.965926
vn -0.500000 0.000000 -0.866025
vn -0.500000 0.000000 -0.866025
vn -0.707107 0.000000 -0.707107
vn -0.707107 0.000000 -0.707107
vn -0.866025 0.000000 -0.500000
vn -0.866025 0.000000 -0.500000
vn -0.965926 0.000000 -0.258819
vn -0.965926 0.000000 -0.258819
vn -1.000000 0.000000 -0.000000
vn -1.000000 -0.000000 0.000000
vn -0.965926 -0.000000 0.258819
vn -0.965926 -0.000000 0.258819
vn -0.866025 -0.000000 0.500000
vn -0.866025 -0.000000 0.500000
vn -0.707107 -0.000000 0.707107
vn -0.707107 -0.000000 0.707107
vn -0.500000 -0.000000 0.866025
vn -0.500000 -0.000000 0.866025
vn -0.258819 -0.000000 0.965926
vn -0.258819 -0.000000 0.965926
vn -0.000000 -0.000000 1.000000
vn -0.000000 -0.000000 1.000000
vn 0.258819 -0.000000 0.965926
vn 0.258819 -0.000000 0.965926
vn 0.500000 -0.000000 0.866025
vn 0.500000 -0.000000 0.866025
vn 0.707107 -0.000000 0.707107
vn 0.707107 -0.000000 0.707107
vn 0.866025 -0.000000 0.500000
vn 0.866025 -0.000000 0.500000
vn 0.965926 -0.000000 0.258819
vn 0.965926 -0.000000 0.258819
vn 1.000000 -0.000000 0.000000
vn 1.000000 -0.000000 0.000000
vn 0.965926 0.000000 -0.258819
vn 0.965926 0.000000 -0.258819
vn 0.866025 0.000000 -0.500000
vn 0.866025 0.000000 -0.500000
vn 0.707107 0.000000 -0.707107
vn 0.707107 0.000000 -0.707107
vn 0.500000 0.000000 -0.866025
vn 0.500000 0.000000 -0.866025
vn 0.258819 0.000000 -0.965926
vn 0.258819 0.000000 -0.965926
vn -0.000000 0.000000 -1.000000
vn -0.000000 0.000000 -1.000000
vn -0.258819 0.000000 -0.965926
vn -0.258819 0.000000 -0.965926
vn -0.500000 0.000000 -0.866025
vn -0.500000 0.000000 -0.866025
vn -0.707107 0.000000 -0.707107
vn -0.707107 0.000000 -0.707107
vn -0.866025 0.000000 -0.500000
vn -0.866025 0.000000 -0.500000
vn -0.970942 0.000000 -0.239316
vn -0.970942 0.000000 -0.239316
vn -1.000000 -0.000000 0.000000
vn -1.000000 -0.000000 0.000000
vn -0.970942 -0.000000 0.239316
vn -0.970942 -0.000000 0.239316
vn -0.885456 -0.000000 0.464723
vn -0.885456 -0.000000 0.464723
vn -0.748511 -0.000000 0.663123
vn -0.748511 -0.000000 0.663123
vn -0.568065 -0.000000 0.822984
vn -0.568065 -0.000000 0.822984
vn -0.354605 -0.000000 0.935016
vn -0.354605 -0.000000 0.935016
vn -0.120537 -0.000000 0.992709
vn -0.120537 -0.000000 0.992709
vn 0.120537 -0.000000 0.992709
vn 0.120537 -0.000000 0.992709
vn 0.354605 -0.000000 0.935016
vn 0.354605 -0.000000 0.935016
vn 0.568065 -0.000000 0.822984
vn 0.568065 -0.000000 0.822984
vn 0.748511 -0.000000 0.663123
vn 0.748511 -0.000000 0.663123
vn 0.885456 -0.000000 0.464723
vn 0.885456 -0.000000 0.464723
vn 0.970942 -0.000000 0.239316
vn 0.970942 -0.000000 0.239316
vn 1.000000 -0.000000 0.000000
vn 1.000000 -0.000000 0.000000
vn 0.970942 0.000000 -0.239316
vn 0.970942 0.000000 -0.239316
vn 0.885456 0.000000 -0.464723
vn 0.885456 0.000000 -0.464723
vn 0.748511 0.000000 -0.663123
vn 0.748511 0.000000 -0.663123
vn 0.568065 0.000000 -0.822984
vn 0.568065 0.000000 -0.822984
vn 0.354605 0.000000 -0.935016
vn 0.354605 0.000000 -0.935016
vn 0.120537 0.000000 -0.992709
vn 0.120537 0.000000 -0.992709
vn -0.120537 0.000000 -0.992709
vn -0.120537 0.000000 -0.992709
vn -0.354605 0.000000 -0.935016
vn -0.354605 0.000000 -0.935016
vn -0.568065 0.000000 -0.822984
vn -0.568065 0.000000 -0.822984
vn -0.748511 0.000000 -0.663123
vn -0.748511 0.000000 -0.663123
vn -0.885456 0.000000 -0.464723
vn -0.885456 0.000000 -0.464723
vn -0.970942 0.000000 -0.239316
vn -0.970942 0.000000 -0.239316
vn -1.000000 0.000000 -0.000000
vn -1.000000 -0.000000 0.000000
vn -0.970942 -0.000000 0.239316
vn -0.970942 -0.000000 0.239316
vn -0.885456 -0.000000 0.464723
vn -0.885456 -0.000000 0.464723
vn -0.748511 -0.000000 0.663123
vn -0.748511 -0.000000 0.663123
vn -0.568065 -0.000000 0.822984
vn -0.568065 -0.000000 0.822984
vn -0.354605 -0.000000 0.935016
vn -0.354605 -0.000000 0.935016
vn -0.120537 -0.000000 0.992709
vn -0.120537 -0.000000 0.992709
vn 0.120537 -0.000000 0.992709
vn 0.120537 -0.000000 0.992709
vn 0.354605 -0.000000 0.935016
vn 0.354605 -0.000000 0.935016
vn 0.568065 -0.000000 0.822984
vn 0.568065 -0.000000 0.822984
vn 0.748511 -0.000000 0.663123
vn 0.748511 -0.000000 0.663123
vn 0.885456 -0.000000 0.464723
vn 0.885456 -0.000000 0.464723
vn 0.970942 -0.000000 0.239316
vn 0.970942 -0.000000 0.239316
vn 1.000000 -0.000000 0.000000
vn 1.000000 -0.000000 0.000000
vn 0.970942 0.000000 -0.239316
vn 0.970942 0.000000 -0.239316
vn 0.885456 0.000000 -0.464723
vn 0.885456 0.000000 -0.464723
vn 0.748511 0.000000 -0.663123
vn 0.748511 0.000000 -0.663123
vn 0.568065 0.000000 -0.822984
vn 0.568065 0.000000 -0.822984
vn 0.354605 0.000000 -0.935016
vn 0.354605 0.000000 -0.935016
vn 0.120537 0.000000 -0.992709
vn 0.120537 0.000000 -0.992709
vn -0.120537 0.000000 -0.992709
vn -0.120537 0.000000 -0.992709
vn -0.354605 0.000000 -0.935016
vn -0.354605 0.000000 -0.935016
vn -0.568065 0.000000 -0.822984
vn -0.568065 0.000000 -0.822984
vn -0.748511 0.000000 -0.663123
vn -0.748511 0.000000 -0.663123
vn -0.885456 0.000000 -0.464723
vn -0.885456 0.000000 -0.464723
vn 1.000000 -0.000000 -0.000000
vn 1.000000 -0.000000 -0.000000
vn 1.000000 -0.000000 -0.000000
vn 1.000000 -0.000000 -0.000000
vn 0.065403 0.000000 -0.997859
vn 0.065403 0.000000 -0.997859
vn 0.065403 0.000000 -0.997859
vn 0.065403 0.000000 -0.997859
vn -0.065403 -0.000000 0.997859
vn -0.065403 -0.000000 0.997859
vn -0.065403 -0.000000 0.997859
vn -0.065403 -0.000000 0.997859
vn 0.195090 0.000000 -0.980785
vn 0.195090 0.000000 -0.980785
vn 0.195090 0.000000 -0.980785
vn 0.195090 0.000000 -0.980785
vn -0.195090 -0.000000 0.980785
vn -0.195090 -0.000000 0.980785
vn -0.195090 -0.000000 0.980785
vn -0.195090 -0.000000 0.980785
vn 0.321439 0.000000 -0.946930
vn 0.321439 0.000000 -0.946930
vn 0.321439 0.000000 -0.946930
vn 0.321439 0.000000 -0.946930
vn -0.321439 -0.000000 0.946930
vn -0.321439 -0.000000 0.946930
vn -0.321439 -0.000000 0.946930
vn -0.321439 -0.000000 0.946930
vn 0.442289 0.000000 -0.896873
vn 0.442289 0.000000 -0.896873
vn 0.442289 0.000000 -0.896873
vn 0.442289 0.000000 -0.896873
vn -0.442289 -0.000000 0.896873
vn -0.442289 -0.000000 0.896873
vn -0.442289 -0.000000 0.896873
vn -0.442289 -0.000000 0.896873
vn 0.555570 0.000000 -0.831470
vn 0.555570 0.000000 -0.831470
vn 0.555570 0.000000 -0.831470
vn 0.555570 0.000000 -0.831470
vn -0.555570 -0.000000 0.831470
vn -0.555570 -0.000000 0.831470
vn -0.555570 -0.000000 0.831470
vn -0.555570 -0.000000 0.831470
vn 0.659346 0.000000 -0.751840
vn 0.659346 0.000000 -0.751840
vn 0.659346 0.000000 -0.751840
vn 0.659346 0.000000 -0.751840
vn -0.659346 -0.000000 0.751840
vn -0.659346 -0.000000 0.751840
vn -0.659346 -0.000000 0.751840
vn -0.659346 -0.000000 0.751840
vn 0.751840 0.000000 -0.659346
vn 0.751840 0.000000 -0.659346
vn 0.751840 0.000000 -0.659346
vn 0.751840 0.000000 -0.659346
vn -0.751840 -0.000000 0.659346
vn -0.751840 -0.000000 0.659346
vn -0.751840 -0.000000 0.659346
vn -0.751840 -0.000000 0.659346
vn 0.831470 0.000000 -0.555570
vn 0.831470 0.000000 -0.555570
vn 0.831470 0.000000 -0.555570
vn 0.831470 0.000000 -0.555570
vn -0.831470 -0.000000 0.555570
vn -0.831470 -0.000000 0.555570
vn -0.831470 -0.000000 0.555570
vn -0.831470 -0.000000 0.555570
vn 0.896873 0.000000 -0.442289
vn 0.896873 0.000000 -0.442289
vn 0.896873 0.000000 -0.442289
vn 0.896873 0.000000 -0.442289
vn -0.896873 -0.000000 0.442289
vn -0.896873 -0.000000 0.442289
vn -0.896873 -0.000000 0.442289
vn -0.896873 -0.000000 0.442289
vn 0.946930 0.000000 -0.321439
vn 0.946930 0.000000 -0.321439
vn 0.946930 0.000000 -0.321439
vn 0.946930 0.000000 -0.321439
vn -0.946930 -0.000000 0.321439
vn -0.946930 -0.000000 0.321439
vn -0.946930 -0.000000 0.321439
vn -0.946930 -0.000000 0.321439
vn 0.980785 0.000000 -0.195090
vn 0.980785 0.000000 -0.195090
vn 0.980785 0.000000 -0.195090
vn 0.980785 0.000000 -0.195090
vn -0.980785 -0.000000 0.195090
vn -0.980785 -0.000000 0.195090
vn -0.980785 -0.000000 0.195090
vn -0.980785 -0.000000 0.195090
vn 0.997859 0.000000 -0.065403
vn 0.997859 0.000000 -0.065403
vn 0.997859 0.000000 -0.065403
vn 0.997859 0.000000 -0.065403
vn -0.997859 -0.000000 0.065403
vn -0.997859 -0.000000 0.065403
vn -0.997859 -0.000000 0.065403
vn -0.997859 -0.000000 0.065403
vn -0.000000 0.000000 -1.000000
vn -0.000000 0.000000 -1.000000
vn -0.000000 0.000000 -1.000000
vn -0.000000 0.000000 -1.000000
vn 0.986361 -0.000000 0.164595
vn 0.993719 -0.000000 0.111907
vn 1.000000 0.000000 -0.000000
vn 1.000000 0.000000 -0.000000
vn 0.994476 0.000000 -0.104965
vn 0.974954 -0.000000 0.222408
vn 0.945817 -0.000000 0.324699
vn 0.943940 -0.000000 0.330116
vn 0.901069 -0.000000 0.433676
vn 0.879474 -0.000000 0.475947
vn 0.846878 -0.000000 0.531788
vn 0.789141 -0.000000 0.614213
vn 0.782047 -0.000000 0.623219
vn 0.707392 -0.000000 0.706821
vn 0.677282 -0.000000 0.735724
vn 0.623851 -0.000000 0.781544
vn 0.546948 -0.000000 0.837166
vn 0.532472 -0.000000 0.846448
vn 0.434403 -0.000000 0.900718
vn 0.401695 -0.000000 0.915773
vn 0.330878 -0.000000 0.943674
vn 0.245485 -0.000000 0.969400
vn 0.223196 -0.000000 0.974774
vn 0.112710 -0.000000 0.993628
vn 0.082579 -0.000000 0.996584
vn 0.000808 -0.000000 1.000000
vn -0.082579 -0.000000 0.996584
vn -0.111105 -0.000000 0.993809
vn -0.245485 -0.000000 0.969400
vn -0.221621 -0.000000 0.975133
vn -0.355975 -0.000000 0.934496
vn -0.401695 -0.000000 0.915773
vn -0.483315 -0.000000 0.875447
vn -0.546948 -0.000000 0.837166
vn -0.601133 -0.000000 0.799149
vn -0.677282 -0.000000 0.735724
vn -0.707107 -0.000000 0.707107
vn -0.789141 -0.000000 0.614213
vn -0.799149 -0.000000 0.601133
vn -0.879474 -0.000000 0.475947
vn -0.875447 -0.000000 0.483315
vn -0.934496 -0.000000 0.355975
vn -0.945817 -0.000000 0.324699
vn -0.975133 -0.000000 0.221621
vn -0.986361 -0.000000 0.164595
vn -0.993009 -0.000000 0.118042
vn -1.000000 -0.000000 0.000000
vn -0.999913 -0.000000 0.013159
vn -0.995771 0.000000 -0.091869
vn -0.986361 0.000000 -0.164595
vn -0.980627 0.000000 -0.195882
vn -0.945817 0.000000 -0.324699
vn -0.954650 0.000000 -0.297731
vn -0.918125 0.000000 -0.396291
vn -0.879474 0.000000 -0.475947
vn -0.871456 0.000000 -0.490473
vn -0.815160 0.000000 -0.579236
vn -0.789141 0.000000 -0.614213
vn -0.749858 0.000000 -0.661599
vn -0.677282 0.000000 -0.735724
vn -0.676271 0.000000 -0.736653
vn -0.595213 0.000000 -0.803568
vn -0.546948 0.000000 -0.837166
vn -0.507578 0.000000 -0.861606
vn -0.401695 0.000000 -0.915773
vn -0.414336 0.000000 -0.910124
vn -0.316517 0.000000 -0.948587
vn -0.245485 0.000000 -0.969400
vn -0.215200 0.000000 -0.976570
vn -0.082579 0.000000 -0.996584
vn -0.111506 0.000000 -0.993764
vn -0.006580 0.000000 -0.999978
vn 0.082579 0.000000 -0.996584
vn 0.098419 0.000000 -0.995145
vn 0.202330 0.000000 -0.979317
vn 0.245485 0.000000 -0.969400
vn 0.304006 0.000000 -0.952670
vn 0.401695 0.000000 -0.915773
vn 0.402324 0.000000 -0.915497
vn 0.496196 0.000000 -0.868210
vn 0.546948 0.000000 -0.837166
vn 0.584587 0.000000 -0.811331
vn 0.677282 0.000000 -0.735724
vn 0.666519 0.000000 -0.745488
vn 0.741087 0.000000 -0.671409
vn 0.789141 0.000000 -0.614213
vn 0.807467 0.000000 -0.589913
vn 0.879474 0.000000 -0.475947
vn 0.864927 0.000000 -0.501898
vn 0.912830 0.000000 -0.408339
vn 0.945817 0.000000 -0.324699
vn 0.950649 0.000000 -0.310268
vn 0.977965 0.000000 -0.208770
vn 0.986361 0.000000 -0.164595
vn -0.968583 -0.000000 0.248690
vn -1.000000 0.000000 -0.000000
vn -1.000000 0.000000 -0.000000
vn -0.968583 0.000000 -0.248690
vn -0.968583 0.000000 -0.248690
vn -0.876307 0.000000 -0.481754
vn -0.876307 0.000000 -0.481754
vn -0.728969 0.000000 -0.684547
vn -0.728969 0.000000 -0.684547
vn -0.535827 0.000000 -0.844328
vn -0.535827 0.000000 -0.844328
vn -0.309017 0.000000 -0.951057
vn -0.309017 0.000000 -0.951057
vn -0.062791 0.000000 -0.998027
vn -0.062791 0.000000 -0.998027
vn 0.187381 0.000000 -0.982287
vn 0.187381 0.000000 -0.982287
vn 0.425779 0.000000 -0.904827
vn 0.425779 0.000000 -0.904827
vn 0.637424 0.000000 -0.770513
vn 0.637424 0.000000 -0.770513
vn 0.809017 0.000000 -0.587785
vn 0.809017 0.000000 -0.587785
vn 0.929776 0.000000 -0.368125
vn 0.929776 0.000000 -0.368125
vn 0.992115 0.000000 -0.125333
vn 0.992115 0.000000 -0.125333
vn 0.992115 -0.000000 0.125333
vn 0.992115 -0.000000 0.125333
vn 0.929776 -0.000000 0.368125
vn 0.929776 -0.000000 0.368125
vn 0.809017 -0.000000 0.587785
vn 0.809017 -0.000000 0.587785
vn 0.637424 -0.000000 0.770513
vn 0.637424 -0.000000 0.770513
vn 0.425779 -0.000000 0.904827
vn 0.425779 -0.000000 0.904827
vn 0.187381 -0.000000 0.982287
vn 0.187381 -0.000000 0.982287
vn -0.062791 -0.000000 0.998027
vn -0.062791 -0.000000 0.998027
vn -0.309017 -0.000000 0.951057
vn -0.309017 -0.000000 0.951057
vn -0.535827 -0.000000 0.844328
vn -0.535827 -0.000000 0.844328
vn -0.728969 -0.000000 0.684547
vn -0.728969 -0.000000 0.684547
vn -0.876307 -0.000000 0.481754
vn -0.876307 -0.000000 0.481754
vn -0.968583 -0.000000 0.248690
vn -0.000000 0.000000 -1.000000
vn -0.000000 0.000000 -1.000000
vn -0.000000 0.000000 -1.000000
vn -0.000000 0.000000 -1.000000
vn -1.000000 -0.000000 -0.000000
vn -1.000000 -0.000000 -0.000000
vn -1.000000 -0.000000 -0.000000
vn -1.000000 -0.000000 -0.000000
vn 0.000000 -0.000000 1.000000
vn 0.000000 -0.000000 1.000000
vn 0.000000 -0.000000 1.000000
vn 0.000000 -0.000000 1.000000
vn 1.000000 0.000000 0.000000
vn 1.000000 0.000000 0.000000
vn 1.000000 0.000000 0.000000
vn 1.000000 0.000000 0.000000
vn -0.968583 -0.000000 0.248690
vn -1.000000 0.000000 -0.000000
vn -1.000000 0.000000 -0.000000
vn -0.968583 0.000000 -0.248690
vn -0.968583 0.000000 -0.248690
vn -0.876307 0.000000 -0.481754
vn -0.876307 0.000000 -0.481754
vn -0.728969 0.000000 -0.684547
vn -0.728969 0.000000 -0.684547
vn -0.535827 0.000000 -0.844328
vn -0.535827 0.000000 -0.844328
vn -0.309017 0.000000 -0.951057
vn -0.309017 0.000000 -0.951057
vn -0.062791 0.000000 -0.998027
vn -0.062791 0.000000 -0.998027
vn 0.187381 0.000000 -0.982287
vn 0.187381 0.000000 -0.982287
vn 0.425779 0.000000 -0.904827
vn 0.425779 0.000000 -0.904827
vn 0.637424 0.000000 -0.770513
vn 0.637424 0.000000 -0.770513
vn 0.809017 0.000000 -0.587785
vn 0.809017 0.000000 -0.587785
vn 0.929776 0.000000 -0.368125
vn 0.929776 0.000000 -0.368125
vn 0.992115 0.000000 -0.125333
vn 0.992115 0.000000 -0.125333
vn 0.992115 -0.000000 0.125333
vn 0.992115 -0.000000 0.125333
vn 0.929776 -0.000000 0.368125
vn 0.929776 -0.000000 0.368125
vn 0.809017 -0.000000 0.587785
vn 0.809017 -0.000000 0.587785
vn 0.637424 -0.000000 0.770513
vn 0.637424 -0.000000 0.770513
vn 0.425779 -0.000000 0.904827
vn 0.425779 -0.000000 0.904827
vn 0.187381 -0.000000 0.982287
vn 0.187381 -0.000000 0.982287
vn -0.062791 -0.000000 0.998027
vn -0.062791 -0.000000 0.998027
vn -0.309017 -0.000000 0.951057
vn -0.309017 -0.000000 0.951057
vn -0.535827 -0.000000 0.844328
vn -0.535827 -0.000000 0.844328
vn -0.728969 -0.000000 0.684547
vn -0.728969 -0.000000 0.684547
vn -0.876307 -0.000000 0.481754
vn -0.876307 -0.000000 0.481754
vn -0.968583 -0.000000 0.248690
vn -0.000000 0.000000 -1.000000
vn -0.000000 0.000000 -1.000000
vn -0.000000 0.000000 -1.000000
vn -0.000000 0.000000 -1.000000
vn -0.997859 0.000000 -0.065403
vn -0.997859 0.000000 -0.065403
vn -0.997859 0.000000 -0.065403
vn -0.997859 0.000000 -0.065403
vn 0.997859 -0.000000 0.065403
vn 0.997859 -0.000000 0.065403
vn 0.997859 -0.000000 0.065403
vn 0.997859 -0.000000 0.065403
vn -0.980785 0.000000 -0.195090
vn -0.980785 0.000000 -0.195090
vn -0.980785 0.000000 -0.195090
vn -0.980785 0.000000 -0.195090
vn 0.980785 -0.000000 0.195090
vn 0.980785 -0.000000 0.195090
vn 0.980785 -0.000000 0.195090
vn 0.980785 -0.000000 0.195090
vn -0.946930 0.000000 -0.321439
vn -0.946930 0.000000 -0.321439
vn -0.946930 0.000000 -0.321439
vn -0.946930 0.000000 -0.321439
vn 0.946930 -0.000000 0.321439
vn 0.946930 -0.000000 0.321439
vn 0.946930 -0.000000 0.321439
vn 0.946930 -0.000000 0.321439
vn -0.896873 0.000000 -0.442289
vn -0.896873 0.000000 -0.442289
vn -0.896873 0.000000 -0.442289
vn -0.896873 0.000000 -0.442289
vn 0.896873 -0.000000 0.442289
vn 0.896873 -0.000000 0.442289
vn 0.896873 -0.000000 0.442289
vn 0.896873 -0.000000 0.442289
vn -0.831470 0.000000 -0.555570
vn -0.831470 0.000000 -0.555570
vn -0.831470 0.000000 -0.555570
vn -0.831470 0.000000 -0.555570
vn 0.831470 -0.000000 0.555570
vn 0.831470 -0.000000 0.555570
vn 0.831470 -0.000000 0.555570
vn 0.831470 -0.000000 0.555570
vn -0.751840 0.000000 -0.659346
vn -0.751840 0.000000 -0.659346
vn -0.751840 0.000000 -0.659346
vn -0.751840 0.000000 -0.659346
vn 0.751840 -0.000000 0.659346
vn 0.751840 -0.000000 0.659346
vn 0.751840 -0.000000 0.659346
vn 0.751840 -0.000000 0.659346
vn -0.659346 0.000000 -0.751840
vn -0.659346 0.000000 -0.751840
vn -0.659346 0.000000 -0.751840
vn -0.659346 0.000000 -0.751840
vn 0.659346 -0.000000 0.751840
vn 0.659346 -0.000000 0.751840
vn 0.659346 -0.000000 0.751840
vn 0.659346 -0.000000 0.751840
vn -0.555570 0.000000 -0.831470
vn -0.555570 0.000000 -0.831470
vn -0.555570 0.000000 -0.831470
vn -0.555570 0.000000 -0.831470
vn 0.555570 -0.000000 0.831470
vn 0.555570 -0.000000 0.831470
vn 0.555570 -0.000000 0.831470
vn 0.555570 -0.000000 0.831470
vn -0.442289 0.000000 -0.896873
vn -0.442289 0.000000 -0.896873
vn -0.442289 0.000000 -0.896873
vn -0.442289 0.000000 -0.896873
vn 0.442289 -0.000000 0.896873
vn 0.442289 -0.000000 0.896873
vn 0.442289 -0.000000 0.896873
vn 0.442289 -0.000000 0.896873
vn -0.321439 0.000000 -0.946930
vn -0.321439 0.000000 -0.946930
vn -0.321439 0.000000 -0.946930
vn -0.321439 0.000000 -0.946930
vn 0.321439 -0.000000 0.946930
vn 0.321439 -0.000000 0.946930
vn 0.321439 -0.000000 0.946930
vn 0.321439 -0.000000 0.946930
vn -0.195090 0.000000 -0.980785
vn -0.195090 0.000000 -0.980785
vn -0.195090 0.000000 -0.980785
vn -0.195090 0.000000 -0.980785
vn 0.195090 -0.000000 0.980785
vn 0.195090 -0.000000 0.980785
vn 0.195090 -0.000000 0.980785
vn 0.195090 -0.000000 0.980785
vn -0.065403 0.000000 -0.997859
vn -0.065403 0.000000 -0.997859
vn -0.065403 0.000000 -0.997859
vn -0.065403 0.000000 -0.997859
vn 0.065403 -0.000000 0.997859
vn 0.065403 -0.000000 0.997859
vn 0.065403 -0.000000 0.997859
vn 0.065403 -0.000000 0.997859
vn -1.000000 -0.000000 -0.000000
vn -1.000000 -0.000000 -0.000000
vn -1.000000 -0.000000 -0.000000
vn -1.000000 -0.000000 -0.000000
vn 0.986361 -0.000000 0.164595
vn 0.998440 -0.000000 0.055840
vn 1.000000 0.000000 -0.000000
vn 1.000000 0.000000 -0.000000
vn 0.988128 0.000000 -0.153635
vn 0.945817 -0.000000 0.324699
vn 0.975133 -0.000000 0.221621
vn 0.985987 -0.000000 0.166824
vn 0.993764 -0.000000 0.111506
vn 0.934496 -0.000000 0.355975
vn 0.879474 -0.000000 0.475947
vn 0.875447 -0.000000 0.483315
vn 0.799149 -0.000000 0.601133
vn 0.789141 -0.000000 0.614213
vn 0.707107 -0.000000 0.707107
vn 0.677282 -0.000000 0.735724
vn 0.601133 -0.000000 0.799149
vn 0.546948 -0.000000 0.837166
vn 0.483315 -0.000000 0.875447
vn 0.401695 -0.000000 0.915773
vn 0.355975 -0.000000 0.934496
vn 0.245485 -0.000000 0.969400
vn 0.221621 -0.000000 0.975133
vn 0.082579 -0.000000 0.996584
vn 0.069176 -0.000000 0.997605
vn -0.082579 -0.000000 0.996584
vn -0.084913 -0.000000 0.996388
vn -0.236985 -0.000000 0.971513
vn -0.245485 -0.000000 0.969400
vn -0.383429 -0.000000 0.923570
vn -0.401695 -0.000000 0.915773
vn -0.520770 -0.000000 0.853697
vn -0.546948 -0.000000 0.837166
vn -0.645745 -0.000000 0.763553
vn -0.677282 -0.000000 0.735724
vn -0.755387 -0.000000 0.655279
vn -0.789141 -0.000000 0.614213
vn -0.847092 -0.000000 0.531446
vn -0.879474 -0.000000 0.475947
vn -0.918684 -0.000000 0.394993
vn -0.945817 -0.000000 0.324699
vn -0.968462 -0.000000 0.249162
vn -0.986361 -0.000000 0.164595
vn -0.995244 -0.000000 0.097414
vn -1.000000 -0.000000 0.000000
vn -0.998394 0.000000 -0.056646
vn -0.986361 0.000000 -0.164595
vn -0.977838 0.000000 -0.209362
vn -0.945817 0.000000 -0.324699
vn -0.934064 0.000000 -0.357106
vn -0.879474 0.000000 -0.475947
vn -0.868110 0.000000 -0.496372
vn -0.789141 0.000000 -0.614213
vn -0.781544 0.000000 -0.623851
vn -0.677282 0.000000 -0.735724
vn -0.676420 0.000000 -0.736516
vn -0.555234 0.000000 -0.831694
vn -0.546948 0.000000 -0.837166
vn -0.420865 0.000000 -0.907123
vn -0.401695 0.000000 -0.915773
vn -0.276503 0.000000 -0.961013
vn -0.245485 0.000000 -0.969400
vn -0.125575 0.000000 -0.992084
vn -0.082579 0.000000 -0.996584
vn 0.028335 0.000000 -0.999598
vn 0.082579 0.000000 -0.996584
vn 0.181571 0.000000 -0.983378
vn 0.245485 0.000000 -0.969400
vn 0.330497 0.000000 -0.943807
vn 0.401695 0.000000 -0.915773
vn 0.471575 0.000000 -0.881826
vn 0.546948 0.000000 -0.837166
vn 0.601455 0.000000 -0.798906
vn 0.677282 0.000000 -0.735724
vn 0.717055 0.000000 -0.697017
vn 0.789141 0.000000 -0.614213
vn 0.815628 0.000000 -0.578577
vn 0.879474 0.000000 -0.475947
vn 0.894834 0.000000 -0.446399
vn 0.945817 0.000000 -0.324699
vn 0.952793 0.000000 -0.303622
vn 0.986361 0.000000 -0.164595
vn 0.986361 -0.000000 0.164595
vn 0.994476 -0.000000 0.104965
vn 1.000000 0.000000 -0.000000
vn 1.000000 -0.000000 0.000000
vn 0.993719 0.000000 -0.111907
vn 0.977965 -0.000000 0.208770
vn 0.945817 -0.000000 0.324699
vn 0.950649 -0.000000 0.310268
vn 0.912830 -0.000000 0.408339
vn 0.879474 -0.000000 0.475947
vn 0.864927 -0.000000 0.501898
vn 0.807467 -0.000000 0.589913
vn 0.789141 -0.000000 0.614213
vn 0.741087 -0.000000 0.671409
vn 0.677282 -0.000000 0.735724
vn 0.666519 -0.000000 0.745488
vn 0.584587 -0.000000 0.811331
vn 0.546948 -0.000000 0.837166
vn 0.496196 -0.000000 0.868210
vn 0.401695 -0.000000 0.915773
vn 0.402324 -0.000000 0.915497
vn 0.304006 -0.000000 0.952670
vn 0.245485 -0.000000 0.969400
vn 0.202330 -0.000000 0.979317
vn 0.082579 -0.000000 0.996584
vn 0.098419 -0.000000 0.995145
vn -0.006580 -0.000000 0.999978
vn -0.082579 -0.000000 0.996584
vn -0.111506 -0.000000 0.993764
vn -0.215200 -0.000000 0.976570
vn -0.245485 -0.000000 0.969400
vn -0.316517 -0.000000 0.948587
vn -0.401695 -0.000000 0.915773
vn -0.414336 -0.000000 0.910124
vn -0.507578 -0.000000 0.861606
vn -0.546948 -0.000000 0.837166
vn -0.595213 -0.000000 0.803568
vn -0.677282 -0.000000 0.735724
vn -0.676271 -0.000000 0.736653
vn -0.749858 -0.000000 0.661599
vn -0.789141 -0.000000 0.614213
vn -0.815160 -0.000000 0.579236
vn -0.879474 -0.000000 0.475947
vn -0.871456 -0.000000 0.490473
vn -0.918125 -0.000000 0.396291
vn -0.945817 -0.000000 0.324699
vn -0.954650 -0.000000 0.297731
vn -0.980627 -0.000000 0.195882
vn -0.986361 -0.000000 0.164595
vn -0.995771 -0.000000 0.091869
vn -1.000000 -0.000000 0.000000
vn -0.999913 0.000000 -0.013159
vn -0.993009 0.000000 -0.118042
vn -0.986361 0.000000 -0.164595
vn -0.975133 0.000000 -0.221621
vn -0.945817 0.000000 -0.324699
vn -0.934496 0.000000 -0.355975
vn -0.879474 0.000000 -0.475947
vn -0.875447 0.000000 -0.483315
vn -0.799149 0.000000 -0.601133
vn -0.789141 0.000000 -0.614213
vn -0.707107 0.000000 -0.707107
vn -0.677282 0.000000 -0.735724
vn -0.601133 0.000000 -0.799149
vn -0.546948 0.000000 -0.837166
vn -0.483315 0.000000 -0.875447
vn -0.401695 0.000000 -0.915773
vn -0.355975 0.000000 -0.934496
vn -0.245485 0.000000 -0.969400
vn -0.221621 0.000000 -0.975133
vn -0.111105 0.000000 -0.993809
vn -0.082579 0.000000 -0.996584
vn 0.000808 0.000000 -1.000000
vn 0.082579 0.000000 -0.996584
vn 0.112710 0.000000 -0.993628
vn 0.245485 0.000000 -0.969400
vn 0.223196 0.000000 -0.974774
vn 0.330878 0.000000 -0.943674
vn 0.401695 0.000000 -0.915773
vn 0.434403 0.000000 -0.900718
vn 0.546948 0.000000 -0.837166
vn 0.532472 0.000000 -0.846448
vn 0.623851 0.000000 -0.781544
vn 0.677282 0.000000 -0.735724
vn 0.707392 0.000000 -0.706821
vn 0.789141 0.000000 -0.614213
vn 0.782047 0.000000 -0.623219
vn 0.846878 0.000000 -0.531788
vn 0.879474 0.000000 -0.475947
vn 0.901069 0.000000 -0.433676
vn 0.945817 0.000000 -0.324699
vn 0.943940 0.000000 -0.330116
vn 0.974954 0.000000 -0.222408
vn 0.986361 0.000000 -0.164595
vn -0.000000 -0.000000 1.000000
vn -0.000000 -0.000000 1.000000
vn -0.000000 -0.000000 1.000000
vn -0.000000 -0.000000 1.000000
vn 0.997859 -0.000000 0.065403
vn 0.997859 -0.000000 0.065403
vn 0.997859 -0.000000 0.065403
vn 0.997859 -0.000000 0.065403
vn -0.997859 0.000000 -0.065403
vn -0.997859 0.000000 -0.065403
vn -0.997859 0.000000 -0.065403
vn -0.997859 0.000000 -0.065403
vn 0.980785 -0.000000 0.195090
vn 0.980785 -0.000000 0.195090
vn 0.980785 -0.000000 0.195090
vn 0.980785 -0.000000 0.195090
vn -0.980785 0.000000 -0.195090
vn -0.980785 0.000000 -0.195090
vn -0.980785 0.000000 -0.195090
vn -0.980785 0.000000 -0.195090
vn 0.946930 -0.000000 0.321439
vn 0.946930 -0.000000 0.321439
vn 0.946930 -0.000000 0.321439
vn 0.946930 -0.000000 0.321439
vn -0.946930 0.000000 -0.321439
vn -0.946930 0.000000 -0.321439
vn -0.946930 0.000000 -0.321439
vn -0.946930 0.000000 -0.321439
vn 0.896873 -0.000000 0.442289
vn 0.896873 -0.000000 0.442289
vn 0.896873 -0.000000 0.442289
vn 0.896873 -0.000000 0.442289
vn -0.896873 0.000000 -0.442289
vn -0.896873 0.000000 -0.442289
vn -0.896873 0.000000 -0.442289
vn -0.896873 0.000000 -0.442289
vn 0.831470 -0.000000 0.555570
vn 0.831470 -0.000000 0.555570
vn 0.831470 -0.000000 0.555570
vn 0.831470 -0.000000 0.555570
vn -0.831470 0.000000 -0.555570
vn -0.831470 0.000000 -0.555570
vn -0.831470 0.000000 -0.555570
vn -0.831470 0.000000 -0.555570
vn 0.751840 -0.000000 0.659346
vn 0.751840 -0.000000 0.659346
vn 0.751840 -0.000000 0.659346
vn 0.751840 -0.000000 0.659346
vn -0.751840 0.000000 -0.659346
vn -0.751840 0.000000 -0.659346
vn -0.751840 0.000000 -0.659346
vn -0.751840 0.000000 -0.659346
vn 0.659346 -0.000000 0.751840
vn 0.659346 -0.000000 0.751840
vn 0.659346 -0.000000 0.751840
vn 0.659346 -0.000000 0.751840
vn -0.659346 0.000000 -0.751840
vn -0.659346 0.000000 -0.751840
vn -0.659346 0.000000 -0.751840
vn -0.659346 0.000000 -0.751840
vn 0.555570 -0.000000 0.831470
vn 0.555570 -0.000000 0.831470
vn 0.555570 -0.000000 0.831470
vn 0.555570 -0.000000 0.831470
vn -0.555570 0.000000 -0.831470
vn -0.555570 0.000000 -0.831470
vn -0.555570 0.000000 -0.831470
vn -0.555570 0.000000 -0.831470
vn 0.442289 -0.000000 0.896873
vn 0.442289 -0.000000 0.896873
vn 0.442289 -0.000000 0.896873
vn 0.442289 -0.000000 0.896873
vn -0.442289 0.000000 -0.896873
vn -0.442289 0.000000 -0.896873
vn -0.442289 0.000000 -0.896873
vn -0.442289 0.000000 -0.896873
vn 0.321439 -0.000000 0.946930
vn 0.321439 -0.000000 0.946930
vn 0.321439 -0.000000 0.946930
vn 0.321439 -0.000000 0.946930
vn -0.321439 0.000000 -0.946930
vn -0.321439 0.000000 -0.946930
vn -0.321439 0.000000 -0.946930
vn -0.321439 0.000000 -0.946930
vn 0.195090 -0.000000 0.980785
vn 0.195090 -0.000000 0.980785
vn 0.195090 -0.000000 0.980785
vn 0.195090 -0.000000 0.980785
vn -0.195090 0.000000 -0.980785
vn -0.195090 0.000000 -0.980785
vn -0.195090 0.000000 -0.980785
vn -0.195090 0.000000 -0.980785
vn 0.065403 -0.000000 0.997859
vn 0.065403 -0.000000 0.997859
vn 0.065403 -0.000000 0.997859
vn 0.065403 -0.000000 0.997859
vn -0.065403 0.000000 -0.997859
vn -0.065403 0.000000 -0.997859
vn -0.065403 0.000000 -0.997859
vn -0.065403 0.000000 -0.997859
vn 1.000000 -0.000000 -0.000000
vn 1.000000 -0.000000 -0.000000
vn 1.000000 -0.000000 -0.000000
vn 1.000000 -0.000000 -0.000000
vn 0.986361 -0.000000 0.164595
vn 0.988128 -0.000000 0.153635
vn 1.000000 0.000000 -0.000000
vn 1.000000 -0.000000 0.000000
vn 0.993764 0.000000 -0.111506
vn 0.952793 -0.000000 0.303622
vn 0.945817 -0.000000 0.324699
vn 0.894834 -0.000000 0.446399
vn 0.879474 -0.000000 0.475947
vn 0.815628 -0.000000 0.578577
vn 0.789141 -0.000000 0.614213
vn 0.717055 -0.000000 0.697017
vn 0.677282 -0.000000 0.735724
vn 0.601455 -0.000000 0.798906
vn 0.546948 -0.000000 0.837166
vn 0.471575 -0.000000 0.881826
vn 0.401695 -0.000000 0.915773
vn 0.330497 -0.000000 0.943807
vn 0.245485 -0.000000 0.969400
vn 0.181571 -0.000000 0.983378
vn 0.082579 -0.000000 0.996584
vn 0.028335 -0.000000 0.999598
vn -0.082579 -0.000000 0.996584
vn -0.125575 -0.000000 0.992084
vn -0.245485 -0.000000 0.969400
vn -0.276503 -0.000000 0.961013
vn -0.401695 -0.000000 0.915773
vn -0.420865 -0.000000 0.907123
vn -0.546948 -0.000000 0.837166
vn -0.555234 -0.000000 0.831694
vn -0.677282 -0.000000 0.735724
vn -0.676420 -0.000000 0.736516
vn -0.781544 -0.000000 0.623851
vn -0.789141 -0.000000 0.614213
vn -0.868110 -0.000000 0.496372
vn -0.879474 -0.000000 0.475947
vn -0.934064 -0.000000 0.357106
vn -0.945817 -0.000000 0.324699
vn -0.977838 -0.000000 0.209362
vn -0.986361 -0.000000 0.164595
vn -0.998394 -0.000000 0.056646
vn -1.000000 -0.000000 0.000000
vn -0.995244 0.000000 -0.097414
vn -0.986361 0.000000 -0.164595
vn -0.968462 0.000000 -0.249162
vn -0.945817 0.000000 -0.324699
vn -0.918684 0.000000 -0.394993
vn -0.879474 0.000000 -0.475947
vn -0.847092 0.000000 -0.531446
vn -0.789141 0.000000 -0.614213
vn -0.755387 0.000000 -0.655279
vn -0.677282 0.000000 -0.735724
vn -0.645745 0.000000 -0.763553
vn -0.546948 0.000000 -0.837166
vn -0.520770 0.000000 -0.853697
vn -0.401695 0.000000 -0.915773
vn -0.383429 0.000000 -0.923570
vn -0.245485 0.000000 -0.969400
vn -0.236985 0.000000 -0.971513
vn -0.082579 0.000000 -0.996584
vn -0.084913 0.000000 -0.996388
vn 0.069176 0.000000 -0.997605
vn 0.082579 0.000000 -0.996584
vn 0.221621 0.000000 -0.975133
vn 0.245485 0.000000 -0.969400
vn 0.355975 0.000000 -0.934496
vn 0.401695 0.000000 -0.915773
vn 0.483315 0.000000 -0.875447
vn 0.546948 0.000000 -0.837166
vn 0.601133 0.000000 -0.799149
vn 0.677282 0.000000 -0.735724
vn 0.707107 0.000000 -0.707107
vn 0.789141 0.000000 -0.614213
vn 0.799149 0.000000 -0.601133
vn 0.879474 0.000000 -0.475947
vn 0.875447 0.000000 -0.483315
vn 0.934496 0.000000 -0.355975
vn 0.945817 0.000000 -0.324699
vn 0.975133 0.000000 -0.221621
vn 0.986361 0.000000 -0.164595
vn -1.000000 -0.000000 -0.000000
vn -1.000000 -0.000000 -0.000000
vn -1.000000 -0.000000 -0.000000
vn -1.000000 -0.000000 -0.000000
vn -0.065403 -0.000000 0.997859
vn -0.065403 -0.000000 0.997859
vn -0.065403 -0.000000 0.997859
vn -0.065403 -0.000000 0.997859
vn 0.065403 0.000000 -0.997859
vn 0.065403 0.000000 -0.997859
vn 0.065403 0.000000 -0.997859
vn 0.065403 0.000000 -0.997859
vn -0.195090 -0.000000 0.980785
vn -0.195090 -0.000000 0.980785
vn -0.195090 -0.000000 0.980785
vn -0.195090 -0.000000 0.980785
vn 0.195090 0.000000 -0.980785
vn 0.195090 0.000000 -0.980785
vn 0.195090 0.000000 -0.980785
vn 0.195090 0.000000 -0.980785
vn -0.321439 -0.000000 0.946930
vn -0.321439 -0.000000 0.946930
vn -0.321439 -0.000000 0.946930
vn -0.321439 -0.000000 0.946930
vn 0.321439 0.000000 -0.946930
vn 0.321439 0.000000 -0.946930
vn 0.321439 0.000000 -0.946930
vn 0.321439 0.000000 -0.946930
vn -0.442289 -0.000000 0.896873
vn -0.442289 -0.000000 0.896873
vn -0.442289 -0.000000 0.896873
vn -0.442289 -0.000000 0.896873
vn 0.442289 0.000000 -0.896873
vn 0.442289 0.000000 -0.896873
vn 0.442289 0.000000 -0.896873
vn 0.442289 0.000000 -0.896873
vn -0.555570 -0.000000 0.831470
vn -0.555570 -0.000000 0.831470
vn -0.555570 -0.000000 0.831470
vn -0.555570 -0.000000 0.831470
vn 0.555570 0.000000 -0.831470
vn 0.555570 0.000000 -0.831470
vn 0.555570 0.000000 -0.831470
vn 0.555570 0.000000 -0.831470
vn -0.659346 -0.000000 0.751840
vn -0.659346 -0.000000 0.751840
vn -0.659346 -0.000000 0.751840
vn -0.659346 -0.000000 0.751840
vn 0.659346 0.000000 -0.751840
vn 0.659346 0.000000 -0.751840
vn 0.659346 0.000000 -0.751840
vn 0.659346 0.000000 -0.751840
vn -0.751840 -0.000000 0.659346
vn -0.751840 -0.000000 0.659346
vn -0.751840 -0.000000 0.659346
vn -0.751840 -0.000000 0.659346
vn 0.751840 0.000000 -0.659346
vn 0.751840 0.000000 -0.659346
vn 0.751840 0.000000 -0.659346
vn 0.751840 0.000000 -0.659346
vn -0.831470 -0.000000 0.555570
vn -0.831470 -0.000000 0.555570
vn -0.831470 -0.000000 0.555570
vn -0.831470 -0.000000 0.555570
vn 0.831470 0.000000 -0.555570
vn 0.831470 0.000000 -0.555570
vn 0.831470 0.000000 -0.555570
vn 0.831470 0.000000 -0.555570
vn -0.896873 -0.000000 0.442289
vn -0.896873 -0.000000 0.442289
vn -0.896873 -0.000000 0.442289
vn -0.896873 -0.000000 0.442289
vn 0.896873 0.000000 -0.442289
vn 0.896873 0.000000 -0.442289
vn 0.896873 0.000000 -0.442289
vn 0.896873 0.000000 -0.442289
vn -0.946930 -0.000000 0.321439
vn -0.946930 -0.000000 0.321439
vn -0.946930 -0.000000 0.321439
vn -0.946930 -0.000000 0.321439
vn 0.946930 0.000000 -0.321439
vn 0.946930 0.000000 -0.321439
vn 0.946930 0.000000 -0.321439
vn 0.946930 0.000000 -0.321439
vn -0.980785 -0.000000 0.195090
vn -0.980785 -0.000000 0.195090
vn -0.980785 -0.000000 0.195090
vn -0.980785 -0.000000 0.195090
vn 0.980785 0.000000 -0.195090
vn 0.980785 0.000000 -0.195090
vn 0.980785 0.000000 -0.195090
vn 0.980785 0.000000 -0.195090
vn -0.997859 -0.000000 0.065403
vn -0.997859 -0.000000 0.065403
vn -0.997859 -0.000000 0.065403
vn -0.997859 -0.000000 0.065403
vn 0.997859 0.000000 -0.065403
vn 0.997859 0.000000 -0.065403
vn 0.997859 0.000000 -0.065403
vn 0.997859 0.000000 -0.065403
vn 0.000000 -0.000000 1.000000
vn 0.000000 -0.000000 1.000000
vn 0.000000 -0.000000 1.000000
vn 0.000000 -0.000000 1.000000
vn -0.000000 -1.000000 -0.000000
vn -0.000000 -1.000000 -0.000000
vn -0.000000 -1.000000 -0.000000
vn -0.000000 -1.000000 -0.000000
vn -0.000000 -1.000000 -0.000000
vn -0.000000 -1.000000 -0.000000
vn -0.000000 -1.000000 -0.000000
vn -0.000000 -1.000000 -0.000000
vn -0.000000 -1.000000 -0.000000
vn -0.000000 -1.000000 -0.000000
vn -0.000000 -1.000000 -0.000000
vn -0.000000 -1.000000 -0.000000
vn -0.000000 -1.000000 -0.000000
vn -0.000000 -1.000000 -0.000000
vn -0.000000 -1.000000 -0.000000
vn -0.000000 -1.000000 -0.000000
vn -0.000000 -1.000000 -0.000000
vn -0.000000 -1.000000 -0.000000
vn -0.000000 -1.000000 -0.000000
vn -0.000000 -1.000000 -0.000000
vn -0.000000 -1.000000 -0.000000
vn -0.000000 -1.000000 -0.000000
vn -0.000000 -1.000000 -0.000000
vn -0.000000 -1.000000 -0.000000
vn -0.000000 -1.000000 -0.000000
vn -0.000000 -1.000000 -0.000000
vn -0.000000 -1.000000 -0.000000
vn -0.000000 -1.000000 -0.000000
vn -0.000000 -1.000000 -0.000000
vn -0.000000 -1.000000 -0.000000
vn -0.000000 -1.000000 -0.000000
vn -0.000000 -1.000000 -0.000000
vn -0.000000 -1.000000 -0.000000
vn -0.000000 -1.000000 -0.000000
vn -0.000000 -1.000000 -0.000000
vn -0.000000 -1.000000 -0.000000
vn -0.000000 -1.000000 -0.000000
vn -0.000000 -1.000000 -0.000000
vn -0.000000 -1.000000 -0.000000
vn -0.000000 -1.000000 -0.000000
vn -0.000000 -1.000000 -0.000000
vn -0.000000 -1.000000 -0.000000
vn -0.000000 -1.000000 -0.000000
vn -0.000000 -1.000000 -0.000000
vn -0.000000 -1.000000 -0.000000
vn -0.000000 -1.000000 -0.000000
vn -0.000000 -1.000000 -0.000000
vn -0.000000 -1.000000 -0.000000
vn -0.000000 -1.000000 -0.000000
vn -0.000000 -1.000000 -0.000000
vn -0.000000 -1.000000 -0.000000
vn -0.000000 -1.000000 -0.000000
vn -0.000000 1.000000 0.000000
vn -0.000000 1.000000 0.000000
vn -0.000000 1.000000 0.000000
vn -0.000000 1.000000 0.000000
vn -0.000000 1.000000 0.000000
vn -0.000000 1.000000 0.000000
vn -0.000000 1.000000 0.000000
vn -0.000000 1.000000 0.000000
vn -0.000000 1.000000 0.000000
vn -0.000000 1.000000 0.000000
vn -0.000000 1.000000 0.000000
vn -0.000000 1.000000 0.000000
vn -0.000000 1.000000 0.000000
vn -0.000000 1.000000 0.000000
vn -0.000000 1.000000 0.000000
vn -0.000000 1.000000 0.000000
vn -0.000000 1.000000 0.000000
vn -0.000000 1.000000 0.000000
vn -0.000000 1.000000 0.000000
vn -0.000000 1.000000 0.000000
vn -0.000000 1.000000 0.000000
vn -0.000000 1.000000 0.000000
vn -0.000000 1.000000 0.000000
vn -0.000000 1.000000 0.000000
vn -0.000000 1.000000 0.000000
vn -0.000000 1.000000 0.000000
vn 0.000000 1.000000 0.000000
vn 0.000000 1.000000 0.000000
vn 0.000000 1.000000 0.000000
vn 0.000000 1.000000 0.000000
vn 0.000000 1.000000 0.000000
vn 0.000000 1.000000 0.000000
vn 0.000000 1.000000 0.000000
vn 0.000000 1.000000 0.000000
vn 0.000000 1.000000 0.000000
vn 0.000000 1.000000 0.000000
vn 0.000000 1.000000 0.000000
vn 0.000000 1.000000 0.000000
vn 0.000000 1.000000 0.000000
vn 0.000000 1.000000 0.000000
vn 0.000000 1.000000 0.000000
vn 0.000000 1.000000 0.000000
vn 0.000000 1.000000 0.000000
vn 0.000000 1.000000 0.000000
vn 0.000000 1.000000 0.000000
vn 0.000000 1.000000 0.000000
vn 0.000000 1.000000 0.000000
vn 0.000000 1.000000 0.000000
vn 0.000000 1.000000 0.000000
vn 0.000000 1.000000 0.000000
vn 0.000000 1.000000 0.000000
vn 0.000000 1.000000 0.000000
vn 0.000000 1.000000 0.000000
vn 0.000000 1.000000 0.000000
vn 0.000000 1.000000 0.000000
vn 0.000000 1.000000 0.000000
vn 0.000000 1.000000 0.000000
vn 0.000000 1.000000 0.000000
vn 0.000000 1.000000 0.000000
vn 0.000000 1.000000 0.000000
vn 0.000000 1.000000 0.000000
vn 0.000000 1.000000 0.000000
vn 0.000000 1.000000 0.000000
vn 0.000000 1.000000 0.000000
vn 0.000000 1.000000 0.000000
vn 0.000000 1.000000 0.000000
vn 0.000000 1.000000 0.000000
vn 0.000000 1.000000 0.000000
vn 0.000000 1.000000 0.000000
vn 0.000000 1.000000 0.000000
vn 0.000000 1.000000 0.000000
vn 0.000000 1.000000 0.000000
vn 0.000000 1.000000 0.000000
vn 0.000000 1.000000 0.000000
vn 0.000000 1.000000 0.000000
vn 0.000000 1.000000 0.000000
vn 0.000000 1.000000 0.000000
vn 0.000000 1.000000 0.000000
vn 0.000000 1.000000 0.000000
vn 0.000000 1.000000 0.000000
vn 0.000000 1.000000 0.000000
vn 0.000000 1.000000 0.000000
vn 0.000000 1.000000 0.000000
vn 0.000000 1.000000 0.000000
vn 0.000000 1.000000 0.000000
vn 0.000000 1.000000 0.000000
vn 0.000000 1.000000 0.000000
vn 0.000000 1.000000 0.000000
vn 0.000000 1.000000 0.000000
vn 0.000000 1.000000 0.000000
vn -0.000000 1.000000 0.000000
vn -0.000000 1.000000 0.000000
vn -0.000000 1.000000 0.000000
vn -0.000000 1.000000 0.000000
vn -0.000000 1.000000 0.000000
vn -0.000000 1.000000 0.000000
vn -0.000000 1.000000 0.000000
vn -0.000000 1.000000 0.000000
vn -0.000000 1.000000 0.000000
vn -0.000000 1.000000 0.000000
vn -0.000000 1.000000 0.000000
vn -0.000000 1.000000 0.000000
vn -0.000000 1.000000 0.000000
vn -0.000000 1.000000 0.000000
vn -0.000000 1.000000 0.000000
vn -0.000000 1.000000 0.000000
vn -0.000000 1.000000 0.000000
vn -0.000000 1.000000 0.000000
vn -0.000000 1.000000 0.000000
vn -0.000000 1.000000 0.000000
vn -0.000000 1.000000 0.000000
vn -0.000000 1.000000 0.000000
vn -0.000000 1.000000 0.000000
vn -0.000000 1.000000 0.000000
vn -0.000000 1.000000 0.000000
vn 0.000000 1.000000 0.000000
vn 0.000000 1.000000 0.000000
vn 0.000000 1.000000 0.000000
vn 0.000000 1.000000 0.000000
vn -0.000000 1.000000 0.000000
vn -0.000000 1.000000 0.000000
vn -0.000000 1.000000 0.000000
vn -0.000000 1.000000 0.000000
vn -0.000000 1.000000 0.000000
vn -0.000000 1.000000 0.000000
vn -0.000000 1.000000 0.000000
vn -0.000000 1.000000 0.000000
vn -0.000000 1.000000 0.000000
vn -0.000000 1.000000 0.000000
vn -0.000000 1.000000 0.000000
vn -0.000000 1.000000 0.000000
vn -0.000000 1.000000 0.000000
vn -0.000000 1.000000 0.000000
vn -0.000000 1.000000 0.000000
vn -0.000000 1.000000 0.000000
vn -0.000000 1.000000 0.000000
vn -0.000000 1.000000 0.000000
vn -0.000000 1.000000 0.000000
vn -0.000000 1.000000 0.000000
vn -0.000000 1.000000 0.000000
vn -0.000000 1.000000 0.000000
vn -0.000000 1.000000 0.000000
vn -0.000000 1.000000 0.000000
vn -0.000000 1.000000 0.000000
vn -0.000000 1.000000 0.000000
vn -0.000000 1.000000 0.000000
vn -0.000000 1.000000 0.000000
vn -0.000000 1.000000 0.000000
vn -0.000000 1.000000 0.000000
vn -0.000000 1.000000 0.000000
vn -0.000000 1.000000 0.000000
vn -0.000000 1.000000 0.000000
vn -0.000000 1.000000 0.000000
vn -0.000000 1.000000 0.000000
vn -0.000000 1.000000 0.000000
vn -0.000000 1.000000 0.000000
vn -0.000000 1.000000 0.000000
vn -0.000000 1.000000 0.000000
vn -0.000000 1.000000 0.000000
vn -0.000000 1.000000 0.000000
vn -0.000000 1.000000 0.000000
vn -0.000000 1.000000 0.000000
vn -0.000000 1.000000 0.000000
vn -0.000000 1.000000 0.000000
vn -0.000000 1.000000 0.000000
vn -0.000000 1.000000 0.000000
vn -0.000000 1.000000 0.000000
vn -0.000000 1.000000 0.000000
vn -0.000000 1.000000 0.000000
vn -0.000000 1.000000 0.000000
vn 0.000000 1.000000 0.000000
vn 0.000000 1.000000 0.000000
vn 0.000000 1.000000 0.000000
vn 0.000000 1.000000 0.000000
vn 0.000000 1.000000 0.000000
vn 0.000000 1.000000 0.000000
vn 0.000000 1.000000 0.000000
vn 0.000000 1.000000 0.000000
vn 0.000000 1.000000 0.000000
vn 0.000000 1.000000 0.000000
vn 0.000000 1.000000 0.000000
vn 0.000000 1.000000 0.000000
vn 0.000000 1.000000 0.000000
vn 0.000000 1.000000 0.000000
vn 0.000000 1.000000 0.000000
vn 0.000000 1.000000 0.000000
vn 0.000000 1.000000 0.000000
vn 0.000000 1.000000 0.000000
vn 0.000000 1.000000 0.000000
vn 0.000000 1.000000 0.000000
vn 0.000000 1.000000 0.000000
vn 0.000000 1.000000 0.000000
vn 0.000000 1.000000 0.000000
vn 0.000000 1.000000 0.000000
vn 0.000000 1.000000 0.000000
vn 0.000000 1.000000 0.000000
vn 0.000000 1.000000 0.000000
vn 0.000000 1.000000 0.000000
vn 0.000000 1.000000 0.000000
vn 0.000000 1.000000 0.000000
vn 0.000000 1.000000 0.000000
vn 0.000000 1.000000 0.000000
vn 0.000000 1.000000 0.000000
vn 0.000000 1.000000 0.000000
vn 0.000000 1.000000 0.000000
vn 0.000000 1.000000 0.000000
vn 0.000000 1.000000 0.000000
vn 0.000000 1.000000 0.000000
vn 0.000000 1.000000 0.000000
vn 0.000000 1.000000 0.000000
vn 0.000000 1.000000 0.000000
vn 0.000000 1.000000 0.000000
vn 0.000000 1.000000 0.000000
vn 0.000000 1.000000 0.000000
vn 0.000000 1.000000 0.000000
vn 0.000000 1.000000 0.000000
vn 0.000000 1.000000 0.000000
vn 0.000000 1.000000 0.000000
vn 0.000000 1.000000 0.000000
vn 0.000000 1.000000 0.000000
vn 0.000000 1.000000 0.000000
vn 0.000000 1.000000 0.000000
vn 0.000000 1.000000 0.000000
vn 0.000000 1.000000 0.000000
vn 0.000000 1.000000 0.000000
vn 0.000000 1.000000 0.000000
vn 0.000000 1.000000 0.000000
vn 0.000000 1.000000 0.000000
vn 0.000000 1.000000 0.000000
vn 0.000000 1.000000 0.000000
vn 0.000000 1.000000 0.000000
vn 0.000000 1.000000 0.000000
vn 0.000000 1.000000 0.000000
vn 0.000000 1.000000 0.000000
vn 0.000000 1.000000 0.000000
vn 0.000000 1.000000 0.000000
vn 0.000000 1.000000 0.000000
vn 0.000000 1.000000 0.000000
vn 0.000000 1.000000 0.000000
vn 0.000000 1.000000 0.000000
vn 0.000000 1.000000 0.000000
vn 0.000000 1.000000 0.000000
vn 0.000000 1.000000 0.000000
vn 0.000000 1.000000 0.000000
vn 0.000000 1.000000 0.000000
vn 0.000000 1.000000 0.000000
vn 0.000000 1.000000 0.000000
vn 0.000000 1.000000 0.000000
vn 0.000000 1.000000 0.000000
vn 0.000000 1.000000 0.000000
vn 0.000000 1.000000 0.000000
vn 0.000000 1.000000 0.000000
vn 0.000000 1.000000 0.000000
vn 0.000000 1.000000 0.000000
vn 0.000000 1.000000 0.000000
vn 0.000000 1.000000 0.000000
vn 0.000000 1.000000 0.000000
vn 0.000000 1.000000 0.000000
vn 0.000000 1.000000 0.000000
vn 0.000000 1.000000 0.000000
vn 0.000000 1.000000 0.000000
vn 0.000000 1.000000 0.000000
vn 0.000000 1.000000 0.000000
vn 0.000000 1.000000 0.000000
vn 0.000000 1.000000 0.000000
vn 0.000000 1.000000 0.000000
vn 0.000000 1.000000 0.000000
vn 0.000000 1.000000 0.000000
vn 0.000000 1.000000 0.000000
vn 0.000000 1.000000 0.000000
vn 0.000000 1.000000 0.000000
vn 0.000000 1.000000 0.000000
vn 0.000000 1.000000 0.000000
vn 0.000000 1.000000 0.000000
vn 0.000000 1.000000 0.000000
vn 0.000000 1.000000 0.000000
vn 0.000000 1.000000 0.000000
vn 0.000000 1.000000 0.000000
vn 0.000000 1.000000 0.000000
vn 0.000000 1.000000 0.000000
vn 0.000000 1.000000 0.000000
vn 0.000000 1.000000 0.000000
vn 0.000000 1.000000 0.000000
vn 0.000000 1.000000 0.000000
vn 0.000000 1.000000 0.000000
vn 0.000000 1.000000 0.000000
vn 0.000000 1.000000 0.000000
vn 0.000000 1.000000 0.000000
vn 0.000000 1.000000 0.000000
vn 0.000000 1.000000 0.000000
vn 0.000000 1.000000 0.000000
vn 0.000000 1.000000 0.000000
vn 0.000000 1.000000 0.000000
vn 0.000000 1.000000 0.000000
vn 0.000000 1.000000 0.000000
vn 0.000000 1.000000 0.000000
vn 0.000000 1.000000 0.000000
vn 0.000000 1.000000 0.000000
vn -0.000000 1.000000 0.000000
vn -0.000000 1.000000 0.000000
vn -0.000000 1.000000 0.000000
vn -0.000000 1.000000 0.000000
vn -0.000000 1.000000 0.000000
vn -0.000000 1.000000 0.000000
vn -0.000000 1.000000 0.000000
vn -0.000000 1.000000 0.000000
vn -0.000000 1.000000 0.000000
vn -0.000000 1.000000 0.000000
vn -0.000000 1.000000 0.000000
vn -0.000000 1.000000 0.000000
vn -0.000000 1.000000 0.000000
vn -0.000000 1.000000 0.000000
vn -0.000000 1.000000 0.000000
vn -0.000000 1.000000 0.000000
vn -0.000000 1.000000 0.000000
vn -0.000000 1.000000 0.000000
vn -0.000000 1.000000 0.000000
vn -0.000000 1.000000 0.000000
vn -0.000000 1.000000 0.000000
vn -0.000000 1.000000 0.000000
vn -0.000000 1.000000 0.000000
vn -0.000000 1.000000 0.000000
vn -0.000000 1.000000 0.000000
vn -0.000000 1.000000 0.000000
vn 0.000000 1.000000 0.000000
vn 0.000000 1.000000 0.000000
vn 0.000000 1.000000 0.000000
vn 0.000000 1.000000 0.000000
vn 0.000000 1.000000 0.000000
vn 0.000000 1.000000 0.000000
vn 0.000000 1.000000 0.000000
vn 0.000000 1.000000 0.000000
vn 0.000000 1.000000 0.000000
vn 0.000000 1.000000 0.000000
vn 0.000000 1.000000 0.000000
vn 0.000000 1.000000 0.000000
vn 0.000000 1.000000 0.000000
vn 0.000000 1.000000 0.000000
vn 0.000000 1.000000 0.000000
vn 0.000000 1.000000 0.000000
vn 0.000000 1.000000 0.000000
vn 0.000000 1.000000 0.000000
vn 0.000000 1.000000 0.000000
vn 0.000000 1.000000 0.000000
vn 0.000000 1.000000 0.000000
vn 0.000000 1.000000 0.000000
vn 0.000000 1.000000 0.000000
vn 0.000000 1.000000 0.000000
vn 0.000000 1.000000 0.000000
vn 0.000000 1.000000 0.000000
vn 0.000000 1.000000 0.000000
vn 0.000000 1.000000 0.000000
vn 0.000000 1.000000 0.000000
vn 0.000000 1.000000 0.000000
vn 0.000000 1.000000 0.000000
vn 0.000000 1.000000 0.000000
vn 0.000000 1.000000 0.000000
vn 0.000000 1.000000 0.000000
vn 0.000000 1.000000 0.000000
vn 0.000000 1.000000 0.000000
vn 0.000000 1.000000 0.000000
vn 0.000000 1.000000 0.000000
vn 0.000000 1.000000 0.000000
vn 0.000000 1.000000 0.000000
vn 0.000000 1.000000 0.000000
vn 0.000000 1.000000 0.000000
vn 0.000000 1.000000 0.000000
vn 0.000000 1.000000 0.000000
vn 0.000000 1.000000 0.000000
vn 0.000000 1.000000 0.000000
vn 0.000000 1.000000 0.000000
vn 0.000000 1.000000 0.000000
vn 0.000000 1.000000 0.000000
vn 0.000000 1.000000 0.000000
vn 0.000000 1.000000 0.000000
vn 0.000000 1.000000 0.000000
vn 0.000000 1.000000 0.000000
vn 0.000000 1.000000 0.000000
vn 0.000000 1.000000 0.000000
vn 0.000000 1.000000 0.000000
vn 0.000000 1.000000 0.000000
vn 0.000000 1.000000 0.000000
vn 0.000000 1.000000 0.000000
vn 0.000000 1.000000 0.000000
vn 0.000000 1.000000 0.000000
vn 0.000000 1.000000 0.000000
vn 0.000000 1.000000 0.000000
vn 0.000000 1.000000 0.000000
vn -0.000000 1.000000 0.000000
vn -0.000000 1.000000 0.000000
vn -0.000000 1.000000 0.000000
vn -0.000000 1.000000 0.000000
vn -0.000000 1.000000 0.000000
vn -0.000000 1.000000 0.000000
vn -0.000000 1.000000 0.000000
vn -0.000000 1.000000 0.000000
vn -0.000000 1.000000 0.000000
vn -0.000000 1.000000 0.000000
vn -0.000000 1.000000 0.000000
vn -0.000000 1.000000 0.000000
vn -0.000000 1.000000 0.000000
vn -0.000000 1.000000 0.000000
vn -0.000000 1.000000 0.000000
vn -0.000000 1.000000 0.000000
vn -0.000000 1.000000 0.000000
vn -0.000000 1.000000 0.000000
vn -0.000000 1.000000 0.000000
vn -0.000000 1.000000 0.000000
vn -0.000000 1.000000 0.000000
vn -0.000000 1.000000 0.000000
vn -0.000000 1.000000 0.000000
vn -0.000000 1.000000 0.000000
vn -0.000000 1.000000 0.000000
vn -0.000000 1.000000 0.000000
vn -0.970942 -0.000000 0.239316
vn -0.970942 -0.000000 0.239316
vn -1.000000 0.000000 -0.000000
vn -1.000000 0.000000 -0.000000
vn -0.970942 0.000000 -0.239316
vn -0.970942 0.000000 -0.239316
vn -0.885456 0.000000 -0.464723
vn -0.885456 0.000000 -0.464723
vn -0.748511 0.000000 -0.663123
vn -0.748511 0.000000 -0.663123
vn -0.568065 0.000000 -0.822984
vn -0.568065 0.000000 -0.822984
vn -0.354605 0.000000 -0.935016
vn -0.354605 0.000000 -0.935016
vn -0.120537 0.000000 -0.992709
vn -0.120537 0.000000 -0.992709
vn 0.120537 0.000000 -0.992709
vn 0.120537 0.000000 -0.992709
vn 0.354605 0.000000 -0.935016
vn 0.354605 0.000000 -0.935016
vn 0.568065 0.000000 -0.822984
vn 0.568065 0.000000 -0.822984
vn 0.748511 0.000000 -0.663123
vn 0.748511 0.000000 -0.663123
vn 0.885456 0.000000 -0.464723
vn 0.885456 0.000000 -0.464723
vn 0.970942 0.000000 -0.239316
vn 0.970942 0.000000 -0.239316
vn 1.000000 0.000000 -0.000000
vn 1.000000 0.000000 -0.000000
vn 0.970942 -0.000000 0.239316
vn 0.970942 -0.000000 0.239316
vn 0.885456 -0.000000 0.464723
vn 0.885456 -0.000000 0.464723
vn 0.748511 -0.000000 0.663123
vn 0.748511 -0.000000 0.663123
vn 0.568065 -0.000000 0.822984
vn 0.568065 -0.000000 0.822984
vn 0.354605 -0.000000 0.935016
vn 0.354605 -0.000000 0.935016
vn 0.120537 -0.000000 0.992709
vn 0.120537 -0.000000 0.992709
vn -0.120537 -0.000000 0.992709
vn -0.120537 -0.000000 0.992709
vn -0.354605 -0.000000 0.935016
vn -0.354605 -0.000000 0.935016
vn -0.568065 -0.000000 0.822984
vn -0.568065 -0.000000 0.822984
vn -0.748511 -0.000000 0.663123
vn -0.748511 -0.000000 0.663123
vn -0.885456 -0.000000 0.464723
vn -0.885456 -0.000000 0.464723
vn -0.970942 -0.000000 0.239316
vn -0.970942 -0.000000 0.239316
vn -1.000000 0.000000 -0.000000
vn -1.000000 0.000000 -0.000000
vn -0.970942 0.000000 -0.239316
vn -0.970942 0.000000 -0.239316
vn -0.885456 0.000000 -0.464723
vn -0.885456 0.000000 -0.464723
vn -0.748511 0.000000 -0.663123
vn -0.748511 0.000000 -0.663123
vn -0.568065 0.000000 -0.822984
vn -0.568065 0.000000 -0.822984
vn -0.354605 0.000000 -0.935016
vn -0.354605 0.000000 -0.935016
vn -0.120537 0.000000 -0.992709
vn -0.120537 0.000000 -0.992709
vn 0.120537 0.000000 -0.992709
vn 0.120537 0.000000 -0.992709
vn 0.354605 0.000000 -0.935016
vn 0.354605 0.000000 -0.935016
vn 0.568065 0.000000 -0.822984
vn 0.568065 0.000000 -0.822984
vn 0.748511 0.000000 -0.663123
vn 0.748511 0.000000 -0.663123
vn 0.885456 0.000000 -0.464723
vn 0.885456 0.000000 -0.464723
vn 0.970942 0.000000 -0.239316
vn 0.970942 0.000000 -0.239316
vn 1.000000 0.000000 -0.000000
vn 1.000000 0.000000 -0.000000
vn 0.970942 -0.000000 0.239316
vn 0.970942 -0.000000 0.239316
vn 0.885456 -0.000000 0.464723
vn 0.885456 -0.000000 0.464723
vn 0.748511 -0.000000 0.663123
vn 0.748511 -0.000000 0.663123
vn 0.568065 -0.000000 0.822984
vn 0.568065 -0.000000 0.822984
vn 0.354605 -0.000000 0.935016
vn 0.354605 -0.000000 0.935016
vn 0.120537 -0.000000 0.992709
vn 0.120537 -0.000000 0.992709
vn -0.120537 -0.000000 0.992709
vn -0.120537 -0.000000 0.992709
vn -0.354605 -0.000000 0.935016
vn -0.354605 -0.000000 0.935016
vn -0.568065 -0.000000 0.822984
vn -0.568065 -0.000000 0.822984
vn -0.748511 -0.000000 0.663123
vn -0.748511 -0.000000 0.663123
vn -0.885456 -0.000000 0.464723
vn -0.885456 -0.000000 0.464723
vn -0.970942 -0.000000 0.239316
vn -0.970942 -0.000000 0.239316
vn -1.000000 -0.000000 0.000000
vn -1.000000 0.000000 -0.000000
vn -0.970942 0.000000 -0.239316
vn -0.970942 0.000000 -0.239316
vn -0.885456 0.000000 -0.464723
vn -0.885456 0.000000 -0.464723
vn -0.748511 0.000000 -0.663123
vn -0.748511 0.000000 -0.663123
vn -0.568065 0.000000 -0.822984
vn -0.568065 0.000000 -0.822984
vn -0.354605 0.000000 -0.935016
vn -0.354605 0.000000 -0.935016
vn -0.120537 0.000000 -0.992709
vn -0.120537 0.000000 -0.992709
vn 0.120537 0.000000 -0.992709
vn 0.120537 0.000000 -0.992709
vn 0.354605 0.000000 -0.935016
vn 0.354605 0.000000 -0.935016
vn 0.568065 0.000000 -0.822984
vn 0.568065 0.000000 -0.822984
vn 0.748511 0.000000 -0.663123
vn 0.748511 0.000000 -0.663123
vn 0.885456 0.000000 -0.464723
vn 0.885456 0.000000 -0.464723
vn 0.970942 0.000000 -0.239316
vn 0.970942 0.000000 -0.239316
vn 1.000000 0.000000 -0.000000
vn 1.000000 0.000000 -0.000000
vn 0.970942 -0.000000 0.239316
vn 0.970942 -0.000000 0.239316
vn 0.885456 -0.000000 0.464723
vn 0.885456 -0.000000 0.464723
vn 0.748511 -0.000000 0.663123
vn 0.748511 -0.000000 0.663123
vn 0.568065 -0.000000 0.822984
vn 0.568065 -0.000000 0.822984
vn 0.354605 -0.000000 0.935016
vn 0.354605 -0.000000 0.935016
vn 0.120537 -0.000000 0.992709
vn 0.120537 -0.000000 0.992709
vn -0.120537 -0.000000 0.992709
vn -0.120537 -0.000000 0.992709
vn -0.354605 -0.000000 0.935016
vn -0.354605 -0.000000 0.935016
vn -0.568065 -0.000000 0.822984
vn -0.568065 -0.000000 0.822984
vn -0.748511 -0.000000 0.663123
vn -0.748511 -0.000000 0.663123
vn -0.885456 -0.000000 0.464723
vn -0.885456 -0.000000 0.464723
vn -0.970942 -0.000000 0.239316
vn -0.970942 -0.000000 0.239316
vn -1.000000 -0.000000 0.000000
vn -1.000000 0.000000 -0.000000
vn -0.970942 0.000000 -0.239316
vn -0.970942 0.000000 -0.239316
vn -0.885456 0.000000 -0.464723
vn -0.885456 0.000000 -0.464723
vn -0.748511 0.000000 -0.663123
vn -0.748511 0.000000 -0.663123
vn -0.568065 0.000000 -0.822984
vn -0.568065 0.000000 -0.822984
vn -0.354605 0.000000 -0.935016
vn -0.354605 0.000000 -0.935016
vn -0.120537 0.000000 -0.992709
vn -0.120537 0.000000 -0.992709
vn 0.120537 0.000000 -0.992709
vn 0.120537 0.000000 -0.992709
vn 0.354605 0.000000 -0.935016
vn 0.354605 0.000000 -0.935016
vn 0.568065 0.000000 -0.822984
vn 0.568065 0.000000 -0.822984
vn 0.748511 0.000000 -0.663123
vn 0.748511 0.000000 -0.663123
vn 0.885456 0.000000 -0.464723
vn 0.885456 0.000000 -0.464723
vn 0.970942 0.000000 -0.239316
vn 0.970942 0.000000 -0.239316
vn 1.000000 0.000000 -0.000000
vn 1.000000 0.000000 -0.000000
vn 0.970942 -0.000000 0.239316
vn 0.970942 -0.000000 0.239316
vn 0.885456 -0.000000 0.464723
vn 0.885456 -0.000000 0.464723
vn 0.748511 -0.000000 0.663123
vn 0.748511 -0.000000 0.663123
vn 0.568065 -0.000000 0.822984
vn 0.568065 -0.000000 0.822984
vn 0.354605 -0.000000 0.935016
vn 0.354605 -0.000000 0.935016
vn 0.120537 -0.000000 0.992709
vn 0.120537 -0.000000 0.992709
vn -0.120537 -0.000000 0.992709
vn -0.120537 -0.000000 0.992709
vn -0.354605 -0.000000 0.935016
vn -0.354605 -0.000000 0.935016
vn -0.568065 -0.000000 0.822984
vn -0.568065 -0.000000 0.822984
vn -0.748511 -0.000000 0.663123
vn -0.748511 -0.000000 0.663123
vn -0.885456 -0.000000 0.464723
vn -0.885456 -0.000000 0.464723
vn -0.000000 1.000000 0.000000
vn -0.000000 1.000000 0.000000
vn -0.000000 1.000000 0.000000
vn -0.000000 1.000000 0.000000
vn -0.000000 1.000000 0.000000
vn -0.000000 1.000000 0.000000
vn -0.000000 1.000000 0.000000
vn -0.000000 1.000000 0.000000
vn -0.000000 1.000000 0.000000
vn -0.000000 1.000000 0.000000
vn -0.000000 1.000000 0.000000
vn -0.000000 1.000000 0.000000
vn -0.000000 1.000000 0.000000
vn -0.000000 1.000000 0.000000
vn -0.000000 1.000000 0.000000
vn -0.000000 1.000000 0.000000
vn -0.000000 1.000000 0.000000
vn -0.000000 1.000000 0.000000
vn -0.000000 1.000000 0.000000
vn -0.000000 1.000000 0.000000
vn -0.000000 1.000000 0.000000
vn -0.000000 1.000000 0.000000
vn -0.000000 1.000000 0.000000
vn -0.000000 1.000000 0.000000
vn -0.000000 1.000000 0.000000
vn -0.000000 1.000000 0.000000
vn -0.000000 1.000000 0.000000
vn -0.000000 1.000000 0.000000
vn -0.000000 1.000000 0.000000
vn -0.000000 1.000000 0.000000
vn -0.000000 1.000000 0.000000
vn -0.000000 1.000000 0.000000
vn -0.000000 1.000000 0.000000
vn -0.000000 1.000000 0.000000
vn -0.000000 1.000000 0.000000
vn -0.000000 1.000000 0.000000
vn -0.000000 1.000000 0.000000
vn -0.000000 1.000000 0.000000
vn -0.000000 1.000000 0.000000
vn -0.000000 1.000000 0.000000
vn -0.000000 1.000000 0.000000
vn -0.000000 1.000000 0.000000
vn -0.000000 1.000000 0.000000
vn -0.000000 1.000000 0.000000
vn -0.000000 1.000000 0.000000
vn -0.000000 1.000000 0.000000
vn -0.000000 1.000000 0.000000
vn -0.000000 1.000000 0.000000
vn -0.000000 1.000000 0.000000
vn -0.000000 1.000000 0.000000
vn -0.000000 1.000000 0.000000
vn -0.000000 1.000000 0.000000
vn -0.000000 1.000000 0.000000
vn -0.000000 1.000000 0.000000
vn -0.000000 1.000000 0.000000
vn -0.000000 1.000000 0.000000
vn -0.000000 1.000000 0.000000
vn -0.000000 1.000000 0.000000
vn -0.000000 1.000000 0.000000
vn -0.000000 1.000000 0.000000
vn -0.000000 1.000000 0.000000
vn -0.000000 1.000000 0.000000
vn -0.000000 1.000000 0.000000
vn -0.000000 1.000000 0.000000
vn -0.000000 1.000000 0.000000
vn -0.000000 1.000000 0.000000
vn -0.000000 1.000000 0.000000
vn -0.000000 1.000000 0.000000
vn -0.000000 1.000000 0.000000
vn -0.000000 1.000000 0.000000
vn -0.000000 1.000000 0.000000
vn -0.000000 1.000000 0.000000
vn -0.000000 1.000000 0.000000
vn -0.000000 1.000000 0.000000
vn -0.000000 1.000000 0.000000
vn -0.000000 1.000000 0.000000
vn -0.000000 1.000000 0.000000
vn -0.000000 1.000000 0.000000
vn -0.000000 1.000000 0.000000
vn -0.000000 1.000000 0.000000
vn -0.000000 1.000000 0.000000
vn -0.000000 1.000000 0.000000
vn -0.000000 1.000000 0.000000
vn -0.000000 1.000000 0.000000
vn -0.000000 1.000000 0.000000
vn -0.000000 1.000000 0.000000
vn -0.000000 1.000000 0.000000
vn -0.000000 1.000000 0.000000
vn -0.000000 1.000000 0.000000
vn -0.000000 1.000000 0.000000
vn -0.000000 1.000000 0.000000
vn -0.000000 1.000000 0.000000
vn -0.000000 1.000000 0.000000
vn -0.000000 1.000000 0.000000
vn -0.000000 1.000000 0.000000
vn -0.000000 1.000000 0.000000
vn -0.000000 1.000000 0.000000
vn -0.000000 1.000000 0.000000
vn -0.000000 1.000000 0.000000
vn -0.000000 1.000000 0.000000
vn -0.000000 1.000000 0.000000
vn -0.000000 1.000000 0.000000
vn -0.000000 1.000000 0.000000
vn -0.000000 1.000000 0.000000
usemtl Steel_-_Satin
f 2/1/1 3/2/2 1/3/3
f 1/3/3 3/2/2 4/4/4
f 5/5/5 6/6/6 24/7/7
f 24/7/7 6/6/6 7/8/8
f 24/7/7 7/8/8 23/9/9
f 23/9/9 7/8/8 8/10/10
f 23/9/9 8/10/10 22/11/11
f 22/11/11 8/10/10 9/12/12
f 22/11/11 9/12/12 21/13/13
f 21/13/13 9/12/12 10/14/14
f 21/13/13 10/14/14 20/15/15
f 20/15/15 10/14/14 11/16/16
f 20/15/15 11/16/16 19/17/17
f 19/17/17 11/16/16 12/18/18
f 19/17/17 12/18/18 18/19/19
f 18/19/19 12/18/18 13/20/20
f 18/19/19 13/20/20 17/21/21
f 17/21/21 13/20/20 14/22/22
f 17/21/21 14/22/22 16/23/23
f 16/23/23 14/22/22 15/24/24
f 16/23/23 15/24/24 1/25/3
f 1/25/3 15/24/24 2/26/1
f 4/27/4 3/28/2 44/29/25
f 44/29/25 3/28/2 25/30/26
f 44/29/25 25/30/26 43/31/27
f 43/31/27 25/30/26 26/32/28
f 43/31/27 26/32/28 42/33/29
f 42/33/29 26/32/28 27/34/30
f 42/33/29 27/34/30 41/35/31
f 41/35/31 27/34/30 28/36/32
f 41/35/31 28/36/32 40/37/33
f 40/37/33 28/36/32 29/38/34
f 40/37/33 29/38/34 39/39/35
f 39/39/35 29/38/34 30/40/36
f 39/39/35 30/40/36 38/41/37
f 38/41/37 30/40/36 31/42/38
f 38/41/37 31/42/38 37/43/39
f 37/43/39 31/42/38 32/44/40
f 37/43/39 32/44/40 36/45/41
f 36/45/41 32/44/40 33/46/42
f 36/45/41 33/46/42 35/47/43
f 35/47/43 33/46/42 34/48/44
f 2/49/45 106/50/46 3/51/47
f 3/51/47 106/50/46 107/52/48
f 3/51/47 107/52/48 108/53/49
f 15/54/50 6/55/51 2/49/45
f 2/49/45 6/55/51 84/56/52
f 2/49/45 84/56/52 85/57/53
f 15/54/50 14/58/54 6/55/51
f 6/55/51 14/58/54 13/59/55
f 6/55/51 13/59/55 12/60/56
f 12/60/56 11/61/57 6/55/51
f 6/55/51 11/61/57 10/62/58
f 6/55/51 10/62/58 9/63/59
f 9/63/59 8/64/60 6/55/51
f 6/55/51 8/64/60 7/65/61
f 45/66/62 78/67/63 6/55/51
f 6/55/51 78/67/63 79/68/64
f 6/55/51 79/68/64 80/69/65
f 46/70/66 47/71/67 45/66/62
f 45/66/62 47/71/67 48/72/68
f 45/66/62 48/72/68 49/73/69
f 49/73/69 50/74/70 45/66/62
f 45/66/62 50/74/70 51/75/71
f 45/66/62 51/75/71 52/76/72
f 52/76/72 53/77/73 45/66/62
f 45/66/62 53/77/73 54/78/74
f 45/66/62 54/78/74 55/79/75
f 56/80/76 149/81/77 55/79/75
f 55/79/75 149/81/77 150/82/78
f 55/79/75 150/82/78 151/83/79
f 57/84/80 66/85/81 56/80/76
f 56/80/76 66/85/81 143/86/82
f 56/80/76 143/86/82 144/87/83
f 57/84/80 58/88/84 66/85/81
f 66/85/81 58/88/84 59/89/85
f 66/85/81 59/89/85 60/90/86
f 60/90/86 61/91/87 66/85/81
f 66/85/81 61/91/87 62/92/88
f 66/85/81 62/92/88 63/93/89
f 63/93/89 64/94/90 66/85/81
f 66/85/81 64/94/90 65/95/91
f 34/96/92 92/97/93 66/85/81
f 66/85/81 92/97/93 93/98/94
f 66/85/81 93/98/94 94/99/95
f 33/100/96 32/101/97 34/96/92
f 34/96/92 32/101/97 31/102/98
f 34/96/92 31/102/98 30/103/99
f 30/103/99 29/104/100 34/96/92
f 34/96/92 29/104/100 28/105/101
f 34/96/92 28/105/101 27/106/102
f 27/106/102 26/107/103 34/96/92
f 34/96/92 26/107/103 25/108/104
f 34/96/92 25/108/104 3/51/47
f 68/109/105 102/110/106 67/111/107
f 67/111/107 102/110/106 103/112/108
f 67/111/107 103/112/108 90/113/109
f 90/113/109 103/112/108 104/114/110
f 90/113/109 104/114/110 89/115/111
f 89/115/111 104/114/110 105/116/112
f 89/115/111 105/116/112 88/117/113
f 88/117/113 105/116/112 106/50/46
f 88/117/113 106/50/46 2/49/45
f 102/110/106 68/109/105 131/118/114
f 131/118/114 68/109/105 69/119/115
f 131/118/114 69/119/115 130/120/116
f 130/120/116 69/119/115 70/121/117
f 130/120/116 70/121/117 129/122/118
f 129/122/118 70/121/117 71/123/119
f 129/122/118 71/123/119 128/124/120
f 128/124/120 71/123/119 72/125/121
f 128/124/120 72/125/121 55/79/75
f 55/79/75 72/125/121 45/66/62
f 72/125/121 73/126/122 45/66/62
f 45/66/62 73/126/122 74/127/123
f 45/66/62 74/127/123 75/128/124
f 75/128/124 76/129/125 45/66/62
f 45/66/62 76/129/125 77/130/126
f 45/66/62 77/130/126 78/67/63
f 80/69/65 81/131/127 6/55/51
f 6/55/51 81/131/127 82/132/128
f 6/55/51 82/132/128 83/133/129
f 83/133/129 84/56/52 6/55/51
f 85/57/53 86/134/130 2/49/45
f 2/49/45 86/134/130 87/135/131
f 2/49/45 87/135/131 88/117/113
f 114/136/132 91/137/133 34/96/92
f 34/96/92 91/137/133 92/97/93
f 95/138/134 139/139/135 94/99/95
f 94/99/95 139/139/135 140/140/136
f 94/99/95 140/140/136 66/85/81
f 66/85/81 140/140/136 115/141/137
f 66/85/81 115/141/137 116/142/138
f 139/139/135 95/138/134 138/143/139
f 138/143/139 95/138/134 96/144/140
f 138/143/139 96/144/140 137/145/141
f 137/145/141 96/144/140 97/146/142
f 137/145/141 97/146/142 136/147/143
f 136/147/143 97/146/142 98/148/144
f 136/147/143 98/148/144 135/149/145
f 135/149/145 98/148/144 99/150/146
f 135/149/145 99/150/146 134/151/147
f 134/151/147 99/150/146 100/152/148
f 134/151/147 100/152/148 133/153/149
f 133/153/149 100/152/148 101/154/150
f 133/153/149 101/154/150 132/155/151
f 132/155/151 101/154/150 102/110/106
f 132/155/151 102/110/106 131/118/114
f 108/53/49 109/156/152 3/51/47
f 3/51/47 109/156/152 110/157/153
f 3/51/47 110/157/153 34/96/92
f 34/96/92 110/157/153 111/158/154
f 34/96/92 111/158/154 112/159/155
f 112/159/155 113/160/156 34/96/92
f 34/96/92 113/160/156 114/136/132
f 117/161/157 165/162/158 116/142/138
f 116/142/138 165/162/158 166/163/159
f 116/142/138 166/163/159 66/85/81
f 66/85/81 166/163/159 141/164/160
f 66/85/81 141/164/160 142/165/161
f 165/162/158 117/161/157 164/166/162
f 164/166/162 117/161/157 118/167/163
f 164/166/162 118/167/163 163/168/164
f 163/168/164 118/167/163 119/169/165
f 163/168/164 119/169/165 162/170/166
f 162/170/166 119/169/165 120/171/167
f 162/170/166 120/171/167 161/172/168
f 161/172/168 120/171/167 121/173/169
f 161/172/168 121/173/169 122/174/170
f 161/172/168 122/174/170 160/175/171
f 160/175/171 122/174/170 123/176/172
f 160/175/171 123/176/172 159/177/173
f 159/177/173 123/176/172 124/178/174
f 159/177/173 124/178/174 158/179/175
f 158/179/175 124/178/174 157/180/176
f 157/180/176 124/178/174 125/181/177
f 157/180/176 125/181/177 156/182/178
f 156/182/178 125/181/177 126/183/179
f 156/182/178 126/183/179 155/184/180
f 155/184/180 126/183/179 127/185/181
f 155/184/180 127/185/181 55/79/75
f 55/79/75 127/185/181 128/124/120
f 142/165/161 143/86/82 66/85/81
f 144/87/83 145/186/182 56/80/76
f 56/80/76 145/186/182 146/187/183
f 56/80/76 146/187/183 147/188/184
f 147/188/184 148/189/185 56/80/76
f 56/80/76 148/189/185 149/81/77
f 151/83/79 152/190/186 55/79/75
f 55/79/75 152/190/186 153/191/187
f 55/79/75 153/191/187 154/192/188
f 154/192/188 155/184/180 55/79/75
f 4/193/189 297/194/190 1/195/191
f 1/195/191 297/194/190 277/196/192
f 1/195/191 277/196/192 278/197/193
f 44/198/194 356/199/195 4/193/189
f 4/193/189 356/199/195 357/200/196
f 4/193/189 357/200/196 358/201/197
f 44/198/194 43/202/198 356/199/195
f 356/199/195 43/202/198 42/203/199
f 356/199/195 42/203/199 41/204/200
f 41/204/200 40/205/201 356/199/195
f 356/199/195 40/205/201 39/206/202
f 356/199/195 39/206/202 38/207/203
f 38/207/203 37/208/204 356/199/195
f 356/199/195 37/208/204 36/209/205
f 356/199/195 36/209/205 35/210/206
f 167/211/207 580/212/208 35/210/206
f 35/210/206 580/212/208 442/213/209
f 35/210/206 442/213/209 419/214/210
f 168/215/211 169/216/212 167/211/207
f 167/211/207 169/216/212 170/217/213
f 167/211/207 170/217/213 171/218/214
f 171/218/214 172/219/215 167/211/207
f 167/211/207 172/219/215 173/220/216
f 167/211/207 173/220/216 174/221/217
f 174/221/217 175/222/218 167/211/207
f 167/211/207 175/222/218 176/223/219
f 167/211/207 176/223/219 177/224/220
f 178/225/221 491/226/222 177/224/220
f 177/224/220 491/226/222 551/227/223
f 177/224/220 551/227/223 552/228/224
f 179/229/225 188/230/226 178/225/221
f 178/225/221 188/230/226 507/231/227
f 178/225/221 507/231/227 508/232/228
f 179/229/225 180/233/229 188/230/226
f 188/230/226 180/233/229 181/234/230
f 188/230/226 181/234/230 182/235/231
f 182/235/231 183/236/232 188/230/226
f 188/230/226 183/236/232 184/237/233
f 188/230/226 184/237/233 185/238/234
f 185/238/234 186/239/235 188/230/226
f 188/230/226 186/239/235 187/240/236
f 5/241/237 500/242/238 188/230/226
f 188/230/226 500/242/238 501/243/239
f 188/230/226 501/243/239 502/244/240
f 24/245/241 196/246/242 5/241/237
f 5/241/237 196/246/242 197/247/243
f 5/241/237 197/247/243 198/248/244
f 24/245/241 23/249/245 196/246/242
f 196/246/242 23/249/245 22/250/246
f 196/246/242 22/250/246 21/251/247
f 21/251/247 20/252/248 196/246/242
f 196/246/242 20/252/248 19/253/249
f 196/246/242 19/253/249 18/254/250
f 18/254/250 17/255/251 196/246/242
f 196/246/242 17/255/251 16/256/252
f 196/246/242 16/256/252 1/195/191
f 190/257/253 230/258/254 189/259/255
f 189/259/255 230/258/254 231/260/256
f 189/259/255 231/260/256 214/261/257
f 214/261/257 231/260/256 232/262/258
f 214/261/257 232/262/258 213/263/259
f 213/263/259 232/262/258 233/264/260
f 213/263/259 233/264/260 212/265/261
f 212/265/261 233/264/260 211/266/262
f 211/266/262 233/264/260 234/267/263
f 211/266/262 234/267/263 210/268/264
f 210/268/264 234/267/263 235/269/265
f 210/268/264 235/269/265 209/270/266
f 209/270/266 235/269/265 208/271/267
f 208/271/267 235/269/265 236/272/268
f 208/271/267 236/272/268 207/273/269
f 207/273/269 236/272/268 237/274/270
f 207/273/269 237/274/270 206/275/271
f 206/275/271 237/274/270 205/276/272
f 205/276/272 237/274/270 238/277/273
f 205/276/272 238/277/273 204/278/274
f 204/278/274 238/277/273 239/279/275
f 204/278/274 239/279/275 203/280/276
f 203/280/276 239/279/275 240/281/277
f 203/280/276 240/281/277 202/282/278
f 202/282/278 240/281/277 241/283/279
f 202/282/278 241/283/279 242/284/280
f 191/285/281 1/195/191 190/257/253
f 190/257/253 1/195/191 279/286/282
f 190/257/253 279/286/282 226/287/283
f 226/287/283 279/286/282 280/288/284
f 226/287/283 280/288/284 225/289/285
f 225/289/285 280/288/284 224/290/286
f 224/290/286 280/288/284 281/291/287
f 224/290/286 281/291/287 223/292/288
f 223/292/288 281/291/287 222/293/289
f 222/293/289 281/291/287 282/294/290
f 222/293/289 282/294/290 221/295/291
f 221/295/291 282/294/290 283/296/292
f 221/295/291 283/296/292 220/297/293
f 220/297/293 283/296/292 219/298/294
f 219/298/294 283/296/292 284/299/295
f 219/298/294 284/299/295 218/300/296
f 218/300/296 284/299/295 285/301/297
f 218/300/296 285/301/297 217/302/298
f 217/302/298 285/301/297 216/303/299
f 216/303/299 285/301/297 286/304/300
f 216/303/299 286/304/300 215/305/301
f 215/305/301 286/304/300 287/306/302
f 215/305/301 287/306/302 270/307/303
f 270/307/303 287/306/302 269/308/304
f 269/308/304 287/306/302 288/309/305
f 269/308/304 288/309/305 268/310/306
f 268/310/306 288/309/305 289/311/307
f 268/310/306 289/311/307 267/312/308
f 267/312/308 289/311/307 266/313/309
f 266/313/309 289/311/307 290/314/310
f 266/313/309 290/314/310 265/315/311
f 265/315/311 290/314/310 264/316/312
f 264/316/312 290/314/310 323/317/313
f 264/316/312 323/317/313 300/318/314
f 191/285/281 192/319/315 1/195/191
f 1/195/191 192/319/315 193/320/316
f 1/195/191 193/320/316 194/321/317
f 194/321/317 195/322/318 1/195/191
f 1/195/191 195/322/318 196/246/242
f 198/248/244 199/323/319 5/241/237
f 5/241/237 199/323/319 200/324/320
f 5/241/237 200/324/320 201/325/321
f 201/325/321 202/282/278 5/241/237
f 5/241/237 202/282/278 312/326/322
f 5/241/237 312/326/322 313/327/323
f 226/287/283 227/328/324 190/257/253
f 190/257/253 227/328/324 228/329/325
f 190/257/253 228/329/325 229/330/326
f 229/330/326 230/258/254 190/257/253
f 242/284/280 243/331/327 202/282/278
f 202/282/278 243/331/327 244/332/328
f 202/282/278 244/332/328 245/333/329
f 202/282/278 245/333/329 312/326/322
f 312/326/322 245/333/329 246/334/330
f 312/326/322 246/334/330 311/335/331
f 311/335/331 246/334/330 247/336/332
f 311/335/331 247/336/332 248/337/333
f 311/335/331 248/337/333 310/338/334
f 310/338/334 248/337/333 249/339/335
f 310/338/334 249/339/335 250/340/336
f 310/338/334 250/340/336 309/341/337
f 309/341/337 250/340/336 251/342/338
f 309/341/337 251/342/338 308/343/339
f 308/343/339 251/342/338 252/344/340
f 308/343/339 252/344/340 307/345/341
f 307/345/341 252/344/340 253/346/342
f 307/345/341 253/346/342 254/347/343
f 307/345/341 254/347/343 306/348/344
f 306/348/344 254/347/343 255/349/345
f 306/348/344 255/349/345 305/350/346
f 305/350/346 255/349/345 256/351/347
f 305/350/346 256/351/347 304/352/348
f 304/352/348 256/351/347 257/353/349
f 304/352/348 257/353/349 258/354/350
f 304/352/348 258/354/350 303/355/351
f 303/355/351 258/354/350 259/356/352
f 303/355/351 259/356/352 302/357/353
f 302/357/353 259/356/352 260/358/354
f 302/357/353 260/358/354 301/359/355
f 301/359/355 260/358/354 261/360/356
f 301/359/355 261/360/356 262/361/357
f 301/359/355 262/361/357 300/318/314
f 300/318/314 262/361/357 263/362/358
f 300/318/314 263/362/358 264/316/312
f 272/363/359 297/194/190 271/364/360
f 271/364/360 297/194/190 298/365/361
f 271/364/360 298/365/361 295/366/362
f 295/366/362 298/365/361 294/367/363
f 294/367/363 298/365/361 293/368/364
f 293/368/364 298/365/361 292/369/365
f 292/369/365 298/365/361 291/370/366
f 291/370/366 298/365/361 290/314/310
f 290/314/310 298/365/361 323/317/313
f 272/363/359 273/371/367 297/194/190
f 297/194/190 273/371/367 274/372/368
f 297/194/190 274/372/368 275/373/369
f 275/373/369 276/374/370 297/194/190
f 297/194/190 276/374/370 277/196/192
f 278/197/193 279/286/282 1/195/191
f 297/194/190 4/193/189 296/375/371
f 296/375/371 4/193/189 330/376/372
f 296/375/371 330/376/372 331/377/373
f 299/378/374 450/379/375 298/365/361
f 298/365/361 450/379/375 322/380/376
f 298/365/361 322/380/376 323/317/313
f 296/375/371 337/381/377 299/378/374
f 299/378/374 337/381/377 338/382/378
f 299/378/374 338/382/378 339/383/379
f 314/384/380 468/385/381 313/327/323
f 313/327/323 468/385/381 469/386/382
f 313/327/323 469/386/382 500/242/238
f 500/242/238 469/386/382 470/387/383
f 500/242/238 470/387/383 471/388/384
f 315/389/385 466/390/386 314/384/380
f 314/384/380 466/390/386 467/391/387
f 314/384/380 467/391/387 468/385/381
f 316/392/388 464/393/389 315/389/385
f 315/389/385 464/393/389 465/394/390
f 315/389/385 465/394/390 466/390/386
f 317/395/391 462/396/392 316/392/388
f 316/392/388 462/396/392 463/397/393
f 316/392/388 463/397/393 464/393/389
f 318/398/394 460/399/395 317/395/391
f 317/395/391 460/399/395 461/400/396
f 317/395/391 461/400/396 462/396/392
f 319/401/397 457/402/398 318/398/394
f 318/398/394 457/402/398 458/403/399
f 318/398/394 458/403/399 459/404/400
f 320/405/401 455/406/402 319/401/397
f 319/401/397 455/406/402 456/407/403
f 319/401/397 456/407/403 457/402/398
f 321/408/404 453/409/405 320/405/401
f 320/405/401 453/409/405 454/410/406
f 320/405/401 454/410/406 455/406/402
f 322/380/376 451/411/407 321/408/404
f 321/408/404 451/411/407 452/412/408
f 321/408/404 452/412/408 453/409/405
f 325/413/409 395/414/410 324/415/411
f 324/415/411 395/414/410 396/416/412
f 324/415/411 396/416/412 348/417/413
f 348/417/413 396/416/412 397/418/414
f 348/417/413 397/418/414 347/419/415
f 347/419/415 397/418/414 398/420/416
f 347/419/415 398/420/416 346/421/417
f 346/421/417 398/420/416 399/422/418
f 346/421/417 399/422/418 345/423/419
f 345/423/419 399/422/418 400/424/420
f 345/423/419 400/424/420 344/425/421
f 344/425/421 400/424/420 401/426/422
f 344/425/421 401/426/422 402/427/423
f 395/414/410 325/413/409 394/428/424
f 394/428/424 325/413/409 326/429/425
f 394/428/424 326/429/425 393/430/426
f 393/430/426 326/429/425 327/431/427
f 393/430/426 327/431/427 392/432/428
f 392/432/428 327/431/427 391/433/429
f 391/433/429 327/431/427 328/434/430
f 391/433/429 328/434/430 362/435/431
f 362/435/431 328/434/430 4/193/189
f 362/435/431 4/193/189 361/436/432
f 361/436/432 4/193/189 360/437/433
f 360/437/433 4/193/189 359/438/434
f 359/438/434 4/193/189 358/201/197
f 328/434/430 329/439/435 4/193/189
f 4/193/189 329/439/435 330/376/372
f 331/377/373 332/440/436 296/375/371
f 296/375/371 332/440/436 333/441/437
f 296/375/371 333/441/437 334/442/438
f 334/442/438 335/443/439 296/375/371
f 296/375/371 335/443/439 336/444/440
f 296/375/371 336/444/440 337/381/377
f 339/383/379 340/445/441 299/378/374
f 299/378/374 340/445/441 341/446/442
f 299/378/374 341/446/442 342/447/443
f 343/448/444 403/449/445 342/447/443
f 342/447/443 403/449/445 432/450/446
f 342/447/443 432/450/446 299/378/374
f 299/378/374 432/450/446 433/451/447
f 299/378/374 433/451/447 450/379/375
f 450/379/375 433/451/447 541/452/448
f 450/379/375 541/452/448 449/453/449
f 449/453/449 541/452/448 542/454/450
f 449/453/449 542/454/450 448/455/451
f 448/455/451 542/454/450 447/456/452
f 447/456/452 542/454/450 543/457/453
f 447/456/452 543/457/453 446/458/454
f 446/458/454 543/457/453 544/459/455
f 446/458/454 544/459/455 445/460/456
f 445/460/456 544/459/455 444/461/457
f 444/461/457 544/459/455 545/462/458
f 444/461/457 545/462/458 443/463/459
f 443/463/459 545/462/458 546/464/460
f 443/463/459 546/464/460 498/465/461
f 498/465/461 546/464/460 497/466/462
f 497/466/462 546/464/460 547/467/463
f 497/466/462 547/467/463 496/468/464
f 496/468/464 547/467/463 548/469/465
f 496/468/464 548/469/465 495/470/466
f 495/470/466 548/469/465 549/471/467
f 495/470/466 549/471/467 494/472/468
f 494/472/468 549/471/467 493/473/469
f 493/473/469 549/471/467 550/474/470
f 493/473/469 550/474/470 492/475/471
f 492/475/471 550/474/470 551/227/223
f 492/475/471 551/227/223 491/226/222
f 403/449/445 343/448/444 402/427/423
f 402/427/423 343/448/444 344/425/421
f 350/476/472 378/477/473 349/478/474
f 349/478/474 378/477/473 379/479/475
f 349/478/474 379/479/475 374/480/476
f 374/480/476 379/479/475 380/481/477
f 374/480/476 380/481/477 373/482/478
f 373/482/478 380/481/477 381/483/479
f 373/482/478 381/483/479 372/484/480
f 372/484/480 381/483/479 371/485/481
f 371/485/481 381/483/479 382/486/482
f 371/485/481 382/486/482 370/487/483
f 370/487/483 382/486/482 383/488/484
f 370/487/483 383/488/484 369/489/485
f 369/489/485 383/488/484 368/490/486
f 368/490/486 383/488/484 384/491/487
f 368/490/486 384/491/487 367/492/488
f 367/492/488 384/491/487 385/493/489
f 367/492/488 385/493/489 366/494/490
f 366/494/490 385/493/489 365/495/491
f 365/495/491 385/493/489 386/496/492
f 365/495/491 386/496/492 364/497/493
f 364/497/493 386/496/492 387/498/494
f 364/497/493 387/498/494 363/499/495
f 363/499/495 387/498/494 388/500/496
f 363/499/495 388/500/496 362/435/431
f 362/435/431 388/500/496 389/501/497
f 362/435/431 389/501/497 390/502/498
f 351/503/499 35/210/206 350/476/472
f 350/476/472 35/210/206 419/214/210
f 350/476/472 419/214/210 416/504/500
f 416/504/500 419/214/210 420/505/501
f 416/504/500 420/505/501 415/506/502
f 415/506/502 420/505/501 414/507/503
f 414/507/503 420/505/501 421/508/504
f 414/507/503 421/508/504 413/509/505
f 413/509/505 421/508/504 422/510/506
f 413/509/505 422/510/506 412/511/507
f 412/511/507 422/510/506 423/512/508
f 412/511/507 423/512/508 411/513/509
f 411/513/509 423/512/508 424/514/510
f 411/513/509 424/514/510 410/515/511
f 410/515/511 424/514/510 425/516/512
f 410/515/511 425/516/512 426/517/513
f 351/503/499 352/518/514 35/210/206
f 35/210/206 352/518/514 353/519/515
f 35/210/206 353/519/515 354/520/516
f 354/520/516 355/521/517 35/210/206
f 35/210/206 355/521/517 356/199/195
f 418/522/518 375/523/519 350/476/472
f 350/476/472 375/523/519 376/524/520
f 350/476/472 376/524/520 377/525/521
f 377/525/521 378/477/473 350/476/472
f 390/502/498 391/433/429 362/435/431
f 432/450/446 403/449/445 431/526/522
f 431/526/522 403/449/445 404/527/523
f 431/526/522 404/527/523 405/528/524
f 431/526/522 405/528/524 430/529/525
f 430/529/525 405/528/524 406/530/526
f 430/529/525 406/530/526 429/531/527
f 429/531/527 406/530/526 407/532/528
f 429/531/527 407/532/528 428/533/529
f 428/533/529 407/532/528 408/534/530
f 428/533/529 408/534/530 427/535/531
f 427/535/531 408/534/530 409/536/532
f 427/535/531 409/536/532 426/517/513
f 426/517/513 409/536/532 410/515/511
f 416/504/500 417/537/533 350/476/472
f 350/476/472 417/537/533 418/522/518
f 541/452/448 433/451/447 540/538/534
f 540/538/534 433/451/447 434/539/535
f 540/538/534 434/539/535 539/540/536
f 539/540/536 434/539/535 538/541/537
f 538/541/537 434/539/535 435/542/538
f 538/541/537 435/542/538 537/543/539
f 537/543/539 435/542/538 436/544/540
f 537/543/539 436/544/540 536/545/541
f 536/545/541 436/544/540 437/546/542
f 536/545/541 437/546/542 535/547/543
f 535/547/543 437/546/542 534/548/544
f 534/548/544 437/546/542 438/549/545
f 534/548/544 438/549/545 533/550/546
f 533/550/546 438/549/545 439/551/547
f 533/550/546 439/551/547 532/552/548
f 532/552/548 439/551/547 531/553/549
f 531/553/549 439/551/547 440/554/550
f 531/553/549 440/554/550 530/555/551
f 530/555/551 440/554/550 441/556/552
f 530/555/551 441/556/552 529/557/553
f 529/557/553 441/556/552 528/558/554
f 528/558/554 441/556/552 442/213/209
f 528/558/554 442/213/209 580/212/208
f 450/379/375 451/411/407 322/380/376
f 459/404/400 460/399/395 318/398/394
f 471/388/384 472/559/555 500/242/238
f 500/242/238 472/559/555 473/560/556
f 500/242/238 473/560/556 474/561/557
f 500/242/238 474/561/557 499/562/558
f 499/562/558 474/561/557 475/563/559
f 499/562/558 475/563/559 524/564/560
f 524/564/560 475/563/559 476/565/561
f 524/564/560 476/565/561 523/566/562
f 523/566/562 476/565/561 477/567/563
f 523/566/562 477/567/563 522/568/564
f 522/568/564 477/567/563 521/569/565
f 521/569/565 477/567/563 478/570/566
f 521/569/565 478/570/566 520/571/567
f 520/571/567 478/570/566 479/572/568
f 520/571/567 479/572/568 519/573/569
f 519/573/569 479/572/568 518/574/570
f 518/574/570 479/572/568 480/575/571
f 518/574/570 480/575/571 517/576/572
f 517/576/572 480/575/571 481/577/573
f 517/576/572 481/577/573 516/578/574
f 516/578/574 481/577/573 515/579/575
f 515/579/575 481/577/573 482/580/576
f 515/579/575 482/580/576 514/581/577
f 514/581/577 482/580/576 483/582/578
f 514/581/577 483/582/578 513/583/579
f 513/583/579 483/582/578 484/584/580
f 513/583/579 484/584/580 512/585/581
f 512/585/581 484/584/580 485/586/582
f 512/585/581 485/586/582 486/587/583
f 486/587/583 487/588/584 512/585/581
f 512/585/581 487/588/584 488/589/585
f 512/585/581 488/589/585 178/225/221
f 178/225/221 488/589/585 489/590/586
f 178/225/221 489/590/586 490/591/587
f 490/591/587 491/226/222 178/225/221
f 502/244/240 503/592/588 188/230/226
f 188/230/226 503/592/588 504/593/589
f 188/230/226 504/593/589 505/594/590
f 505/594/590 506/595/591 188/230/226
f 188/230/226 506/595/591 507/231/227
f 508/232/228 509/596/592 178/225/221
f 178/225/221 509/596/592 510/597/593
f 178/225/221 510/597/593 511/598/594
f 511/598/594 512/585/581 178/225/221
f 566/599/595 525/600/596 580/212/208
f 580/212/208 525/600/596 526/601/597
f 580/212/208 526/601/597 527/602/598
f 527/602/598 528/558/554 580/212/208
f 552/228/224 553/603/599 177/224/220
f 177/224/220 553/603/599 568/604/600
f 177/224/220 568/604/600 569/605/601
f 553/603/599 554/606/602 568/604/600
f 568/604/600 554/606/602 555/607/603
f 568/604/600 555/607/603 556/608/604
f 568/604/600 556/608/604 567/609/605
f 567/609/605 556/608/604 557/610/606
f 567/609/605 557/610/606 592/611/607
f 592/611/607 557/610/606 558/612/608
f 592/611/607 558/612/608 591/613/609
f 591/613/609 558/612/608 559/614/610
f 591/613/609 559/614/610 590/615/611
f 590/615/611 559/614/610 589/616/612
f 589/616/612 559/614/610 560/617/613
f 589/616/612 560/617/613 588/618/614
f 588/618/614 560/617/613 561/619/615
f 588/618/614 561/619/615 587/620/616
f 587/620/616 561/619/615 586/621/617
f 586/621/617 561/619/615 562/622/618
f 586/621/617 562/622/618 585/623/619
f 585/623/619 562/622/618 563/624/620
f 585/623/619 563/624/620 584/625/621
f 584/625/621 563/624/620 583/626/622
f 583/626/622 563/624/620 564/627/623
f 583/626/622 564/627/623 582/628/624
f 582/628/624 564/627/623 565/629/625
f 582/628/624 565/629/625 581/630/626
f 581/630/626 565/629/625 566/599/595
f 581/630/626 566/599/595 580/212/208
f 569/605/601 570/631/627 177/224/220
f 177/224/220 570/631/627 571/632/628
f 177/224/220 571/632/628 572/633/629
f 572/633/629 573/634/630 177/224/220
f 177/224/220 573/634/630 167/211/207
f 573/634/630 574/635/631 167/211/207
f 167/211/207 574/635/631 575/636/632
f 167/211/207 575/636/632 576/637/633
f 576/637/633 577/638/634 167/211/207
f 167/211/207 577/638/634 578/639/635
f 167/211/207 578/639/635 579/640/636
f 579/640/636 580/212/208 167/211/207
f 5/241/237 313/327/323 500/242/238
f 45/641/637 6/642/6 188/643/638
f 188/643/638 6/642/6 5/644/5
f 34/645/44 66/646/639 35/647/43
f 35/647/43 66/646/639 167/648/640
f 178/649/641 55/650/642 179/651/643
f 179/651/643 55/650/642 54/652/644
f 179/651/643 54/652/644 180/653/645
f 180/653/645 54/652/644 53/654/646
f 180/653/645 53/654/646 181/655/647
f 181/655/647 53/654/646 52/656/648
f 181/655/647 52/656/648 182/657/649
f 182/657/649 52/656/648 51/658/650
f 182/657/649 51/658/650 183/659/651
f 183/659/651 51/658/650 50/660/652
f 183/659/651 50/660/652 184/661/653
f 184/661/653 50/660/652 49/662/654
f 184/661/653 49/662/654 185/663/655
f 185/663/655 49/662/654 48/664/656
f 185/663/655 48/664/656 186/665/657
f 186/665/657 48/664/656 47/666/658
f 186/665/657 47/666/658 187/667/659
f 187/667/659 47/666/658 46/668/660
f 187/667/659 46/668/660 188/669/638
f 188/669/638 46/668/660 45/670/637
f 167/671/640 66/672/639 168/673/661
f 168/673/661 66/672/639 65/674/662
f 168/673/661 65/674/662 169/675/663
f 169/675/663 65/674/662 64/676/664
f 169/675/663 64/676/664 170/677/665
f 170/677/665 64/676/664 63/678/666
f 170/677/665 63/678/666 171/679/667
f 171/679/667 63/678/666 62/680/668
f 171/679/667 62/680/668 172/681/669
f 172/681/669 62/680/668 61/682/670
f 172/681/669 61/682/670 173/683/671
f 173/683/671 61/682/670 60/684/672
f 173/683/671 60/684/672 174/685/673
f 174/685/673 60/684/672 59/686/674
f 174/685/673 59/686/674 175/687/675
f 175/687/675 59/686/674 58/688/676
f 175/687/675 58/688/676 176/689/677
f 176/689/677 58/688/676 57/690/678
f 176/689/677 57/690/678 177/691/679
f 177/691/679 57/690/678 56/692/680
f 56/693/680 55/694/642 177/695/679
f 177/695/679 55/694/642 178/696/641
f 90/697/681 301/698/682 67/699/683
f 67/699/683 301/698/682 300/700/684
f 67/699/683 300/700/684 68/701/685
f 68/701/685 300/700/684 323/702/686
f 68/701/685 323/702/686 69/703/687
f 69/703/687 323/702/686 322/704/688
f 69/703/687 322/704/688 70/705/689
f 70/705/689 322/704/688 321/706/690
f 70/705/689 321/706/690 71/707/691
f 71/707/691 321/706/690 320/708/692
f 71/707/691 320/708/692 72/709/693
f 72/709/693 320/708/692 319/710/694
f 72/709/693 319/710/694 73/711/695
f 73/711/695 319/710/694 318/712/696
f 73/711/695 318/712/696 74/713/697
f 74/713/697 318/712/696 317/714/698
f 74/713/697 317/714/698 75/715/699
f 75/715/699 317/714/698 316/716/700
f 75/715/699 316/716/700 76/717/701
f 76/717/701 316/716/700 315/718/702
f 76/717/701 315/718/702 77/719/703
f 77/719/703 315/718/702 314/720/704
f 77/719/703 314/720/704 78/721/705
f 78/721/705 314/720/704 313/722/706
f 78/721/705 313/722/706 79/723/707
f 79/723/707 313/722/706 312/724/708
f 79/725/707 312/726/708 80/727/709
f 80/727/709 312/726/708 311/728/710
f 80/727/709 311/728/710 81/729/711
f 81/729/711 311/728/710 310/730/712
f 81/729/711 310/730/712 82/731/713
f 82/731/713 310/730/712 309/732/714
f 82/731/713 309/732/714 83/733/715
f 83/733/715 309/732/714 308/734/716
f 83/733/715 308/734/716 84/735/717
f 84/735/717 308/734/716 307/736/718
f 84/735/717 307/736/718 85/737/719
f 85/737/719 307/736/718 306/738/720
f 85/737/719 306/738/720 86/739/721
f 86/739/721 306/738/720 305/740/722
f 86/739/721 305/740/722 87/741/723
f 87/741/723 305/740/722 304/742/724
f 87/741/723 304/742/724 88/743/725
f 88/743/725 304/742/724 303/744/726
f 88/743/725 303/744/726 89/745/727
f 89/745/727 303/744/726 302/746/728
f 89/745/727 302/746/728 90/697/681
f 90/697/681 302/746/728 301/698/682
f 114/747/729 420/748/730 91/749/731
f 91/749/731 420/748/730 419/750/732
f 91/749/731 419/750/732 92/751/733
f 92/751/733 419/750/732 442/752/734
f 92/751/733 442/752/734 93/753/735
f 93/753/735 442/752/734 441/754/736
f 93/753/735 441/754/736 94/755/737
f 94/755/737 441/754/736 440/756/738
f 94/755/737 440/756/738 95/757/739
f 95/757/739 440/756/738 439/758/740
f 95/757/739 439/758/740 96/759/741
f 96/759/741 439/758/740 438/760/742
f 96/759/741 438/760/742 97/761/743
f 97/761/743 438/760/742 437/762/744
f 97/761/743 437/762/744 98/763/745
f 98/763/745 437/762/744 436/764/746
f 98/763/745 436/764/746 99/765/747
f 99/765/747 436/764/746 435/766/748
f 99/765/747 435/766/748 100/767/749
f 100/767/749 435/766/748 434/768/750
f 100/767/749 434/768/750 101/769/751
f 101/769/751 434/768/750 433/770/752
f 101/769/751 433/770/752 102/771/753
f 102/771/753 433/770/752 432/772/754
f 102/771/753 432/772/754 103/773/755
f 103/773/755 432/772/754 431/774/756
f 103/775/755 431/776/756 104/777/757
f 104/777/757 431/776/756 430/778/758
f 104/777/757 430/778/758 105/779/759
f 105/779/759 430/778/758 429/780/760
f 105/779/759 429/780/760 106/781/761
f 106/781/761 429/780/760 428/782/762
f 106/781/761 428/782/762 107/783/763
f 107/783/763 428/782/762 427/784/764
f 107/783/763 427/784/764 108/785/765
f 108/785/765 427/784/764 426/786/766
f 108/785/765 426/786/766 109/787/767
f 109/787/767 426/786/766 425/788/768
f 109/787/767 425/788/768 110/789/769
f 110/789/769 425/788/768 424/790/770
f 110/789/769 424/790/770 111/791/771
f 111/791/771 424/790/770 423/792/772
f 111/791/771 423/792/772 112/793/773
f 112/793/773 423/792/772 422/794/774
f 112/793/773 422/794/774 113/795/775
f 113/795/775 422/794/774 421/796/776
f 113/795/775 421/796/776 114/747/729
f 114/747/729 421/796/776 420/748/730
f 140/797/777 618/798/778 115/799/779
f 115/799/779 618/798/778 593/800/780
f 115/799/779 593/800/780 116/801/781
f 116/801/781 593/800/780 594/802/782
f 116/801/781 594/802/782 117/803/783
f 117/803/783 594/802/782 595/804/784
f 117/803/783 595/804/784 118/805/785
f 118/805/785 595/804/784 596/806/786
f 118/805/785 596/806/786 119/807/787
f 119/807/787 596/806/786 597/808/788
f 119/807/787 597/808/788 120/809/789
f 120/809/789 597/808/788 598/810/790
f 120/809/789 598/810/790 121/811/791
f 121/811/791 598/810/790 599/812/792
f 121/811/791 599/812/792 122/813/793
f 122/813/793 599/812/792 600/814/794
f 122/813/793 600/814/794 123/815/795
f 123/815/795 600/814/794 601/816/796
f 123/815/795 601/816/796 124/817/797
f 124/817/797 601/816/796 602/818/798
f 124/817/797 602/818/798 125/819/799
f 125/819/799 602/818/798 603/820/800
f 125/819/799 603/820/800 126/821/801
f 126/821/801 603/820/800 604/822/802
f 126/821/801 604/822/802 127/823/803
f 127/823/803 604/822/802 605/824/804
f 127/823/803 605/824/804 128/825/805
f 128/825/805 605/824/804 606/826/806
f 128/827/805 606/828/806 129/829/807
f 129/829/807 606/828/806 607/830/808
f 129/829/807 607/830/808 130/831/809
f 130/831/809 607/830/808 608/832/810
f 130/831/809 608/832/810 131/833/811
f 131/833/811 608/832/810 609/834/812
f 131/833/811 609/834/812 132/835/813
f 132/835/813 609/834/812 610/836/814
f 132/835/813 610/836/814 133/837/815
f 133/837/815 610/836/814 611/838/816
f 133/837/815 611/838/816 134/839/817
f 134/839/817 611/838/816 612/840/818
f 134/839/817 612/840/818 135/841/819
f 135/841/819 612/840/818 613/842/820
f 135/841/819 613/842/820 136/843/821
f 136/843/821 613/842/820 614/844/822
f 136/843/821 614/844/822 137/845/823
f 137/845/823 614/844/822 615/846/824
f 137/845/823 615/846/824 138/847/825
f 138/847/825 615/846/824 616/848/826
f 138/847/825 616/848/826 139/849/827
f 139/849/827 616/848/826 617/850/828
f 139/849/827 617/850/828 140/797/777
f 140/797/777 617/850/828 618/798/778
f 166/851/829 644/852/830 141/853/831
f 141/853/831 644/852/830 619/854/832
f 141/853/831 619/854/832 142/855/833
f 142/855/833 619/854/832 620/856/834
f 142/855/833 620/856/834 143/857/835
f 143/857/835 620/856/834 621/858/836
f 143/857/835 621/858/836 144/859/837
f 144/859/837 621/858/836 622/860/838
f 144/859/837 622/860/838 145/861/839
f 145/861/839 622/860/838 623/862/840
f 145/861/839 623/862/840 146/863/841
f 146/863/841 623/862/840 624/864/842
f 146/863/841 624/864/842 147/865/843
f 147/865/843 624/864/842 625/866/844
f 147/865/843 625/866/844 148/867/845
f 148/867/845 625/866/844 626/868/846
f 148/867/845 626/868/846 149/869/847
f 149/869/847 626/868/846 627/870/848
f 149/869/847 627/870/848 150/871/849
f 150/871/849 627/870/848 628/872/850
f 150/871/849 628/872/850 151/873/851
f 151/873/851 628/872/850 629/874/852
f 151/873/851 629/874/852 152/875/853
f 152/875/853 629/874/852 630/876/854
f 152/875/853 630/876/854 153/877/855
f 153/877/855 630/876/854 631/878/856
f 153/877/855 631/878/856 154/879/857
f 154/879/857 631/878/856 632/880/858
f 154/881/857 632/882/858 155/883/859
f 155/883/859 632/882/858 633/884/860
f 155/883/859 633/884/860 156/885/861
f 156/885/861 633/884/860 634/886/862
f 156/885/861 634/886/862 157/887/863
f 157/887/863 634/886/862 635/888/864
f 157/887/863 635/888/864 158/889/865
f 158/889/865 635/888/864 636/890/866
f 158/889/865 636/890/866 159/891/867
f 159/891/867 636/890/866 637/892/868
f 159/891/867 637/892/868 160/893/869
f 160/893/869 637/892/868 638/894/870
f 160/893/869 638/894/870 161/895/871
f 161/895/871 638/894/870 639/896/872
f 161/895/871 639/896/872 162/897/873
f 162/897/873 639/896/872 640/898/874
f 162/897/873 640/898/874 163/899/875
f 163/899/875 640/898/874 641/900/876
f 163/899/875 641/900/876 164/901/877
f 164/901/877 641/900/876 642/902/878
f 164/901/877 642/902/878 165/903/879
f 165/903/879 642/902/878 643/904/880
f 165/903/879 643/904/880 166/851/829
f 166/851/829 643/904/880 644/852/830
f 645/905/881 646/906/882 189/907/883
f 189/907/883 646/906/882 190/908/884
f 647/909/885 645/910/886 214/911/887
f 214/911/887 645/910/886 189/912/888
f 646/913/889 648/914/890 190/915/891
f 190/915/891 648/914/890 191/916/892
f 649/917/893 647/918/894 213/919/895
f 213/919/895 647/918/894 214/920/896
f 648/921/897 650/922/898 191/923/899
f 191/923/899 650/922/898 192/924/900
f 651/925/901 649/926/902 212/927/903
f 212/927/903 649/926/902 213/928/904
f 650/929/905 652/930/906 192/931/907
f 192/931/907 652/930/906 193/932/908
f 653/933/909 651/934/910 211/935/911
f 211/935/911 651/934/910 212/936/912
f 652/937/913 654/938/914 193/939/915
f 193/939/915 654/938/914 194/940/916
f 655/941/917 653/942/918 210/943/919
f 210/943/919 653/942/918 211/944/920
f 654/945/921 656/946/922 194/947/923
f 194/947/923 656/946/922 195/948/924
f 657/949/925 655/950/926 209/951/927
f 209/951/927 655/950/926 210/952/928
f 656/953/929 658/954/930 195/955/931
f 195/955/931 658/954/930 196/956/932
f 659/957/933 657/958/934 208/959/935
f 208/959/935 657/958/934 209/960/936
f 658/961/937 660/962/938 196/963/939
f 196/963/939 660/962/938 197/964/940
f 661/965/941 659/966/942 207/967/943
f 207/967/943 659/966/942 208/968/944
f 660/969/945 662/970/946 197/971/947
f 197/971/947 662/970/946 198/972/948
f 663/973/949 661/974/950 206/975/951
f 206/975/951 661/974/950 207/976/952
f 662/977/953 664/978/954 198/979/955
f 198/979/955 664/978/954 199/980/956
f 665/981/957 663/982/958 205/983/959
f 205/983/959 663/982/958 206/984/960
f 664/985/961 666/986/962 199/987/963
f 199/987/963 666/986/962 200/988/964
f 667/989/965 665/990/966 204/991/967
f 204/991/967 665/990/966 205/992/968
f 666/993/969 668/994/970 200/995/971
f 200/995/971 668/994/970 201/996/972
f 669/997/973 667/998/974 203/999/975
f 203/999/975 667/998/974 204/1000/976
f 668/1001/977 670/1002/978 201/1003/979
f 201/1003/979 670/1002/978 202/1004/980
f 670/1005/981 669/1006/982 202/1007/983
f 202/1007/983 669/1006/982 203/1008/984
f 672/1009/985 216/1010/986 671/1011/987
f 671/1011/987 216/1010/986 215/1012/988
f 671/1011/987 215/1012/988 270/1013/989
f 216/1010/986 672/1009/985 217/1014/990
f 217/1014/990 672/1009/985 673/1015/991
f 217/1014/990 673/1015/991 218/1016/992
f 218/1016/992 673/1015/991 219/1017/993
f 219/1017/993 673/1015/991 674/1018/994
f 219/1017/993 674/1018/994 220/1019/995
f 220/1019/995 674/1018/994 675/1020/996
f 220/1019/995 675/1020/996 221/1021/997
f 221/1021/997 675/1020/996 222/1022/998
f 222/1022/998 675/1020/996 676/1023/999
f 222/1022/998 676/1023/999 223/1024/1000
f 223/1024/1000 676/1023/999 677/1025/1001
f 223/1024/1000 677/1025/1001 224/1026/1002
f 224/1026/1002 677/1025/1001 225/1027/1003
f 225/1027/1003 677/1025/1001 678/1028/1004
f 225/1027/1003 678/1028/1004 226/1029/1005
f 226/1029/1005 678/1028/1004 679/1030/1006
f 226/1029/1005 679/1030/1006 227/1031/1007
f 227/1031/1007 679/1030/1006 228/1032/1008
f 228/1032/1008 679/1030/1006 680/1033/1009
f 228/1032/1008 680/1033/1009 229/1034/1010
f 229/1034/1010 680/1033/1009 681/1035/1011
f 229/1034/1010 681/1035/1011 230/1036/1012
f 230/1036/1012 681/1035/1011 682/1037/1013
f 230/1036/1012 682/1037/1013 231/1038/1014
f 231/1038/1014 682/1037/1013 232/1039/1015
f 232/1039/1015 682/1037/1013 683/1040/1016
f 232/1039/1015 683/1040/1016 233/1041/1017
f 233/1041/1017 683/1040/1016 684/1042/1018
f 233/1041/1017 684/1042/1018 234/1043/1019
f 234/1043/1019 684/1042/1018 685/1044/1020
f 234/1043/1019 685/1044/1020 235/1045/1021
f 235/1045/1021 685/1044/1020 686/1046/1022
f 235/1045/1021 686/1046/1022 236/1047/1023
f 236/1047/1023 686/1046/1022 687/1048/1024
f 236/1047/1023 687/1048/1024 237/1049/1025
f 237/1049/1025 687/1048/1024 238/1050/1026
f 238/1050/1026 687/1048/1024 688/1051/1027
f 238/1050/1026 688/1051/1027 239/1052/1028
f 239/1052/1028 688/1051/1027 689/1053/1029
f 239/1052/1028 689/1053/1029 240/1054/1030
f 240/1054/1030 689/1053/1029 690/1055/1031
f 240/1054/1030 690/1055/1031 241/1056/1032
f 241/1056/1032 690/1055/1031 242/1057/1033
f 242/1058/1033 690/1059/1031 691/1060/1034
f 242/1058/1033 691/1060/1034 243/1061/1035
f 243/1061/1035 691/1060/1034 692/1062/1036
f 243/1061/1035 692/1062/1036 244/1063/1037
f 244/1063/1037 692/1062/1036 245/1064/1038
f 245/1064/1038 692/1062/1036 693/1065/1039
f 245/1064/1038 693/1065/1039 246/1066/1040
f 246/1066/1040 693/1065/1039 247/1067/1041
f 247/1067/1041 693/1065/1039 694/1068/1042
f 247/1067/1041 694/1068/1042 248/1069/1043
f 248/1069/1043 694/1068/1042 695/1070/1044
f 248/1069/1043 695/1070/1044 249/1071/1045
f 249/1071/1045 695/1070/1044 250/1072/1046
f 250/1072/1046 695/1070/1044 696/1073/1047
f 250/1072/1046 696/1073/1047 251/1074/1048
f 251/1074/1048 696/1073/1047 697/1075/1049
f 251/1074/1048 697/1075/1049 252/1076/1050
f 252/1076/1050 697/1075/1049 253/1077/1051
f 253/1077/1051 697/1075/1049 698/1078/1052
f 253/1077/1051 698/1078/1052 254/1079/1053
f 254/1079/1053 698/1078/1052 699/1080/1054
f 254/1079/1053 699/1080/1054 255/1081/1055
f 255/1081/1055 699/1080/1054 256/1082/1056
f 256/1082/1056 699/1080/1054 700/1083/1057
f 256/1082/1056 700/1083/1057 257/1084/1058
f 257/1084/1058 700/1083/1057 258/1085/1059
f 258/1085/1059 700/1083/1057 701/1086/1060
f 258/1085/1059 701/1086/1060 259/1087/1061
f 259/1087/1061 701/1086/1060 702/1088/1062
f 259/1087/1061 702/1088/1062 260/1089/1063
f 260/1089/1063 702/1088/1062 261/1090/1064
f 261/1090/1064 702/1088/1062 703/1091/1065
f 261/1090/1064 703/1091/1065 262/1092/1066
f 262/1092/1066 703/1091/1065 704/1093/1067
f 262/1092/1066 704/1093/1067 263/1094/1068
f 263/1094/1068 704/1093/1067 264/1095/1069
f 264/1095/1069 704/1093/1067 705/1096/1070
f 264/1095/1069 705/1096/1070 265/1097/1071
f 265/1097/1071 705/1096/1070 706/1098/1072
f 265/1097/1071 706/1098/1072 266/1099/1073
f 266/1099/1073 706/1098/1072 267/1100/1074
f 267/1100/1074 706/1098/1072 707/1101/1075
f 267/1100/1074 707/1101/1075 268/1102/1076
f 268/1102/1076 707/1101/1075 269/1103/1077
f 269/1103/1077 707/1101/1075 708/1104/1078
f 269/1103/1077 708/1104/1078 270/1013/989
f 270/1013/989 708/1104/1078 671/1011/987
f 295/1105/1079 709/1106/1080 271/1107/1081
f 271/1107/1081 709/1106/1080 710/1108/1082
f 271/1107/1081 710/1108/1082 272/1109/1083
f 272/1109/1083 710/1108/1082 711/1110/1084
f 272/1109/1083 711/1110/1084 273/1111/1085
f 273/1111/1085 711/1110/1084 712/1112/1086
f 273/1111/1085 712/1112/1086 274/1113/1087
f 274/1113/1087 712/1112/1086 713/1114/1088
f 274/1113/1087 713/1114/1088 275/1115/1089
f 275/1115/1089 713/1114/1088 714/1116/1090
f 275/1115/1089 714/1116/1090 276/1117/1091
f 276/1117/1091 714/1116/1090 715/1118/1092
f 276/1117/1091 715/1118/1092 277/1119/1093
f 277/1119/1093 715/1118/1092 716/1120/1094
f 277/1119/1093 716/1120/1094 278/1121/1095
f 278/1121/1095 716/1120/1094 717/1122/1096
f 278/1121/1095 717/1122/1096 279/1123/1097
f 279/1123/1097 717/1122/1096 718/1124/1098
f 279/1123/1097 718/1124/1098 280/1125/1099
f 280/1125/1099 718/1124/1098 719/1126/1100
f 280/1125/1099 719/1126/1100 281/1127/1101
f 281/1127/1101 719/1126/1100 720/1128/1102
f 281/1127/1101 720/1128/1102 282/1129/1103
f 282/1129/1103 720/1128/1102 721/1130/1104
f 282/1129/1103 721/1130/1104 283/1131/1105
f 283/1132/1105 721/1133/1104 722/1134/1106
f 283/1132/1105 722/1134/1106 284/1135/1107
f 284/1135/1107 722/1134/1106 723/1136/1108
f 284/1135/1107 723/1136/1108 285/1137/1109
f 285/1137/1109 723/1136/1108 724/1138/1110
f 285/1137/1109 724/1138/1110 286/1139/1111
f 286/1139/1111 724/1138/1110 725/1140/1112
f 286/1139/1111 725/1140/1112 287/1141/1113
f 287/1141/1113 725/1140/1112 726/1142/1114
f 287/1141/1113 726/1142/1114 288/1143/1115
f 288/1143/1115 726/1142/1114 727/1144/1116
f 288/1143/1115 727/1144/1116 289/1145/1117
f 289/1145/1117 727/1144/1116 728/1146/1118
f 289/1145/1117 728/1146/1118 290/1147/1119
f 290/1147/1119 728/1146/1118 729/1148/1120
f 290/1147/1119 729/1148/1120 291/1149/1121
f 291/1149/1121 729/1148/1120 730/1150/1122
f 291/1149/1121 730/1150/1122 292/1151/1123
f 292/1151/1123 730/1150/1122 731/1152/1124
f 292/1151/1123 731/1152/1124 293/1153/1125
f 293/1153/1125 731/1152/1124 732/1154/1126
f 293/1153/1125 732/1154/1126 294/1155/1127
f 294/1155/1127 732/1154/1126 733/1156/1128
f 294/1155/1127 733/1156/1128 295/1105/1079
f 295/1105/1079 733/1156/1128 709/1106/1080
f 297/1157/1129 296/1158/1130 734/1159/1131
f 734/1159/1131 296/1158/1130 735/1160/1132
f 296/1161/1133 299/1162/1134 735/1163/1135
f 735/1163/1135 299/1162/1134 736/1164/1136
f 737/1165/1137 736/1166/1138 298/1167/1139
f 298/1167/1139 736/1166/1138 299/1168/1140
f 734/1169/1141 737/1170/1142 297/1171/1143
f 297/1171/1143 737/1170/1142 298/1172/1144
f 348/1173/1145 738/1174/1146 324/1175/1147
f 324/1175/1147 738/1174/1146 739/1176/1148
f 324/1175/1147 739/1176/1148 325/1177/1149
f 325/1177/1149 739/1176/1148 740/1178/1150
f 325/1177/1149 740/1178/1150 326/1179/1151
f 326/1179/1151 740/1178/1150 741/1180/1152
f 326/1179/1151 741/1180/1152 327/1181/1153
f 327/1181/1153 741/1180/1152 742/1182/1154
f 327/1181/1153 742/1182/1154 328/1183/1155
f 328/1183/1155 742/1182/1154 743/1184/1156
f 328/1183/1155 743/1184/1156 329/1185/1157
f 329/1185/1157 743/1184/1156 744/1186/1158
f 329/1185/1157 744/1186/1158 330/1187/1159
f 330/1187/1159 744/1186/1158 745/1188/1160
f 330/1187/1159 745/1188/1160 331/1189/1161
f 331/1189/1161 745/1188/1160 746/1190/1162
f 331/1189/1161 746/1190/1162 332/1191/1163
f 332/1191/1163 746/1190/1162 747/1192/1164
f 332/1191/1163 747/1192/1164 333/1193/1165
f 333/1193/1165 747/1192/1164 748/1194/1166
f 333/1193/1165 748/1194/1166 334/1195/1167
f 334/1195/1167 748/1194/1166 749/1196/1168
f 334/1195/1167 749/1196/1168 335/1197/1169
f 335/1197/1169 749/1196/1168 750/1198/1170
f 335/1197/1169 750/1198/1170 336/1199/1171
f 336/1200/1171 750/1201/1170 751/1202/1172
f 336/1200/1171 751/1202/1172 337/1203/1173
f 337/1203/1173 751/1202/1172 752/1204/1174
f 337/1203/1173 752/1204/1174 338/1205/1175
f 338/1205/1175 752/1204/1174 753/1206/1176
f 338/1205/1175 753/1206/1176 339/1207/1177
f 339/1207/1177 753/1206/1176 754/1208/1178
f 339/1207/1177 754/1208/1178 340/1209/1179
f 340/1209/1179 754/1208/1178 755/1210/1180
f 340/1209/1179 755/1210/1180 341/1211/1181
f 341/1211/1181 755/1210/1180 756/1212/1182
f 341/1211/1181 756/1212/1182 342/1213/1183
f 342/1213/1183 756/1212/1182 757/1214/1184
f 342/1213/1183 757/1214/1184 343/1215/1185
f 343/1215/1185 757/1214/1184 758/1216/1186
f 343/1215/1185 758/1216/1186 344/1217/1187
f 344/1217/1187 758/1216/1186 759/1218/1188
f 344/1217/1187 759/1218/1188 345/1219/1189
f 345/1219/1189 759/1218/1188 760/1220/1190
f 345/1219/1189 760/1220/1190 346/1221/1191
f 346/1221/1191 760/1220/1190 761/1222/1192
f 346/1221/1191 761/1222/1192 347/1223/1193
f 347/1223/1193 761/1222/1192 762/1224/1194
f 347/1223/1193 762/1224/1194 348/1173/1145
f 348/1173/1145 762/1224/1194 738/1174/1146
f 763/1225/1195 764/1226/1196 349/1227/1197
f 349/1227/1197 764/1226/1196 350/1228/1198
f 765/1229/1199 763/1230/1200 374/1231/1201
f 374/1231/1201 763/1230/1200 349/1232/1202
f 764/1233/1203 766/1234/1204 350/1235/1205
f 350/1235/1205 766/1234/1204 351/1236/1206
f 767/1237/1207 765/1238/1208 373/1239/1209
f 373/1239/1209 765/1238/1208 374/1240/1210
f 766/1241/1211 768/1242/1212 351/1243/1213
f 351/1243/1213 768/1242/1212 352/1244/1214
f 769/1245/1215 767/1246/1216 372/1247/1217
f 372/1247/1217 767/1246/1216 373/1248/1218
f 768/1249/1219 770/1250/1220 352/1251/1221
f 352/1251/1221 770/1250/1220 353/1252/1222
f 771/1253/1223 769/1254/1224 371/1255/1225
f 371/1255/1225 769/1254/1224 372/1256/1226
f 770/1257/1227 772/1258/1228 353/1259/1229
f 353/1259/1229 772/1258/1228 354/1260/1230
f 773/1261/1231 771/1262/1232 370/1263/1233
f 370/1263/1233 771/1262/1232 371/1264/1234
f 772/1265/1235 774/1266/1236 354/1267/1237
f 354/1267/1237 774/1266/1236 355/1268/1238
f 775/1269/1239 773/1270/1240 369/1271/1241
f 369/1271/1241 773/1270/1240 370/1272/1242
f 774/1273/1243 776/1274/1244 355/1275/1245
f 355/1275/1245 776/1274/1244 356/1276/1246
f 777/1277/1247 775/1278/1248 368/1279/1249
f 368/1279/1249 775/1278/1248 369/1280/1250
f 776/1281/1251 778/1282/1252 356/1283/1253
f 356/1283/1253 778/1282/1252 357/1284/1254
f 779/1285/1255 777/1286/1256 367/1287/1257
f 367/1287/1257 777/1286/1256 368/1288/1258
f 778/1289/1259 780/1290/1260 357/1291/1261
f 357/1291/1261 780/1290/1260 358/1292/1262
f 781/1293/1263 779/1294/1264 366/1295/1265
f 366/1295/1265 779/1294/1264 367/1296/1266
f 780/1297/1267 782/1298/1268 358/1299/1269
f 358/1299/1269 782/1298/1268 359/1300/1270
f 783/1301/1271 781/1302/1272 365/1303/1273
f 365/1303/1273 781/1302/1272 366/1304/1274
f 782/1305/1275 784/1306/1276 359/1307/1277
f 359/1307/1277 784/1306/1276 360/1308/1278
f 785/1309/1279 783/1310/1280 364/1311/1281
f 364/1311/1281 783/1310/1280 365/1312/1282
f 784/1313/1283 786/1314/1284 360/1315/1285
f 360/1315/1285 786/1314/1284 361/1316/1286
f 787/1317/1287 785/1318/1288 363/1319/1289
f 363/1319/1289 785/1318/1288 364/1320/1290
f 786/1321/1291 788/1322/1292 361/1323/1293
f 361/1323/1293 788/1322/1292 362/1324/1294
f 788/1325/1295 787/1326/1296 362/1327/1297
f 362/1327/1297 787/1326/1296 363/1328/1298
f 790/1329/1299 376/1330/1300 789/1331/1301
f 789/1331/1301 376/1330/1300 375/1332/1302
f 789/1331/1301 375/1332/1302 418/1333/1303
f 791/1334/1304 379/1335/1305 790/1329/1299
f 790/1329/1299 379/1335/1305 378/1336/1306
f 790/1329/1299 378/1336/1306 377/1337/1307
f 379/1335/1305 791/1334/1304 380/1338/1308
f 380/1338/1308 791/1334/1304 792/1339/1309
f 380/1338/1308 792/1339/1309 381/1340/1310
f 381/1340/1310 792/1339/1309 382/1341/1311
f 382/1341/1311 792/1339/1309 793/1342/1312
f 382/1341/1311 793/1342/1312 383/1343/1313
f 383/1343/1313 793/1342/1312 794/1344/1314
f 383/1343/1313 794/1344/1314 384/1345/1315
f 384/1345/1315 794/1344/1314 795/1346/1316
f 384/1345/1315 795/1346/1316 385/1347/1317
f 385/1347/1317 795/1346/1316 796/1348/1318
f 385/1347/1317 796/1348/1318 386/1349/1319
f 386/1349/1319 796/1348/1318 797/1350/1320
f 386/1349/1319 797/1350/1320 387/1351/1321
f 387/1351/1321 797/1350/1320 798/1352/1322
f 387/1351/1321 798/1352/1322 388/1353/1323
f 388/1353/1323 798/1352/1322 799/1354/1324
f 388/1353/1323 799/1354/1324 389/1355/1325
f 389/1355/1325 799/1354/1324 390/1356/1326
f 390/1356/1326 799/1354/1324 800/1357/1327
f 390/1356/1326 800/1357/1327 391/1358/1328
f 391/1358/1328 800/1357/1327 801/1359/1329
f 391/1358/1328 801/1359/1329 392/1360/1330
f 392/1360/1330 801/1359/1329 802/1361/1331
f 392/1360/1330 802/1361/1331 393/1362/1332
f 393/1362/1332 802/1361/1331 803/1363/1333
f 393/1362/1332 803/1363/1333 394/1364/1334
f 394/1364/1334 803/1363/1333 804/1365/1335
f 394/1364/1334 804/1365/1335 395/1366/1336
f 395/1366/1336 804/1365/1335 805/1367/1337
f 395/1366/1336 805/1367/1337 396/1368/1338
f 396/1368/1338 805/1367/1337 806/1369/1339
f 396/1368/1338 806/1369/1339 397/1370/1340
f 397/1370/1340 806/1369/1339 807/1371/1341
f 397/1370/1340 807/1371/1341 398/1372/1342
f 398/1372/1342 807/1371/1341 808/1373/1343
f 398/1372/1342 808/1373/1343 399/1374/1344
f 399/1375/1344 808/1376/1343 809/1377/1345
f 399/1375/1344 809/1377/1345 400/1378/1346
f 400/1378/1346 809/1377/1345 810/1379/1347
f 400/1378/1346 810/1379/1347 401/1380/1348
f 401/1380/1348 810/1379/1347 811/1381/1349
f 401/1380/1348 811/1381/1349 402/1382/1350
f 402/1382/1350 811/1381/1349 812/1383/1351
f 402/1382/1350 812/1383/1351 403/1384/1352
f 403/1384/1352 812/1383/1351 813/1385/1353
f 403/1384/1352 813/1385/1353 404/1386/1354
f 404/1386/1354 813/1385/1353 405/1387/1355
f 405/1387/1355 813/1385/1353 814/1388/1356
f 405/1387/1355 814/1388/1356 406/1389/1357
f 406/1389/1357 814/1388/1356 815/1390/1358
f 406/1389/1357 815/1390/1358 407/1391/1359
f 407/1391/1359 815/1390/1358 816/1392/1360
f 407/1391/1359 816/1392/1360 408/1393/1361
f 408/1393/1361 816/1392/1360 817/1394/1362
f 408/1393/1361 817/1394/1362 409/1395/1363
f 409/1395/1363 817/1394/1362 818/1396/1364
f 409/1395/1363 818/1396/1364 410/1397/1365
f 410/1397/1365 818/1396/1364 819/1398/1366
f 410/1397/1365 819/1398/1366 411/1399/1367
f 411/1399/1367 819/1398/1366 820/1400/1368
f 411/1399/1367 820/1400/1368 412/1401/1369
f 412/1401/1369 820/1400/1368 821/1402/1370
f 412/1401/1369 821/1402/1370 413/1403/1371
f 413/1403/1371 821/1402/1370 822/1404/1372
f 413/1403/1371 822/1404/1372 414/1405/1373
f 414/1405/1373 822/1404/1372 823/1406/1374
f 414/1405/1373 823/1406/1374 415/1407/1375
f 415/1407/1375 823/1406/1374 824/1408/1376
f 415/1407/1375 824/1408/1376 416/1409/1377
f 416/1409/1377 824/1408/1376 825/1410/1378
f 416/1409/1377 825/1410/1378 417/1411/1379
f 417/1411/1379 825/1410/1378 826/1412/1380
f 417/1411/1379 826/1412/1380 418/1333/1303
f 418/1333/1303 826/1412/1380 789/1331/1301
f 377/1337/1307 376/1330/1300 790/1329/1299
f 828/1413/1381 444/1414/1382 827/1415/1383
f 827/1415/1383 444/1414/1382 443/1416/1384
f 827/1415/1383 443/1416/1384 498/1417/1385
f 444/1414/1382 828/1413/1381 445/1418/1386
f 445/1418/1386 828/1413/1381 829/1419/1387
f 445/1418/1386 829/1419/1387 446/1420/1388
f 446/1420/1388 829/1419/1387 447/1421/1389
f 447/1421/1389 829/1419/1387 830/1422/1390
f 447/1421/1389 830/1422/1390 448/1423/1391
f 448/1423/1391 830/1422/1390 449/1424/1392
f 449/1424/1392 830/1422/1390 831/1425/1393
f 449/1424/1392 831/1425/1393 450/1426/1394
f 450/1426/1394 831/1425/1393 832/1427/1395
f 450/1426/1394 832/1427/1395 451/1428/1396
f 451/1428/1396 832/1427/1395 452/1429/1397
f 452/1429/1397 832/1427/1395 833/1430/1398
f 452/1429/1397 833/1430/1398 453/1431/1399
f 453/1431/1399 833/1430/1398 834/1432/1400
f 453/1431/1399 834/1432/1400 454/1433/1401
f 454/1433/1401 834/1432/1400 455/1434/1402
f 455/1434/1402 834/1432/1400 835/1435/1403
f 455/1434/1402 835/1435/1403 456/1436/1404
f 456/1436/1404 835/1435/1403 836/1437/1405
f 456/1436/1404 836/1437/1405 457/1438/1406
f 457/1438/1406 836/1437/1405 458/1439/1407
f 458/1439/1407 836/1437/1405 837/1440/1408
f 458/1439/1407 837/1440/1408 459/1441/1409
f 459/1441/1409 837/1440/1408 460/1442/1410
f 460/1442/1410 837/1440/1408 838/1443/1411
f 460/1442/1410 838/1443/1411 461/1444/1412
f 461/1444/1412 838/1443/1411 839/1445/1413
f 461/1444/1412 839/1445/1413 462/1446/1414
f 462/1446/1414 839/1445/1413 463/1447/1415
f 463/1447/1415 839/1445/1413 840/1448/1416
f 463/1447/1415 840/1448/1416 464/1449/1417
f 464/1449/1417 840/1448/1416 841/1450/1418
f 464/1449/1417 841/1450/1418 465/1451/1419
f 465/1451/1419 841/1450/1418 466/1452/1420
f 466/1452/1420 841/1450/1418 842/1453/1421
f 466/1452/1420 842/1453/1421 467/1454/1422
f 467/1454/1422 842/1453/1421 843/1455/1423
f 467/1454/1422 843/1455/1423 468/1456/1424
f 468/1456/1424 843/1455/1423 469/1457/1425
f 469/1457/1425 843/1455/1423 844/1458/1426
f 469/1457/1425 844/1458/1426 470/1459/1427
f 470/1459/1427 844/1458/1426 471/1460/1428
f 471/1460/1428 844/1458/1426 845/1461/1429
f 471/1460/1428 845/1461/1429 472/1462/1430
f 472/1462/1430 845/1461/1429 846/1463/1431
f 472/1462/1430 846/1463/1431 473/1464/1432
f 473/1465/1432 846/1466/1431 474/1467/1433
f 474/1467/1433 846/1466/1431 847/1468/1434
f 474/1467/1433 847/1468/1434 475/1469/1435
f 475/1469/1435 847/1468/1434 848/1470/1436
f 475/1469/1435 848/1470/1436 476/1471/1437
f 476/1471/1437 848/1470/1436 849/1472/1438
f 476/1471/1437 849/1472/1438 477/1473/1439
f 477/1473/1439 849/1472/1438 478/1474/1440
f 478/1474/1440 849/1472/1438 850/1475/1441
f 478/1474/1440 850/1475/1441 479/1476/1442
f 479/1476/1442 850/1475/1441 851/1477/1443
f 479/1476/1442 851/1477/1443 480/1478/1444
f 480/1478/1444 851/1477/1443 852/1479/1445
f 480/1478/1444 852/1479/1445 481/1480/1446
f 481/1480/1446 852/1479/1445 853/1481/1447
f 481/1480/1446 853/1481/1447 482/1482/1448
f 482/1482/1448 853/1481/1447 854/1483/1449
f 482/1482/1448 854/1483/1449 483/1484/1450
f 483/1484/1450 854/1483/1449 484/1485/1451
f 484/1485/1451 854/1483/1449 855/1486/1452
f 484/1485/1451 855/1486/1452 485/1487/1453
f 485/1487/1453 855/1486/1452 856/1488/1454
f 485/1487/1453 856/1488/1454 486/1489/1455
f 486/1489/1455 856/1488/1454 857/1490/1456
f 486/1489/1455 857/1490/1456 487/1491/1457
f 487/1491/1457 857/1490/1456 488/1492/1458
f 488/1492/1458 857/1490/1456 858/1493/1459
f 488/1492/1458 858/1493/1459 489/1494/1460
f 489/1494/1460 858/1493/1459 859/1495/1461
f 489/1494/1460 859/1495/1461 490/1496/1462
f 490/1496/1462 859/1495/1461 491/1497/1463
f 491/1497/1463 859/1495/1461 860/1498/1464
f 491/1497/1463 860/1498/1464 492/1499/1465
f 492/1499/1465 860/1498/1464 861/1500/1466
f 492/1499/1465 861/1500/1466 493/1501/1467
f 493/1501/1467 861/1500/1466 494/1502/1468
f 494/1502/1468 861/1500/1466 862/1503/1469
f 494/1502/1468 862/1503/1469 495/1504/1470
f 495/1504/1470 862/1503/1469 863/1505/1471
f 495/1504/1470 863/1505/1471 496/1506/1472
f 496/1506/1472 863/1505/1471 497/1507/1473
f 497/1507/1473 863/1505/1471 864/1508/1474
f 497/1507/1473 864/1508/1474 498/1417/1385
f 498/1417/1385 864/1508/1474 827/1415/1383
f 865/1509/1475 866/1510/1476 499/1511/1477
f 499/1511/1477 866/1510/1476 500/1512/1478
f 867/1513/1479 865/1514/1480 524/1515/1481
f 524/1515/1481 865/1514/1480 499/1516/1482
f 866/1517/1483 868/1518/1484 500/1519/1485
f 500/1519/1485 868/1518/1484 501/1520/1486
f 869/1521/1487 867/1522/1488 523/1523/1489
f 523/1523/1489 867/1522/1488 524/1524/1490
f 868/1525/1491 870/1526/1492 501/1527/1493
f 501/1527/1493 870/1526/1492 502/1528/1494
f 871/1529/1495 869/1530/1496 522/1531/1497
f 522/1531/1497 869/1530/1496 523/1532/1498
f 870/1533/1499 872/1534/1500 502/1535/1501
f 502/1535/1501 872/1534/1500 503/1536/1502
f 873/1537/1503 871/1538/1504 521/1539/1505
f 521/1539/1505 871/1538/1504 522/1540/1506
f 872/1541/1507 874/1542/1508 503/1543/1509
f 503/1543/1509 874/1542/1508 504/1544/1510
f 875/1545/1511 873/1546/1512 520/1547/1513
f 520/1547/1513 873/1546/1512 521/1548/1514
f 874/1549/1515 876/1550/1516 504/1551/1517
f 504/1551/1517 876/1550/1516 505/1552/1518
f 877/1553/1519 875/1554/1520 519/1555/1521
f 519/1555/1521 875/1554/1520 520/1556/1522
f 876/1557/1523 878/1558/1524 505/1559/1525
f 505/1559/1525 878/1558/1524 506/1560/1526
f 879/1561/1527 877/1562/1528 518/1563/1529
f 518/1563/1529 877/1562/1528 519/1564/1530
f 878/1565/1531 880/1566/1532 506/1567/1533
f 506/1567/1533 880/1566/1532 507/1568/1534
f 881/1569/1535 879/1570/1536 517/1571/1537
f 517/1571/1537 879/1570/1536 518/1572/1538
f 880/1573/1539 882/1574/1540 507/1575/1541
f 507/1575/1541 882/1574/1540 508/1576/1542
f 883/1577/1543 881/1578/1544 516/1579/1545
f 516/1579/1545 881/1578/1544 517/1580/1546
f 882/1581/1547 884/1582/1548 508/1583/1549
f 508/1583/1549 884/1582/1548 509/1584/1550
f 885/1585/1551 883/1586/1552 515/1587/1553
f 515/1587/1553 883/1586/1552 516/1588/1554
f 884/1589/1555 886/1590/1556 509/1591/1557
f 509/1591/1557 886/1590/1556 510/1592/1558
f 887/1593/1559 885/1594/1560 514/1595/1561
f 514/1595/1561 885/1594/1560 515/1596/1562
f 886/1597/1563 888/1598/1564 510/1599/1565
f 510/1599/1565 888/1598/1564 511/1600/1566
f 889/1601/1567 887/1602/1568 513/1603/1569
f 513/1603/1569 887/1602/1568 514/1604/1570
f 888/1605/1571 890/1606/1572 511/1607/1573
f 511/1607/1573 890/1606/1572 512/1608/1574
f 890/1609/1575 889/1610/1576 512/1611/1577
f 512/1611/1577 889/1610/1576 513/1612/1578
f 892/1613/1579 526/1614/1580 891/1615/1581
f 891/1615/1581 526/1614/1580 525/1616/1582
f 891/1615/1581 525/1616/1582 566/1617/1583
f 526/1614/1580 892/1613/1579 527/1618/1584
f 527/1618/1584 892/1613/1579 893/1619/1585
f 527/1618/1584 893/1619/1585 528/1620/1586
f 528/1620/1586 893/1619/1585 894/1621/1587
f 528/1620/1586 894/1621/1587 529/1622/1588
f 529/1622/1588 894/1621/1587 895/1623/1589
f 529/1622/1588 895/1623/1589 530/1624/1590
f 530/1624/1590 895/1623/1589 896/1625/1591
f 530/1624/1590 896/1625/1591 531/1626/1592
f 531/1626/1592 896/1625/1591 897/1627/1593
f 531/1626/1592 897/1627/1593 532/1628/1594
f 532/1628/1594 897/1627/1593 898/1629/1595
f 532/1628/1594 898/1629/1595 533/1630/1596
f 533/1630/1596 898/1629/1595 899/1631/1597
f 533/1630/1596 899/1631/1597 534/1632/1598
f 534/1632/1598 899/1631/1597 900/1633/1599
f 534/1632/1598 900/1633/1599 535/1634/1600
f 535/1634/1600 900/1633/1599 901/1635/1601
f 535/1634/1600 901/1635/1601 536/1636/1602
f 536/1636/1602 901/1635/1601 902/1637/1603
f 536/1636/1602 902/1637/1603 537/1638/1604
f 537/1638/1604 902/1637/1603 903/1639/1605
f 537/1638/1604 903/1639/1605 538/1640/1606
f 538/1640/1606 903/1639/1605 904/1641/1607
f 538/1640/1606 904/1641/1607 539/1642/1608
f 539/1642/1608 904/1641/1607 905/1643/1609
f 539/1642/1608 905/1643/1609 540/1644/1610
f 540/1644/1610 905/1643/1609 541/1645/1611
f 541/1645/1611 905/1643/1609 906/1646/1612
f 541/1645/1611 906/1646/1612 542/1647/1613
f 542/1647/1613 906/1646/1612 907/1648/1614
f 542/1647/1613 907/1648/1614 543/1649/1615
f 543/1649/1615 907/1648/1614 908/1650/1616
f 543/1649/1615 908/1650/1616 544/1651/1617
f 544/1651/1617 908/1650/1616 909/1652/1618
f 544/1651/1617 909/1652/1618 545/1653/1619
f 545/1653/1619 909/1652/1618 910/1654/1620
f 545/1653/1619 910/1654/1620 546/1655/1621
f 546/1656/1621 910/1657/1620 911/1658/1622
f 546/1656/1621 911/1658/1622 547/1659/1623
f 547/1659/1623 911/1658/1622 912/1660/1624
f 547/1659/1623 912/1660/1624 548/1661/1625
f 548/1661/1625 912/1660/1624 913/1662/1626
f 548/1661/1625 913/1662/1626 549/1663/1627
f 549/1663/1627 913/1662/1626 914/1664/1628
f 549/1663/1627 914/1664/1628 550/1665/1629
f 550/1665/1629 914/1664/1628 915/1666/1630
f 550/1665/1629 915/1666/1630 551/1667/1631
f 551/1667/1631 915/1666/1630 916/1668/1632
f 551/1667/1631 916/1668/1632 552/1669/1633
f 552/1669/1633 916/1668/1632 917/1670/1634
f 552/1669/1633 917/1670/1634 553/1671/1635
f 553/1671/1635 917/1670/1634 918/1672/1636
f 553/1671/1635 918/1672/1636 554/1673/1637
f 554/1673/1637 918/1672/1636 919/1674/1638
f 554/1673/1637 919/1674/1638 555/1675/1639
f 555/1675/1639 919/1674/1638 556/1676/1640
f 556/1676/1640 919/1674/1638 920/1677/1641
f 556/1676/1640 920/1677/1641 557/1678/1642
f 557/1678/1642 920/1677/1641 921/1679/1643
f 557/1678/1642 921/1679/1643 558/1680/1644
f 558/1680/1644 921/1679/1643 922/1681/1645
f 558/1680/1644 922/1681/1645 559/1682/1646
f 559/1682/1646 922/1681/1645 923/1683/1647
f 559/1682/1646 923/1683/1647 560/1684/1648
f 560/1684/1648 923/1683/1647 924/1685/1649
f 560/1684/1648 924/1685/1649 561/1686/1650
f 561/1686/1650 924/1685/1649 925/1687/1651
f 561/1686/1650 925/1687/1651 562/1688/1652
f 562/1688/1652 925/1687/1651 926/1689/1653
f 562/1688/1652 926/1689/1653 563/1690/1654
f 563/1690/1654 926/1689/1653 564/1691/1655
f 564/1691/1655 926/1689/1653 927/1692/1656
f 564/1691/1655 927/1692/1656 565/1693/1657
f 565/1693/1657 927/1692/1656 928/1694/1658
f 565/1693/1657 928/1694/1658 566/1617/1583
f 566/1617/1583 928/1694/1658 891/1615/1581
f 929/1695/1659 930/1696/1660 567/1697/1661
f 567/1697/1661 930/1696/1660 568/1698/1662
f 931/1699/1663 929/1700/1664 592/1701/1665
f 592/1701/1665 929/1700/1664 567/1702/1666
f 930/1703/1667 932/1704/1668 568/1705/1669
f 568/1705/1669 932/1704/1668 569/1706/1670
f 933/1707/1671 931/1708/1672 591/1709/1673
f 591/1709/1673 931/1708/1672 592/1710/1674
f 932/1711/1675 934/1712/1676 569/1713/1677
f 569/1713/1677 934/1712/1676 570/1714/1678
f 935/1715/1679 933/1716/1680 590/1717/1681
f 590/1717/1681 933/1716/1680 591/1718/1682
f 934/1719/1683 936/1720/1684 570/1721/1685
f 570/1721/1685 936/1720/1684 571/1722/1686
f 937/1723/1687 935/1724/1688 589/1725/1689
f 589/1725/1689 935/1724/1688 590/1726/1690
f 936/1727/1691 938/1728/1692 571/1729/1693
f 571/1729/1693 938/1728/1692 572/1730/1694
f 939/1731/1695 937/1732/1696 588/1733/1697
f 588/1733/1697 937/1732/1696 589/1734/1698
f 938/1735/1699 940/1736/1700 572/1737/1701
f 572/1737/1701 940/1736/1700 573/1738/1702
f 941/1739/1703 939/1740/1704 587/1741/1705
f 587/1741/1705 939/1740/1704 588/1742/1706
f 940/1743/1707 942/1744/1708 573/1745/1709
f 573/1745/1709 942/1744/1708 574/1746/1710
f 943/1747/1711 941/1748/1712 586/1749/1713
f 586/1749/1713 941/1748/1712 587/1750/1714
f 942/1751/1715 944/1752/1716 574/1753/1717
f 574/1753/1717 944/1752/1716 575/1754/1718
f 945/1755/1719 943/1756/1720 585/1757/1721
f 585/1757/1721 943/1756/1720 586/1758/1722
f 944/1759/1723 946/1760/1724 575/1761/1725
f 575/1761/1725 946/1760/1724 576/1762/1726
f 947/1763/1727 945/1764/1728 584/1765/1729
f 584/1765/1729 945/1764/1728 585/1766/1730
f 946/1767/1731 948/1768/1732 576/1769/1733
f 576/1769/1733 948/1768/1732 577/1770/1734
f 949/1771/1735 947/1772/1736 583/1773/1737
f 583/1773/1737 947/1772/1736 584/1774/1738
f 948/1775/1739 950/1776/1740 577/1777/1741
f 577/1777/1741 950/1776/1740 578/1778/1742
f 951/1779/1743 949/1780/1744 582/1781/1745
f 582/1781/1745 949/1780/1744 583/1782/1746
f 950/1783/1747 952/1784/1748 578/1785/1749
f 578/1785/1749 952/1784/1748 579/1786/1750
f 953/1787/1751 951/1788/1752 581/1789/1753
f 581/1789/1753 951/1788/1752 582/1790/1754
f 952/1791/1755 954/1792/1756 579/1793/1757
f 579/1793/1757 954/1792/1756 580/1794/1758
f 954/1795/1759 953/1796/1760 580/1797/1761
f 580/1797/1761 953/1796/1760 581/1798/1762
f 618/1799/1763 607/1800/1764 593/1801/1765
f 593/1801/1765 607/1800/1764 606/1802/1766
f 593/1801/1765 606/1802/1766 594/1803/1767
f 594/1803/1767 606/1802/1766 605/1804/1768
f 594/1803/1767 605/1804/1768 595/1805/1769
f 595/1805/1769 605/1804/1768 604/1806/1770
f 595/1805/1769 604/1806/1770 596/1807/1771
f 596/1807/1771 604/1806/1770 603/1808/1772
f 596/1807/1771 603/1808/1772 597/1809/1773
f 597/1809/1773 603/1808/1772 602/1810/1774
f 597/1809/1773 602/1810/1774 598/1811/1775
f 598/1811/1775 602/1810/1774 601/1812/1776
f 598/1811/1775 601/1812/1776 599/1813/1777
f 599/1813/1777 601/1812/1776 600/1814/1778
f 607/1800/1764 618/1799/1763 608/1815/1779
f 608/1815/1779 618/1799/1763 617/1816/1780
f 608/1815/1779 617/1816/1780 609/1817/1781
f 609/1817/1781 617/1816/1780 616/1818/1782
f 609/1817/1781 616/1818/1782 610/1819/1783
f 610/1819/1783 616/1818/1782 615/1820/1784
f 610/1819/1783 615/1820/1784 611/1821/1785
f 611/1821/1785 615/1820/1784 614/1822/1786
f 611/1821/1785 614/1822/1786 612/1823/1787
f 612/1823/1787 614/1822/1786 613/1824/1788
f 644/1825/1789 633/1826/1790 619/1827/1791
f 619/1827/1791 633/1826/1790 632/1828/1792
f 619/1827/1791 632/1828/1792 620/1829/1793
f 620/1829/1793 632/1828/1792 631/1830/1794
f 620/1829/1793 631/1830/1794 621/1831/1795
f 621/1831/1795 631/1830/1794 630/1832/1796
f 621/1831/1795 630/1832/1796 622/1833/1797
f 622/1833/1797 630/1832/1796 629/1834/1798
f 622/1833/1797 629/1834/1798 623/1835/1799
f 623/1835/1799 629/1834/1798 628/1836/1800
f 623/1835/1799 628/1836/1800 624/1837/1801
f 624/1837/1801 628/1836/1800 627/1838/1802
f 624/1837/1801 627/1838/1802 625/1839/1803
f 625/1839/1803 627/1838/1802 626/1840/1804
f 633/1826/1790 644/1825/1789 634/1841/1805
f 634/1841/1805 644/1825/1789 643/1842/1806
f 634/1841/1805 643/1842/1806 635/1843/1807
f 635/1843/1807 643/1842/1806 642/1844/1808
f 635/1843/1807 642/1844/1808 636/1845/1809
f 636/1845/1809 642/1844/1808 641/1846/1810
f 636/1845/1809 641/1846/1810 637/1847/1811
f 637/1847/1811 641/1846/1810 640/1848/1812
f 637/1847/1811 640/1848/1812 638/1849/1813
f 638/1849/1813 640/1848/1812 639/1850/1814
f 646/1851/1815 645/1852/1816 648/1853/1817
f 648/1853/1817 645/1852/1816 647/1854/1818
f 648/1853/1817 647/1854/1818 650/1855/1819
f 650/1855/1819 647/1854/1818 649/1856/1820
f 650/1855/1819 649/1856/1820 652/1857/1821
f 652/1857/1821 649/1856/1820 651/1858/1822
f 652/1857/1821 651/1858/1822 654/1859/1823
f 654/1859/1823 651/1858/1822 653/1860/1824
f 654/1859/1823 653/1860/1824 656/1861/1825
f 656/1861/1825 653/1860/1824 655/1862/1826
f 656/1861/1825 655/1862/1826 658/1863/1827
f 658/1863/1827 655/1862/1826 657/1864/1828
f 658/1863/1827 657/1864/1828 660/1865/1829
f 660/1865/1829 657/1864/1828 659/1866/1830
f 660/1865/1829 659/1866/1830 662/1867/1831
f 662/1867/1831 659/1866/1830 661/1868/1832
f 662/1867/1831 661/1868/1832 664/1869/1833
f 664/1869/1833 661/1868/1832 663/1870/1834
f 664/1869/1833 663/1870/1834 666/1871/1835
f 666/1871/1835 663/1870/1834 665/1872/1836
f 666/1871/1835 665/1872/1836 668/1873/1837
f 668/1873/1837 665/1872/1836 667/1874/1838
f 668/1873/1837 667/1874/1838 670/1875/1839
f 670/1875/1839 667/1874/1838 669/1876/1840
f 672/1877/1841 671/1878/1842 955/1879/1843
f 955/1879/1843 671/1878/1842 708/1880/1844
f 955/1879/1843 708/1880/1844 980/1881/1845
f 980/1881/1845 708/1880/1844 707/1882/1846
f 980/1881/1845 707/1882/1846 979/1883/1847
f 979/1883/1847 707/1882/1846 706/1884/1848
f 979/1883/1847 706/1884/1848 705/1885/1849
f 979/1883/1847 705/1885/1849 978/1886/1850
f 978/1886/1850 705/1885/1849 704/1887/1851
f 978/1886/1850 704/1887/1851 977/1888/1852
f 977/1888/1852 704/1887/1851 703/1889/1853
f 977/1888/1852 703/1889/1853 702/1890/1854
f 977/1888/1852 702/1890/1854 976/1891/1855
f 976/1891/1855 702/1890/1854 701/1892/1856
f 976/1891/1855 701/1892/1856 975/1893/1857
f 975/1893/1857 701/1892/1856 700/1894/1858
f 975/1893/1857 700/1894/1858 699/1895/1859
f 975/1893/1857 699/1895/1859 974/1896/1860
f 974/1896/1860 699/1895/1859 698/1897/1861
f 974/1896/1860 698/1897/1861 973/1898/1862
f 973/1898/1862 698/1897/1861 697/1899/1863
f 973/1898/1862 697/1899/1863 972/1900/1864
f 972/1900/1864 697/1899/1863 696/1901/1865
f 972/1900/1864 696/1901/1865 695/1902/1866
f 972/1900/1864 695/1902/1866 971/1903/1867
f 971/1903/1867 695/1902/1866 694/1904/1868
f 971/1903/1867 694/1904/1868 970/1905/1869
f 970/1905/1869 694/1904/1868 693/1906/1870
f 970/1905/1869 693/1906/1870 692/1907/1871
f 970/1905/1869 692/1907/1871 969/1908/1872
f 969/1908/1872 692/1907/1871 691/1909/1873
f 969/1908/1872 691/1909/1873 968/1910/1874
f 968/1910/1874 691/1909/1873 690/1911/1875
f 968/1910/1874 690/1911/1875 689/1912/1876
f 968/1910/1874 689/1912/1876 967/1913/1877
f 967/1913/1877 689/1912/1876 688/1914/1878
f 967/1913/1877 688/1914/1878 966/1915/1879
f 966/1915/1879 688/1914/1878 687/1916/1880
f 966/1915/1879 687/1916/1880 686/1917/1881
f 966/1915/1879 686/1917/1881 965/1918/1882
f 965/1918/1882 686/1917/1881 685/1919/1883
f 965/1918/1882 685/1919/1883 964/1920/1884
f 964/1920/1884 685/1919/1883 684/1921/1885
f 964/1920/1884 684/1921/1885 683/1922/1886
f 964/1920/1884 683/1922/1886 963/1923/1887
f 963/1923/1887 683/1922/1886 682/1924/1888
f 963/1923/1887 682/1924/1888 962/1925/1889
f 962/1925/1889 682/1924/1888 681/1926/1890
f 962/1925/1889 681/1926/1890 680/1927/1891
f 962/1925/1889 680/1927/1891 961/1928/1892
f 961/1928/1892 680/1927/1891 679/1929/1893
f 961/1928/1892 679/1929/1893 960/1930/1894
f 960/1930/1894 679/1929/1893 678/1931/1895
f 960/1930/1894 678/1931/1895 959/1932/1896
f 959/1932/1896 678/1931/1895 677/1933/1897
f 959/1932/1896 677/1933/1897 676/1934/1898
f 959/1932/1896 676/1934/1898 958/1935/1899
f 958/1935/1899 676/1934/1898 675/1936/1900
f 958/1935/1899 675/1936/1900 957/1937/1901
f 957/1937/1901 675/1936/1900 674/1938/1902
f 957/1937/1901 674/1938/1902 673/1939/1903
f 957/1937/1901 673/1939/1903 956/1940/1904
f 956/1940/1904 673/1939/1903 672/1877/1841
f 956/1940/1904 672/1877/1841 955/1879/1843
f 710/1941/1905 709/1942/1906 726/1943/1907
f 726/1943/1907 709/1942/1906 733/1944/1908
f 726/1943/1907 733/1944/1908 732/1945/1909
f 732/1945/1909 731/1946/1910 726/1943/1907
f 726/1943/1907 731/1946/1910 730/1947/1911
f 726/1943/1907 730/1947/1911 729/1948/1912
f 728/1949/1913 727/1950/1914 729/1948/1912
f 729/1948/1912 727/1950/1914 726/1943/1907
f 725/1951/1915 717/1952/1916 726/1943/1907
f 726/1943/1907 717/1952/1916 716/1953/1917
f 726/1943/1907 716/1953/1917 715/1954/1918
f 717/1952/1916 725/1951/1915 718/1955/1919
f 718/1955/1919 725/1951/1915 724/1956/1920
f 718/1955/1919 724/1956/1920 719/1957/1921
f 719/1957/1921 724/1956/1920 723/1958/1922
f 719/1957/1921 723/1958/1922 720/1959/1923
f 720/1959/1923 723/1958/1922 722/1960/1924
f 720/1959/1923 722/1960/1924 721/1961/1925
f 715/1954/1918 714/1962/1926 726/1943/1907
f 726/1943/1907 714/1962/1926 713/1963/1927
f 726/1943/1907 713/1963/1927 712/1964/1928
f 712/1964/1928 711/1965/1929 726/1943/1907
f 726/1943/1907 711/1965/1929 710/1941/1905
f 737/1966/1930 734/1967/1931 736/1968/1932
f 736/1968/1932 734/1967/1931 735/1969/1933
f 739/1970/1934 738/1971/1935 755/1972/1936
f 755/1972/1936 738/1971/1935 762/1973/1937
f 755/1972/1936 762/1973/1937 761/1974/1938
f 761/1974/1938 760/1975/1939 755/1972/1936
f 755/1972/1936 760/1975/1939 759/1976/1940
f 755/1972/1936 759/1976/1940 758/1977/1941
f 757/1978/1942 756/1979/1943 758/1977/1941
f 758/1977/1941 756/1979/1943 755/1972/1936
f 754/1980/1944 746/1981/1945 755/1972/1936
f 755/1972/1936 746/1981/1945 745/1982/1946
f 755/1972/1936 745/1982/1946 744/1983/1947
f 746/1981/1945 754/1980/1944 747/1984/1948
f 747/1984/1948 754/1980/1944 753/1985/1949
f 747/1984/1948 753/1985/1949 748/1986/1950
f 748/1986/1950 753/1985/1949 752/1987/1951
f 748/1986/1950 752/1987/1951 749/1988/1952
f 749/1988/1952 752/1987/1951 751/1989/1953
f 749/1988/1952 751/1989/1953 750/1990/1954
f 744/1983/1947 743/1991/1955 755/1972/1936
f 755/1972/1936 743/1991/1955 742/1992/1956
f 755/1972/1936 742/1992/1956 741/1993/1957
f 741/1993/1957 740/1994/1958 755/1972/1936
f 755/1972/1936 740/1994/1958 739/1970/1934
f 764/1995/1959 765/1996/1960 766/1997/1961
f 766/1997/1961 765/1996/1960 767/1998/1962
f 766/1997/1961 767/1998/1962 768/1999/1963
f 768/1999/1963 767/1998/1962 769/2000/1964
f 768/1999/1963 769/2000/1964 770/2001/1965
f 770/2001/1965 769/2000/1964 771/2002/1966
f 770/2001/1965 771/2002/1966 772/2003/1967
f 772/2003/1967 771/2002/1966 773/2004/1968
f 772/2003/1967 773/2004/1968 774/2005/1969
f 774/2005/1969 773/2004/1968 775/2006/1970
f 774/2005/1969 775/2006/1970 776/2007/1971
f 776/2007/1971 775/2006/1970 777/2008/1972
f 776/2007/1971 777/2008/1972 778/2009/1973
f 778/2009/1973 777/2008/1972 779/2010/1974
f 778/2009/1973 779/2010/1974 780/2011/1975
f 780/2011/1975 779/2010/1974 781/2012/1976
f 780/2011/1975 781/2012/1976 782/2013/1977
f 782/2013/1977 781/2012/1976 783/2014/1978
f 782/2013/1977 783/2014/1978 784/2015/1979
f 784/2015/1979 783/2014/1978 785/2016/1980
f 784/2015/1979 785/2016/1980 786/2017/1981
f 786/2017/1981 785/2016/1980 787/2018/1982
f 786/2017/1981 787/2018/1982 788/2019/1983
f 764/1995/1959 763/2020/1984 765/1996/1960
f 790/2021/1985 789/2022/1986 981/2023/1987
f 981/2023/1987 789/2022/1986 826/2024/1988
f 981/2023/1987 826/2024/1988 1006/2025/1989
f 1006/2025/1989 826/2024/1988 825/2026/1990
f 1006/2025/1989 825/2026/1990 1005/2027/1991
f 1005/2027/1991 825/2026/1990 824/2028/1992
f 1005/2027/1991 824/2028/1992 823/2029/1993
f 1005/2027/1991 823/2029/1993 1004/2030/1994
f 1004/2030/1994 823/2029/1993 822/2031/1995
f 1004/2030/1994 822/2031/1995 1003/2032/1996
f 1003/2032/1996 822/2031/1995 821/2033/1997
f 1003/2032/1996 821/2033/1997 820/2034/1998
f 1003/2032/1996 820/2034/1998 1002/2035/1999
f 1002/2035/1999 820/2034/1998 819/2036/2000
f 1002/2035/1999 819/2036/2000 1001/2037/2001
f 1001/2037/2001 819/2036/2000 818/2038/2002
f 1001/2037/2001 818/2038/2002 817/2039/2003
f 1001/2037/2001 817/2039/2003 1000/2040/2004
f 1000/2040/2004 817/2039/2003 816/2041/2005
f 1000/2040/2004 816/2041/2005 999/2042/2006
f 999/2042/2006 816/2041/2005 815/2043/2007
f 999/2042/2006 815/2043/2007 998/2044/2008
f 998/2044/2008 815/2043/2007 814/2045/2009
f 998/2044/2008 814/2045/2009 813/2046/2010
f 998/2044/2008 813/2046/2010 997/2047/2011
f 997/2047/2011 813/2046/2010 812/2048/2012
f 997/2047/2011 812/2048/2012 996/2049/2013
f 996/2049/2013 812/2048/2012 811/2050/2014
f 996/2049/2013 811/2050/2014 810/2051/2015
f 996/2049/2013 810/2051/2015 995/2052/2016
f 995/2052/2016 810/2051/2015 809/2053/2017
f 995/2052/2016 809/2053/2017 994/2054/2018
f 994/2054/2018 809/2053/2017 808/2055/2019
f 994/2054/2018 808/2055/2019 807/2056/2020
f 994/2054/2018 807/2056/2020 993/2057/2021
f 993/2057/2021 807/2056/2020 806/2058/2022
f 993/2057/2021 806/2058/2022 992/2059/2023
f 992/2059/2023 806/2058/2022 805/2060/2024
f 992/2059/2023 805/2060/2024 804/2061/2025
f 992/2059/2023 804/2061/2025 991/2062/2026
f 991/2062/2026 804/2061/2025 803/2063/2027
f 991/2062/2026 803/2063/2027 990/2064/2028
f 990/2064/2028 803/2063/2027 802/2065/2029
f 990/2064/2028 802/2065/2029 801/2066/2030
f 990/2064/2028 801/2066/2030 989/2067/2031
f 989/2067/2031 801/2066/2030 800/2068/2032
f 989/2067/2031 800/2068/2032 988/2069/2033
f 988/2069/2033 800/2068/2032 799/2070/2034
f 988/2069/2033 799/2070/2034 798/2071/2035
f 988/2069/2033 798/2071/2035 987/2072/2036
f 987/2072/2036 798/2071/2035 797/2073/2037
f 987/2072/2036 797/2073/2037 986/2074/2038
f 986/2074/2038 797/2073/2037 796/2075/2039
f 986/2074/2038 796/2075/2039 985/2076/2040
f 985/2076/2040 796/2075/2039 795/2077/2041
f 985/2076/2040 795/2077/2041 794/2078/2042
f 985/2076/2040 794/2078/2042 984/2079/2043
f 984/2079/2043 794/2078/2042 793/2080/2044
f 984/2079/2043 793/2080/2044 983/2081/2045
f 983/2081/2045 793/2080/2044 792/2082/2046
f 983/2081/2045 792/2082/2046 791/2083/2047
f 983/2081/2045 791/2083/2047 982/2084/2048
f 982/2084/2048 791/2083/2047 790/2021/1985
f 982/2084/2048 790/2021/1985 981/2023/1987
f 828/2085/2049 827/2086/2050 1007/2087/2051
f 1007/2087/2051 827/2086/2050 864/2088/2052
f 1007/2087/2051 864/2088/2052 1032/2089/2053
f 1032/2089/2053 864/2088/2052 863/2090/2054
f 1032/2089/2053 863/2090/2054 1031/2091/2055
f 1031/2091/2055 863/2090/2054 862/2092/2056
f 1031/2091/2055 862/2092/2056 861/2093/2057
f 1031/2091/2055 861/2093/2057 1030/2094/2058
f 1030/2094/2058 861/2093/2057 860/2095/2059
f 1030/2094/2058 860/2095/2059 1029/2096/2060
f 1029/2096/2060 860/2095/2059 859/2097/2061
f 1029/2096/2060 859/2097/2061 858/2098/2062
f 1029/2096/2060 858/2098/2062 1028/2099/2063
f 1028/2099/2063 858/2098/2062 857/2100/2064
f 1028/2099/2063 857/2100/2064 1027/2101/2065
f 1027/2101/2065 857/2100/2064 856/2102/2066
f 1027/2101/2065 856/2102/2066 855/2103/2067
f 1027/2101/2065 855/2103/2067 1026/2104/2068
f 1026/2104/2068 855/2103/2067 854/2105/2069
f 1026/2104/2068 854/2105/2069 1025/2106/2070
f 1025/2106/2070 854/2105/2069 853/2107/2071
f 1025/2106/2070 853/2107/2071 1024/2108/2072
f 1024/2108/2072 853/2107/2071 852/2109/2073
f 1024/2108/2072 852/2109/2073 851/2110/2074
f 1024/2108/2072 851/2110/2074 1023/2111/2075
f 1023/2111/2075 851/2110/2074 850/2112/2076
f 1023/2111/2075 850/2112/2076 1022/2113/2077
f 1022/2113/2077 850/2112/2076 849/2114/2078
f 1022/2113/2077 849/2114/2078 848/2115/2079
f 1022/2113/2077 848/2115/2079 1021/2116/2080
f 1021/2116/2080 848/2115/2079 847/2117/2081
f 1021/2116/2080 847/2117/2081 1020/2118/2082
f 1020/2118/2082 847/2117/2081 846/2119/2083
f 1020/2118/2082 846/2119/2083 845/2120/2084
f 1020/2118/2082 845/2120/2084 1019/2121/2085
f 1019/2121/2085 845/2120/2084 844/2122/2086
f 1019/2121/2085 844/2122/2086 1018/2123/2087
f 1018/2123/2087 844/2122/2086 843/2124/2088
f 1018/2123/2087 843/2124/2088 842/2125/2089
f 1018/2123/2087 842/2125/2089 1017/2126/2090
f 1017/2126/2090 842/2125/2089 841/2127/2091
f 1017/2126/2090 841/2127/2091 1016/2128/2092
f 1016/2128/2092 841/2127/2091 840/2129/2093
f 1016/2128/2092 840/2129/2093 839/2130/2094
f 1016/2128/2092 839/2130/2094 1015/2131/2095
f 1015/2131/2095 839/2130/2094 838/2132/2096
f 1015/2131/2095 838/2132/2096 1014/2133/2097
f 1014/2133/2097 838/2132/2096 837/2134/2098
f 1014/2133/2097 837/2134/2098 836/2135/2099
f 1014/2133/2097 836/2135/2099 1013/2136/2100
f 1013/2136/2100 836/2135/2099 835/2137/2101
f 1013/2136/2100 835/2137/2101 1012/2138/2102
f 1012/2138/2102 835/2137/2101 834/2139/2103
f 1012/2138/2102 834/2139/2103 1011/2140/2104
f 1011/2140/2104 834/2139/2103 833/2141/2105
f 1011/2140/2104 833/2141/2105 832/2142/2106
f 1011/2140/2104 832/2142/2106 1010/2143/2107
f 1010/2143/2107 832/2142/2106 831/2144/2108
f 1010/2143/2107 831/2144/2108 1009/2145/2109
f 1009/2145/2109 831/2144/2108 830/2146/2110
f 1009/2145/2109 830/2146/2110 829/2147/2111
f 1009/2145/2109 829/2147/2111 1008/2148/2112
f 1008/2148/2112 829/2147/2111 828/2085/2049
f 1008/2148/2112 828/2085/2049 1007/2087/2051
f 866/2149/2113 865/2150/2114 868/2151/2115
f 868/2151/2115 865/2150/2114 867/2152/2116
f 868/2151/2115 867/2152/2116 869/2153/2117
f 868/2151/2115 869/2153/2117 870/2154/2118
f 870/2154/2118 869/2153/2117 871/2155/2119
f 870/2154/2118 871/2155/2119 872/2156/2120
f 872/2156/2120 871/2155/2119 873/2157/2121
f 872/2156/2120 873/2157/2121 874/2158/2122
f 874/2158/2122 873/2157/2121 875/2159/2123
f 874/2158/2122 875/2159/2123 876/2160/2124
f 876/2160/2124 875/2159/2123 877/2161/2125
f 876/2160/2124 877/2161/2125 878/2162/2126
f 878/2162/2126 877/2161/2125 879/2163/2127
f 878/2162/2126 879/2163/2127 880/2164/2128
f 880/2164/2128 879/2163/2127 881/2165/2129
f 880/2164/2128 881/2165/2129 882/2166/2130
f 882/2166/2130 881/2165/2129 883/2167/2131
f 882/2166/2130 883/2167/2131 884/2168/2132
f 884/2168/2132 883/2167/2131 885/2169/2133
f 884/2168/2132 885/2169/2133 886/2170/2134
f 886/2170/2134 885/2169/2133 887/2171/2135
f 886/2170/2134 887/2171/2135 888/2172/2136
f 888/2172/2136 887/2171/2135 890/2173/2137
f 890/2173/2137 887/2171/2135 889/2174/2138
f 892/2175/2139 891/2176/2140 1033/2177/2141
f 1033/2177/2141 891/2176/2140 928/2178/2142
f 1033/2177/2141 928/2178/2142 1058/2179/2143
f 1058/2179/2143 928/2178/2142 927/2180/2144
f 1058/2179/2143 927/2180/2144 1057/2181/2145
f 1057/2181/2145 927/2180/2144 926/2182/2146
f 1057/2181/2145 926/2182/2146 925/2183/2147
f 1057/2181/2145 925/2183/2147 1056/2184/2148
f 1056/2184/2148 925/2183/2147 924/2185/2149
f 1056/2184/2148 924/2185/2149 1055/2186/2150
f 1055/2186/2150 924/2185/2149 923/2187/2151
f 1055/2186/2150 923/2187/2151 922/2188/2152
f 1055/2186/2150 922/2188/2152 1054/2189/2153
f 1054/2189/2153 922/2188/2152 921/2190/2154
f 1054/2189/2153 921/2190/2154 1053/2191/2155
f 1053/2191/2155 921/2190/2154 920/2192/2156
f 1053/2191/2155 920/2192/2156 919/2193/2157
f 1053/2191/2155 919/2193/2157 1052/2194/2158
f 1052/2194/2158 919/2193/2157 918/2195/2159
f 1052/2194/2158 918/2195/2159 1051/2196/2160
f 1051/2196/2160 918/2195/2159 917/2197/2161
f 1051/2196/2160 917/2197/2161 1050/2198/2162
f 1050/2198/2162 917/2197/2161 916/2199/2163
f 1050/2198/2162 916/2199/2163 915/2200/2164
f 1050/2198/2162 915/2200/2164 1049/2201/2165
f 1049/2201/2165 915/2200/2164 914/2202/2166
f 1049/2201/2165 914/2202/2166 1048/2203/2167
f 1048/2203/2167 914/2202/2166 913/2204/2168
f 1048/2203/2167 913/2204/2168 912/2205/2169
f 1048/2203/2167 912/2205/2169 1047/2206/2170
f 1047/2206/2170 912/2205/2169 911/2207/2171
f 1047/2206/2170 911/2207/2171 1046/2208/2172
f 1046/2208/2172 911/2207/2171 910/2209/2173
f 1046/2208/2172 910/2209/2173 909/2210/2174
f 1046/2208/2172 909/2210/2174 1045/2211/2175
f 1045/2211/2175 909/2210/2174 908/2212/2176
f 1045/2211/2175 908/2212/2176 1044/2213/2177
f 1044/2213/2177 908/2212/2176 907/2214/2178
f 1044/2213/2177 907/2214/2178 906/2215/2179
f 1044/2213/2177 906/2215/2179 1043/2216/2180
f 1043/2216/2180 906/2215/2179 905/2217/2181
f 1043/2216/2180 905/2217/2181 1042/2218/2182
f 1042/2218/2182 905/2217/2181 904/2219/2183
f 1042/2218/2182 904/2219/2183 903/2220/2184
f 1042/2218/2182 903/2220/2184 1041/2221/2185
f 1041/2221/2185 903/2220/2184 902/2222/2186
f 1041/2221/2185 902/2222/2186 1040/2223/2187
f 1040/2223/2187 902/2222/2186 901/2224/2188
f 1040/2223/2187 901/2224/2188 900/2225/2189
f 1040/2223/2187 900/2225/2189 1039/2226/2190
f 1039/2226/2190 900/2225/2189 899/2227/2191
f 1039/2226/2190 899/2227/2191 1038/2228/2192
f 1038/2228/2192 899/2227/2191 898/2229/2193
f 1038/2228/2192 898/2229/2193 1037/2230/2194
f 1037/2230/2194 898/2229/2193 897/2231/2195
f 1037/2230/2194 897/2231/2195 896/2232/2196
f 1037/2230/2194 896/2232/2196 1036/2233/2197
f 1036/2233/2197 896/2232/2196 895/2234/2198
f 1036/2233/2197 895/2234/2198 1035/2235/2199
f 1035/2235/2199 895/2234/2198 894/2236/2200
f 1035/2235/2199 894/2236/2200 893/2237/2201
f 1035/2235/2199 893/2237/2201 1034/2238/2202
f 1034/2238/2202 893/2237/2201 892/2175/2139
f 1034/2238/2202 892/2175/2139 1033/2177/2141
f 934/2239/2203 932/2240/2204 931/2241/2205
f 931/2241/2205 932/2240/2204 930/2242/2206
f 931/2241/2205 930/2242/2206 929/2243/2207
f 931/2241/2205 933/2244/2208 934/2239/2203
f 934/2239/2203 933/2244/2208 936/2245/2209
f 936/2245/2209 933/2244/2208 935/2246/2210
f 936/2245/2209 935/2246/2210 938/2247/2211
f 938/2247/2211 935/2246/2210 937/2248/2212
f 938/2247/2211 937/2248/2212 940/2249/2213
f 940/2249/2213 937/2248/2212 939/2250/2214
f 940/2249/2213 939/2250/2214 942/2251/2215
f 942/2251/2215 939/2250/2214 941/2252/2216
f 942/2251/2215 941/2252/2216 944/2253/2217
f 944/2253/2217 941/2252/2216 943/2254/2218
f 944/2253/2217 943/2254/2218 946/2255/2219
f 946/2255/2219 943/2254/2218 945/2256/2220
f 946/2255/2219 945/2256/2220 948/2257/2221
f 948/2257/2221 945/2256/2220 947/2258/2222
f 948/2257/2221 947/2258/2222 950/2259/2223
f 950/2259/2223 947/2258/2222 949/2260/2224
f 950/2259/2223 949/2260/2224 952/2261/2225
f 952/2261/2225 949/2260/2224 951/2262/2226
f 952/2261/2225 951/2262/2226 954/2263/2227
f 954/2263/2227 951/2262/2226 953/2264/2228
f 980/2265/2229 1084/2266/2230 955/2267/2231
f 955/2267/2231 1084/2266/2230 1059/2268/2232
f 955/2267/2231 1059/2268/2232 956/2269/2233
f 956/2269/2233 1059/2268/2232 1060/2270/2234
f 956/2269/2233 1060/2270/2234 957/2271/2235
f 957/2271/2235 1060/2270/2234 1061/2272/2236
f 957/2271/2235 1061/2272/2236 958/2273/2237
f 958/2273/2237 1061/2272/2236 1062/2274/2238
f 958/2273/2237 1062/2274/2238 959/2275/2239
f 959/2275/2239 1062/2274/2238 1063/2276/2240
f 959/2275/2239 1063/2276/2240 960/2277/2241
f 960/2277/2241 1063/2276/2240 1064/2278/2242
f 960/2277/2241 1064/2278/2242 961/2279/2243
f 961/2279/2243 1064/2278/2242 1065/2280/2244
f 961/2279/2243 1065/2280/2244 962/2281/2245
f 962/2281/2245 1065/2280/2244 1066/2282/2246
f 962/2281/2245 1066/2282/2246 963/2283/2247
f 963/2283/2247 1066/2282/2246 1067/2284/2248
f 963/2283/2247 1067/2284/2248 964/2285/2249
f 964/2285/2249 1067/2284/2248 1068/2286/2250
f 964/2285/2249 1068/2286/2250 965/2287/2251
f 965/2287/2251 1068/2286/2250 1069/2288/2252
f 965/2287/2251 1069/2288/2252 966/2289/2253
f 966/2289/2253 1069/2288/2252 1070/2290/2254
f 966/2289/2253 1070/2290/2254 967/2291/2255
f 967/2291/2255 1070/2290/2254 1071/2292/2256
f 967/2291/2255 1071/2292/2256 968/2293/2257
f 968/2293/2257 1071/2292/2256 1072/2294/2258
f 968/2295/2257 1072/2296/2258 969/2297/2259
f 969/2297/2259 1072/2296/2258 1073/2298/2260
f 969/2297/2259 1073/2298/2260 970/2299/2261
f 970/2299/2261 1073/2298/2260 1074/2300/2262
f 970/2299/2261 1074/2300/2262 971/2301/2263
f 971/2301/2263 1074/2300/2262 1075/2302/2264
f 971/2301/2263 1075/2302/2264 972/2303/2265
f 972/2303/2265 1075/2302/2264 1076/2304/2266
f 972/2303/2265 1076/2304/2266 973/2305/2267
f 973/2305/2267 1076/2304/2266 1077/2306/2268
f 973/2305/2267 1077/2306/2268 974/2307/2269
f 974/2307/2269 1077/2306/2268 1078/2308/2270
f 974/2307/2269 1078/2308/2270 975/2309/2271
f 975/2309/2271 1078/2308/2270 1079/2310/2272
f 975/2309/2271 1079/2310/2272 976/2311/2273
f 976/2311/2273 1079/2310/2272 1080/2312/2274
f 976/2311/2273 1080/2312/2274 977/2313/2275
f 977/2313/2275 1080/2312/2274 1081/2314/2276
f 977/2313/2275 1081/2314/2276 978/2315/2277
f 978/2315/2277 1081/2314/2276 1082/2316/2278
f 978/2315/2277 1082/2316/2278 979/2317/2279
f 979/2317/2279 1082/2316/2278 1083/2318/2280
f 979/2317/2279 1083/2318/2280 980/2265/2229
f 980/2265/2229 1083/2318/2280 1084/2266/2230
f 1006/2319/2281 1110/2320/2282 981/2321/2283
f 981/2321/2283 1110/2320/2282 1085/2322/2284
f 981/2321/2283 1085/2322/2284 982/2323/2285
f 982/2323/2285 1085/2322/2284 1086/2324/2286
f 982/2323/2285 1086/2324/2286 983/2325/2287
f 983/2325/2287 1086/2324/2286 1087/2326/2288
f 983/2325/2287 1087/2326/2288 984/2327/2289
f 984/2327/2289 1087/2326/2288 1088/2328/2290
f 984/2327/2289 1088/2328/2290 985/2329/2291
f 985/2329/2291 1088/2328/2290 1089/2330/2292
f 985/2329/2291 1089/2330/2292 986/2331/2293
f 986/2331/2293 1089/2330/2292 1090/2332/2294
f 986/2331/2293 1090/2332/2294 987/2333/2295
f 987/2333/2295 1090/2332/2294 1091/2334/2296
f 987/2333/2295 1091/2334/2296 988/2335/2297
f 988/2335/2297 1091/2334/2296 1092/2336/2298
f 988/2335/2297 1092/2336/2298 989/2337/2299
f 989/2337/2299 1092/2336/2298 1093/2338/2300
f 989/2337/2299 1093/2338/2300 990/2339/2301
f 990/2339/2301 1093/2338/2300 1094/2340/2302
f 990/2339/2301 1094/2340/2302 991/2341/2303
f 991/2341/2303 1094/2340/2302 1095/2342/2304
f 991/2341/2303 1095/2342/2304 992/2343/2305
f 992/2343/2305 1095/2342/2304 1096/2344/2306
f 992/2343/2305 1096/2344/2306 993/2345/2307
f 993/2345/2307 1096/2344/2306 1097/2346/2308
f 993/2345/2307 1097/2346/2308 994/2347/2309
f 994/2347/2309 1097/2346/2308 1098/2348/2310
f 994/2349/2309 1098/2350/2310 995/2351/2311
f 995/2351/2311 1098/2350/2310 1099/2352/2312
f 995/2351/2311 1099/2352/2312 996/2353/2313
f 996/2353/2313 1099/2352/2312 1100/2354/2314
f 996/2353/2313 1100/2354/2314 997/2355/2315
f 997/2355/2315 1100/2354/2314 1101/2356/2316
f 997/2355/2315 1101/2356/2316 998/2357/2317
f 998/2357/2317 1101/2356/2316 1102/2358/2318
f 998/2357/2317 1102/2358/2318 999/2359/2319
f 999/2359/2319 1102/2358/2318 1103/2360/2320
f 999/2359/2319 1103/2360/2320 1000/2361/2321
f 1000/2361/2321 1103/2360/2320 1104/2362/2322
f 1000/2361/2321 1104/2362/2322 1001/2363/2323
f 1001/2363/2323 1104/2362/2322 1105/2364/2324
f 1001/2363/2323 1105/2364/2324 1002/2365/2325
f 1002/2365/2325 1105/2364/2324 1106/2366/2326
f 1002/2365/2325 1106/2366/2326 1003/2367/2327
f 1003/2367/2327 1106/2366/2326 1107/2368/2328
f 1003/2367/2327 1107/2368/2328 1004/2369/2329
f 1004/2369/2329 1107/2368/2328 1108/2370/2330
f 1004/2369/2329 1108/2370/2330 1005/2371/2331
f 1005/2371/2331 1108/2370/2330 1109/2372/2332
f 1005/2371/2331 1109/2372/2332 1006/2319/2281
f 1006/2319/2281 1109/2372/2332 1110/2320/2282
f 1032/2373/2333 1136/2374/2334 1007/2375/2335
f 1007/2375/2335 1136/2374/2334 1111/2376/2336
f 1007/2375/2335 1111/2376/2336 1008/2377/2337
f 1008/2377/2337 1111/2376/2336 1112/2378/2338
f 1008/2377/2337 1112/2378/2338 1009/2379/2339
f 1009/2379/2339 1112/2378/2338 1113/2380/2340
f 1009/2379/2339 1113/2380/2340 1010/2381/2341
f 1010/2381/2341 1113/2380/2340 1114/2382/2342
f 1010/2381/2341 1114/2382/2342 1011/2383/2343
f 1011/2383/2343 1114/2382/2342 1115/2384/2344
f 1011/2383/2343 1115/2384/2344 1012/2385/2345
f 1012/2385/2345 1115/2384/2344 1116/2386/2346
f 1012/2385/2345 1116/2386/2346 1013/2387/2347
f 1013/2387/2347 1116/2386/2346 1117/2388/2348
f 1013/2387/2347 1117/2388/2348 1014/2389/2349
f 1014/2389/2349 1117/2388/2348 1118/2390/2350
f 1014/2389/2349 1118/2390/2350 1015/2391/2351
f 1015/2391/2351 1118/2390/2350 1119/2392/2352
f 1015/2391/2351 1119/2392/2352 1016/2393/2353
f 1016/2393/2353 1119/2392/2352 1120/2394/2354
f 1016/2393/2353 1120/2394/2354 1017/2395/2355
f 1017/2395/2355 1120/2394/2354 1121/2396/2356
f 1017/2395/2355 1121/2396/2356 1018/2397/2357
f 1018/2397/2357 1121/2396/2356 1122/2398/2358
f 1018/2397/2357 1122/2398/2358 1019/2399/2359
f 1019/2399/2359 1122/2398/2358 1123/2400/2360
f 1019/2399/2359 1123/2400/2360 1020/2401/2361
f 1020/2401/2361 1123/2400/2360 1124/2402/2362
f 1020/2403/2361 1124/2404/2362 1021/2405/2363
f 1021/2405/2363 1124/2404/2362 1125/2406/2364
f 1021/2405/2363 1125/2406/2364 1022/2407/2365
f 1022/2407/2365 1125/2406/2364 1126/2408/2366
f 1022/2407/2365 1126/2408/2366 1023/2409/2367
f 1023/2409/2367 1126/2408/2366 1127/2410/2368
f 1023/2409/2367 1127/2410/2368 1024/2411/2369
f 1024/2411/2369 1127/2410/2368 1128/2412/2370
f 1024/2411/2369 1128/2412/2370 1025/2413/2371
f 1025/2413/2371 1128/2412/2370 1129/2414/2372
f 1025/2413/2371 1129/2414/2372 1026/2415/2373
f 1026/2415/2373 1129/2414/2372 1130/2416/2374
f 1026/2415/2373 1130/2416/2374 1027/2417/2375
f 1027/2417/2375 1130/2416/2374 1131/2418/2376
f 1027/2417/2375 1131/2418/2376 1028/2419/2377
f 1028/2419/2377 1131/2418/2376 1132/2420/2378
f 1028/2419/2377 1132/2420/2378 1029/2421/2379
f 1029/2421/2379 1132/2420/2378 1133/2422/2380
f 1029/2421/2379 1133/2422/2380 1030/2423/2381
f 1030/2423/2381 1133/2422/2380 1134/2424/2382
f 1030/2423/2381 1134/2424/2382 1031/2425/2383
f 1031/2425/2383 1134/2424/2382 1135/2426/2384
f 1031/2425/2383 1135/2426/2384 1032/2373/2333
f 1032/2373/2333 1135/2426/2384 1136/2374/2334
f 1058/2427/2385 1162/2428/2386 1033/2429/2387
f 1033/2429/2387 1162/2428/2386 1137/2430/2388
f 1033/2429/2387 1137/2430/2388 1034/2431/2389
f 1034/2431/2389 1137/2430/2388 1138/2432/2390
f 1034/2431/2389 1138/2432/2390 1035/2433/2391
f 1035/2433/2391 1138/2432/2390 1139/2434/2392
f 1035/2433/2391 1139/2434/2392 1036/2435/2393
f 1036/2435/2393 1139/2434/2392 1140/2436/2394
f 1036/2435/2393 1140/2436/2394 1037/2437/2395
f 1037/2437/2395 1140/2436/2394 1141/2438/2396
f 1037/2437/2395 1141/2438/2396 1038/2439/2397
f 1038/2439/2397 1141/2438/2396 1142/2440/2398
f 1038/2439/2397 1142/2440/2398 1039/2441/2399
f 1039/2441/2399 1142/2440/2398 1143/2442/2400
f 1039/2441/2399 1143/2442/2400 1040/2443/2401
f 1040/2443/2401 1143/2442/2400 1144/2444/2402
f 1040/2443/2401 1144/2444/2402 1041/2445/2403
f 1041/2445/2403 1144/2444/2402 1145/2446/2404
f 1041/2445/2403 1145/2446/2404 1042/2447/2405
f 1042/2447/2405 1145/2446/2404 1146/2448/2406
f 1042/2447/2405 1146/2448/2406 1043/2449/2407
f 1043/2449/2407 1146/2448/2406 1147/2450/2408
f 1043/2449/2407 1147/2450/2408 1044/2451/2409
f 1044/2451/2409 1147/2450/2408 1148/2452/2410
f 1044/2451/2409 1148/2452/2410 1045/2453/2411
f 1045/2453/2411 1148/2452/2410 1149/2454/2412
f 1045/2453/2411 1149/2454/2412 1046/2455/2413
f 1046/2455/2413 1149/2454/2412 1150/2456/2414
f 1046/2457/2413 1150/2458/2414 1047/2459/2415
f 1047/2459/2415 1150/2458/2414 1151/2460/2416
f 1047/2459/2415 1151/2460/2416 1048/2461/2417
f 1048/2461/2417 1151/2460/2416 1152/2462/2418
f 1048/2461/2417 1152/2462/2418 1049/2463/2419
f 1049/2463/2419 1152/2462/2418 1153/2464/2420
f 1049/2463/2419 1153/2464/2420 1050/2465/2421
f 1050/2465/2421 1153/2464/2420 1154/2466/2422
f 1050/2465/2421 1154/2466/2422 1051/2467/2423
f 1051/2467/2423 1154/2466/2422 1155/2468/2424
f 1051/2467/2423 1155/2468/2424 1052/2469/2425
f 1052/2469/2425 1155/2468/2424 1156/2470/2426
f 1052/2469/2425 1156/2470/2426 1053/2471/2427
f 1053/2471/2427 1156/2470/2426 1157/2472/2428
f 1053/2471/2427 1157/2472/2428 1054/2473/2429
f 1054/2473/2429 1157/2472/2428 1158/2474/2430
f 1054/2473/2429 1158/2474/2430 1055/2475/2431
f 1055/2475/2431 1158/2474/2430 1159/2476/2432
f 1055/2475/2431 1159/2476/2432 1056/2477/2433
f 1056/2477/2433 1159/2476/2432 1160/2478/2434
f 1056/2477/2433 1160/2478/2434 1057/2479/2435
f 1057/2479/2435 1160/2478/2434 1161/2480/2436
f 1057/2479/2435 1161/2480/2436 1058/2427/2385
f 1058/2427/2385 1161/2480/2436 1162/2428/2386
f 1084/2481/2437 1073/2482/2438 1059/2483/2439
f 1059/2483/2439 1073/2482/2438 1072/2484/2440
f 1059/2483/2439 1072/2484/2440 1060/2485/2441
f 1060/2485/2441 1072/2484/2440 1071/2486/2442
f 1060/2485/2441 1071/2486/2442 1061/2487/2443
f 1061/2487/2443 1071/2486/2442 1070/2488/2444
f 1061/2487/2443 1070/2488/2444 1062/2489/2445
f 1062/2489/2445 1070/2488/2444 1069/2490/2446
f 1062/2489/2445 1069/2490/2446 1063/2491/2447
f 1063/2491/2447 1069/2490/2446 1068/2492/2448
f 1063/2491/2447 1068/2492/2448 1064/2493/2449
f 1064/2493/2449 1068/2492/2448 1067/2494/2450
f 1064/2493/2449 1067/2494/2450 1065/2495/2451
f 1065/2495/2451 1067/2494/2450 1066/2496/2452
f 1073/2482/2438 1084/2481/2437 1074/2497/2453
f 1074/2497/2453 1084/2481/2437 1083/2498/2454
f 1074/2497/2453 1083/2498/2454 1075/2499/2455
f 1075/2499/2455 1083/2498/2454 1082/2500/2456
f 1075/2499/2455 1082/2500/2456 1076/2501/2457
f 1076/2501/2457 1082/2500/2456 1081/2502/2458
f 1076/2501/2457 1081/2502/2458 1077/2503/2459
f 1077/2503/2459 1081/2502/2458 1080/2504/2460
f 1077/2503/2459 1080/2504/2460 1078/2505/2461
f 1078/2505/2461 1080/2504/2460 1079/2506/2462
f 1110/2507/2463 1099/2508/2464 1085/2509/2465
f 1085/2509/2465 1099/2508/2464 1098/2510/2466
f 1085/2509/2465 1098/2510/2466 1086/2511/2467
f 1086/2511/2467 1098/2510/2466 1097/2512/2468
f 1086/2511/2467 1097/2512/2468 1087/2513/2469
f 1087/2513/2469 1097/2512/2468 1096/2514/2470
f 1087/2513/2469 1096/2514/2470 1088/2515/2471
f 1088/2515/2471 1096/2514/2470 1095/2516/2472
f 1088/2515/2471 1095/2516/2472 1089/2517/2473
f 1089/2517/2473 1095/2516/2472 1094/2518/2474
f 1089/2517/2473 1094/2518/2474 1090/2519/2475
f 1090/2519/2475 1094/2518/2474 1093/2520/2476
f 1090/2519/2475 1093/2520/2476 1091/2521/2477
f 1091/2521/2477 1093/2520/2476 1092/2522/2478
f 1099/2508/2464 1110/2507/2463 1100/2523/2479
f 1100/2523/2479 1110/2507/2463 1109/2524/2480
f 1100/2523/2479 1109/2524/2480 1101/2525/2481
f 1101/2525/2481 1109/2524/2480 1108/2526/2482
f 1101/2525/2481 1108/2526/2482 1102/2527/2483
f 1102/2527/2483 1108/2526/2482 1107/2528/2484
f 1102/2527/2483 1107/2528/2484 1103/2529/2485
f 1103/2529/2485 1107/2528/2484 1106/2530/2486
f 1103/2529/2485 1106/2530/2486 1104/2531/2487
f 1104/2531/2487 1106/2530/2486 1105/2532/2488
f 1136/2533/2489 1125/2534/2490 1111/2535/2491
f 1111/2535/2491 1125/2534/2490 1124/2536/2492
f 1111/2535/2491 1124/2536/2492 1112/2537/2493
f 1112/2537/2493 1124/2536/2492 1123/2538/2494
f 1112/2537/2493 1123/2538/2494 1113/2539/2495
f 1113/2539/2495 1123/2538/2494 1122/2540/2496
f 1113/2539/2495 1122/2540/2496 1114/2541/2497
f 1114/2541/2497 1122/2540/2496 1121/2542/2498
f 1114/2541/2497 1121/2542/2498 1115/2543/2499
f 1115/2543/2499 1121/2542/2498 1120/2544/2500
f 1115/2543/2499 1120/2544/2500 1116/2545/2501
f 1116/2545/2501 1120/2544/2500 1119/2546/2502
f 1116/2545/2501 1119/2546/2502 1117/2547/2503
f 1117/2547/2503 1119/2546/2502 1118/2548/2504
f 1125/2534/2490 1136/2533/2489 1126/2549/2505
f 1126/2549/2505 1136/2533/2489 1135/2550/2506
f 1126/2549/2505 1135/2550/2506 1127/2551/2507
f 1127/2551/2507 1135/2550/2506 1134/2552/2508
f 1127/2551/2507 1134/2552/2508 1128/2553/2509
f 1128/2553/2509 1134/2552/2508 1133/2554/2510
f 1128/2553/2509 1133/2554/2510 1129/2555/2511
f 1129/2555/2511 1133/2554/2510 1132/2556/2512
f 1129/2555/2511 1132/2556/2512 1130/2557/2513
f 1130/2557/2513 1132/2556/2512 1131/2558/2514
f 1162/2559/2515 1151/2560/2516 1137/2561/2517
f 1137/2561/2517 1151/2560/2516 1150/2562/2518
f 1137/2561/2517 1150/2562/2518 1138/2563/2519
f 1138/2563/2519 1150/2562/2518 1149/2564/2520
f 1138/2563/2519 1149/2564/2520 1139/2565/2521
f 1139/2565/2521 1149/2564/2520 1148/2566/2522
f 1139/2565/2521 1148/2566/2522 1140/2567/2523
f 1140/2567/2523 1148/2566/2522 1147/2568/2524
f 1140/2567/2523 1147/2568/2524 1141/2569/2525
f 1141/2569/2525 1147/2568/2524 1146/2570/2526
f 1141/2569/2525 1146/2570/2526 1142/2571/2527
f 1142/2571/2527 1146/2570/2526 1145/2572/2528
f 1142/2571/2527 1145/2572/2528 1143/2573/2529
f 1143/2573/2529 1145/2572/2528 1144/2574/2530
f 1151/2560/2516 1162/2559/2515 1152/2575/2531
f 1152/2575/2531 1162/2559/2515 1161/2576/2532
f 1152/2575/2531 1161/2576/2532 1153/2577/2533
f 1153/2577/2533 1161/2576/2532 1160/2578/2534
f 1153/2577/2533 1160/2578/2534 1154/2579/2535
f 1154/2579/2535 1160/2578/2534 1159/2580/2536
f 1154/2579/2535 1159/2580/2536 1155/2581/2537
f 1155/2581/2537 1159/2580/2536 1158/2582/2538
f 1155/2581/2537 1158/2582/2538 1156/2583/2539
f 1156/2583/2539 1158/2582/2538 1157/2584/2540
# 1162 vertices
# 2584 texture params
# 2540 normals
# 2328 facets

# 1 groups
