# WaveFront *.obj file (generated by Autodesk ATF)

mtllib 04_gopro_adapter.mtl

g Body1

v -10.456958 5.458737 4.268326
v -10.456958 5.458737 5.668326
v -10.456958 5.858737 5.668326
v -10.456958 5.858737 4.268326
v -7.456958 5.458737 4.268326
v -7.456958 5.458737 5.668326
v -9.786958 5.458737 5.168326
v -9.790225 5.458737 5.135161
v -9.799898 5.458737 5.103270
v -9.815608 5.458737 5.073879
v -9.836750 5.458737 5.048118
v -9.862511 5.458737 5.026977
v -9.891902 5.458737 5.011267
v -9.923793 5.458737 5.001593
v -9.956958 5.458737 4.998326
v -9.990123 5.458737 5.001593
v -10.022014 5.458737 5.011267
v -10.051405 5.458737 5.026977
v -10.077166 5.458737 5.048118
v -10.098308 5.458737 5.073879
v -10.114018 5.458737 5.103270
v -10.123692 5.458737 5.135161
v -10.126958 5.458737 5.168326
v -10.123692 5.458737 5.201492
v -10.114018 5.458737 5.233383
v -10.098308 5.458737 5.262773
v -10.077166 5.458737 5.288535
v -10.051405 5.458737 5.309676
v -10.022014 5.458737 5.325386
v -9.990123 5.458737 5.335060
v -9.956958 5.458737 5.338326
v -9.923793 5.458737 5.335060
v -9.891902 5.458737 5.325386
v -9.862511 5.458737 5.309676
v -9.836750 5.458737 5.288535
v -9.815608 5.458737 5.262773
v -9.799898 5.458737 5.233383
v -9.790225 5.458737 5.201492
v -9.456958 5.458737 5.368326
v -8.456958 5.458737 5.368326
v -8.456958 5.458737 4.968326
v -9.456958 5.458737 4.968326
v -7.786958 5.458737 5.168326
v -7.790225 5.458737 5.135161
v -7.799898 5.458737 5.103270
v -7.815608 5.458737 5.073879
v -7.836750 5.458737 5.048118
v -7.862511 5.458737 5.026977
v -7.891902 5.458737 5.011267
v -7.923793 5.458737 5.001593
v -7.956958 5.458737 4.998326
v -7.990123 5.458737 5.001593
v -8.022014 5.458737 5.011267
v -8.051405 5.458737 5.026977
v -8.077166 5.458737 5.048118
v -8.098308 5.458737 5.073879
v -8.114018 5.458737 5.103270
v -8.123692 5.458737 5.135161
v -8.126958 5.458737 5.168326
v -8.123692 5.458737 5.201492
v -8.114018 5.458737 5.233383
v -8.098308 5.458737 5.262773
v -8.077166 5.458737 5.288535
v -8.051405 5.458737 5.309676
v -8.022014 5.458737 5.325386
v -7.990123 5.458737 5.335060
v -7.956958 5.458737 5.338326
v -7.923793 5.458737 5.335060
v -7.891902 5.458737 5.325386
v -7.862511 5.458737 5.309676
v -7.836750 5.458737 5.288535
v -7.815608 5.458737 5.262773
v -7.799898 5.458737 5.233383
v -7.790225 5.458737 5.201492
v -10.456958 5.458737 6.068326
v -10.456958 5.858737 6.068326
v -7.456958 5.858737 5.668326
v -7.456958 5.858737 4.268326
v -9.786958 5.858737 5.168326
v -9.790225 5.858737 5.201492
v -9.799898 5.858737 5.233383
v -9.815608 5.858737 5.262773
v -9.836750 5.858737 5.288535
v -9.862511 5.858737 5.309676
v -9.891902 5.858737 5.325386
v -9.923793 5.858737 5.335060
v -9.956958 5.858737 5.338326
v -9.990123 5.858737 5.335060
v -10.022014 5.858737 5.325386
v -10.051405 5.858737 5.309676
v -10.077166 5.858737 5.288535
v -10.098308 5.858737 5.262773
v -10.114018 5.858737 5.233383
v -10.123692 5.858737 5.201492
v -10.126958 5.858737 5.168326
v -10.123692 5.858737 5.135161
v -10.114018 5.858737 5.103270
v -10.098308 5.858737 5.073879
v -10.077166 5.858737 5.048118
v -10.051405 5.858737 5.026977
v -10.022014 5.858737 5.011267
v -9.990123 5.858737 5.001593
v -9.956958 5.858737 4.998326
v -9.923793 5.858737 5.001593
v -9.891902 5.858737 5.011267
v -9.862511 5.858737 5.026977
v -9.836750 5.858737 5.048118
v -9.815608 5.858737 5.073879
v -9.799898 5.858737 5.103270
v -9.790225 5.858737 5.135161
v -7.786958 5.858737 5.168326
v -7.790225 5.858737 5.201492
v -7.799898 5.858737 5.233383
v -7.815608 5.858737 5.262773
v -7.836750 5.858737 5.288535
v -7.862511 5.858737 5.309676
v -7.891902 5.858737 5.325386
v -7.923793 5.858737 5.335060
v -7.956958 5.858737 5.338326
v -7.990123 5.858737 5.335060
v -8.022014 5.858737 5.325386
v -8.051405 5.858737 5.309676
v -8.077166 5.858737 5.288535
v -8.098308 5.858737 5.262773
v -8.114018 5.858737 5.233383
v -8.123692 5.858737 5.201492
v -8.126958 5.858737 5.168326
v -8.123692 5.858737 5.135161
v -8.114018 5.858737 5.103270
v -8.098308 5.858737 5.073879
v -8.077166 5.858737 5.048118
v -8.051405 5.858737 5.026977
v -8.022014 5.858737 5.011267
v -7.990123 5.858737 5.001593
v -7.956958 5.858737 4.998326
v -7.923793 5.858737 5.001593
v -7.891902 5.858737 5.011267
v -7.862511 5.858737 5.026977
v -7.836750 5.858737 5.048118
v -7.815608 5.858737 5.073879
v -7.799898 5.858737 5.103270
v -7.790225 5.858737 5.135161
v -7.456958 5.458737 6.068326
v -8.481958 5.458737 6.068326
v -8.481958 5.458737 6.028326
v -9.431958 5.458737 6.028326
v -9.431958 5.458737 6.068326
v -9.456958 5.308737 5.368326
v -8.456958 5.308737 5.368326
v -9.456958 5.308737 4.968326
v -8.456958 5.308737 4.968326
v -9.431958 5.708737 6.068326
v -9.431958 5.858737 6.068326
v -10.456958 7.458737 6.068326
v -10.456958 7.458737 5.668326
v -7.456958 7.458737 5.668326
v -7.456958 5.858737 6.068326
v -8.481958 5.708737 6.068326
v -8.481958 5.858737 6.068326
v -9.431958 7.208737 6.068326
v -9.431958 7.458737 6.068326
v -9.431958 5.708737 6.428326
v -9.431958 6.458737 6.428326
v -9.431958 7.208737 6.428326
v -9.431958 5.458737 6.428326
v -7.456958 7.458737 6.068326
v -9.431958 7.458737 6.028326
v -8.481958 7.458737 6.028326
v -8.481958 7.458737 6.068326
v -8.481958 5.708737 6.428326
v -8.481958 5.458737 6.428326
v -8.481958 6.458737 6.428326
v -8.481958 7.208737 6.068326
v -8.481958 7.208737 6.428326
v -9.431958 7.458737 6.428326
v -9.431958 5.708737 7.178326
v -9.431958 5.711937 7.109125
v -9.431958 5.721508 7.040514
v -9.431958 5.737368 6.973079
v -9.431958 5.759383 6.907395
v -9.431958 5.787365 6.844023
v -9.431958 5.821075 6.783502
v -9.431958 5.860225 6.726350
v -9.431958 5.904481 6.673055
v -9.431958 5.953466 6.624070
v -9.431958 6.006761 6.579813
v -9.431958 6.063913 6.540664
v -9.431958 6.124434 6.506954
v -9.431958 6.187806 6.478972
v -9.431958 6.253490 6.456957
v -9.431958 6.320925 6.441097
v -9.431958 6.389536 6.431526
v -9.431958 6.527939 6.431526
v -9.431958 6.596550 6.441097
v -9.431958 6.663985 6.456957
v -9.431958 6.729669 6.478972
v -9.431958 6.793041 6.506954
v -9.431958 6.853562 6.540664
v -9.431958 6.910713 6.579813
v -9.431958 6.964009 6.624070
v -9.431958 7.012994 6.673055
v -9.431958 7.057250 6.726350
v -9.431958 7.096400 6.783502
v -9.431958 7.130110 6.844023
v -9.431958 7.158092 6.907395
v -9.431958 7.180107 6.973079
v -9.431958 7.195967 7.040514
v -9.431958 7.205538 7.109125
v -9.431958 7.208737 7.178326
v -8.781958 5.708737 6.428326
v -8.781958 6.458737 6.428326
v -8.781958 7.208737 6.428326
v -8.481958 7.458737 6.428326
v -9.131958 7.208737 6.428326
v -9.131958 6.458737 6.428326
v -9.131958 5.708737 6.428326
v -8.481958 6.389536 6.431526
v -8.481958 6.320925 6.441097
v -8.481958 6.253490 6.456957
v -8.481958 6.187806 6.478972
v -8.481958 6.124434 6.506954
v -8.481958 6.063913 6.540664
v -8.481958 6.006761 6.579813
v -8.481958 5.953466 6.624070
v -8.481958 5.904481 6.673055
v -8.481958 5.860225 6.726350
v -8.481958 5.821075 6.783502
v -8.481958 5.787365 6.844023
v -8.481958 5.759383 6.907395
v -8.481958 5.737368 6.973079
v -8.481958 5.721508 7.040514
v -8.481958 5.711937 7.109125
v -8.481958 5.708737 7.178326
v -8.481958 7.208737 7.178326
v -8.481958 7.205538 7.109125
v -8.481958 7.195967 7.040514
v -8.481958 7.180107 6.973079
v -8.481958 7.158092 6.907395
v -8.481958 7.130110 6.844023
v -8.481958 7.096400 6.783502
v -8.481958 7.057250 6.726350
v -8.481958 7.012994 6.673055
v -8.481958 6.964009 6.624070
v -8.481958 6.910713 6.579813
v -8.481958 6.853562 6.540664
v -8.481958 6.793041 6.506954
v -8.481958 6.729669 6.478972
v -8.481958 6.663985 6.456957
v -8.481958 6.596550 6.441097
v -8.481958 6.527939 6.431526
v -9.431958 6.193737 7.178326
v -9.431958 6.197000 7.136871
v -9.431958 6.206707 7.096437
v -9.431958 6.222621 7.058019
v -9.431958 6.244348 7.022563
v -9.431958 6.271354 6.990943
v -9.431958 6.302974 6.963937
v -9.431958 6.338430 6.942210
v -9.431958 6.376848 6.926296
v -9.431958 6.417282 6.916589
v -9.431958 6.458737 6.913326
v -9.431958 6.500193 6.916589
v -9.431958 6.540627 6.926296
v -9.431958 6.579045 6.942210
v -9.431958 6.614501 6.963937
v -9.431958 6.646121 6.990943
v -9.431958 6.673127 7.022563
v -9.431958 6.694854 7.058019
v -9.431958 6.710767 7.096437
v -9.431958 6.720475 7.136871
v -9.431958 6.723737 7.178326
v -9.131958 5.708737 7.178326
v -9.131958 7.208737 7.178326
v -9.131958 6.389536 6.431526
v -9.131958 6.320925 6.441097
v -9.131958 6.253490 6.456957
v -9.131958 6.187806 6.478972
v -9.131958 6.124434 6.506954
v -9.131958 6.063913 6.540664
v -9.131958 6.006761 6.579813
v -9.131958 5.953466 6.624070
v -9.131958 5.904481 6.673055
v -9.131958 5.860225 6.726350
v -9.131958 5.821075 6.783502
v -9.131958 5.787365 6.844023
v -9.131958 5.759383 6.907395
v -9.131958 5.737368 6.973079
v -9.131958 5.721508 7.040514
v -9.131958 5.711937 7.109125
v -9.131958 7.205538 7.109125
v -9.131958 7.195967 7.040514
v -9.131958 7.180107 6.973079
v -9.131958 7.158092 6.907395
v -9.131958 7.130110 6.844023
v -9.131958 7.096400 6.783502
v -9.131958 7.057250 6.726350
v -9.131958 7.012994 6.673055
v -9.131958 6.964009 6.624070
v -9.131958 6.910713 6.579813
v -9.131958 6.853562 6.540664
v -9.131958 6.793041 6.506954
v -9.131958 6.729669 6.478972
v -9.131958 6.663985 6.456957
v -9.131958 6.596550 6.441097
v -9.131958 6.527939 6.431526
v -8.781958 7.208737 7.178326
v -8.781958 6.527939 6.431526
v -8.781958 6.596550 6.441097
v -8.781958 6.663985 6.456957
v -8.781958 6.729669 6.478972
v -8.781958 6.793041 6.506954
v -8.781958 6.853562 6.540664
v -8.781958 6.910713 6.579813
v -8.781958 6.964009 6.624070
v -8.781958 7.012994 6.673055
v -8.781958 7.057250 6.726350
v -8.781958 7.096400 6.783502
v -8.781958 7.130110 6.844023
v -8.781958 7.158092 6.907395
v -8.781958 7.180107 6.973079
v -8.781958 7.195967 7.040514
v -8.781958 7.205538 7.109125
v -8.781958 5.708737 7.178326
v -8.781958 5.711937 7.109125
v -8.781958 5.721508 7.040514
v -8.781958 5.737368 6.973079
v -8.781958 5.759383 6.907395
v -8.781958 5.787365 6.844023
v -8.781958 5.821075 6.783502
v -8.781958 5.860225 6.726350
v -8.781958 5.904481 6.673055
v -8.781958 5.953466 6.624070
v -8.781958 6.006761 6.579813
v -8.781958 6.063913 6.540664
v -8.781958 6.124434 6.506954
v -8.781958 6.187806 6.478972
v -8.781958 6.253490 6.456957
v -8.781958 6.320925 6.441097
v -8.781958 6.389536 6.431526
v -8.481958 6.193737 7.178326
v -8.481958 6.723737 7.178326
v -8.481958 6.720475 7.136871
v -8.481958 6.710767 7.096437
v -8.481958 6.694854 7.058019
v -8.481958 6.673127 7.022563
v -8.481958 6.646121 6.990943
v -8.481958 6.614501 6.963937
v -8.481958 6.579045 6.942210
v -8.481958 6.540627 6.926296
v -8.481958 6.500193 6.916589
v -8.481958 6.458737 6.913326
v -8.481958 6.417282 6.916589
v -8.481958 6.376848 6.926296
v -8.481958 6.338430 6.942210
v -8.481958 6.302974 6.963937
v -8.481958 6.271354 6.990943
v -8.481958 6.244348 7.022563
v -8.481958 6.222621 7.058019
v -8.481958 6.206707 7.096437
v -8.481958 6.197000 7.136871
v -9.431958 5.711937 7.247528
v -9.431958 5.721508 7.316139
v -9.431958 5.737368 7.383574
v -9.431958 5.759383 7.449258
v -9.431958 5.787365 7.512630
v -9.431958 5.821075 7.573151
v -9.431958 5.860225 7.630302
v -9.431958 5.904481 7.683598
v -9.431958 5.953466 7.732583
v -9.431958 6.006761 7.776839
v -9.431958 6.063913 7.815989
v -9.431958 6.124434 7.849699
v -9.431958 6.187806 7.877681
v -9.431958 6.253490 7.899696
v -9.431958 6.320925 7.915556
v -9.431958 6.389536 7.925127
v -9.431958 6.458737 7.928326
v -9.431958 6.527939 7.925127
v -9.431958 6.596550 7.915556
v -9.431958 6.663985 7.899696
v -9.431958 6.729669 7.877681
v -9.431958 6.793041 7.849699
v -9.431958 6.853562 7.815989
v -9.431958 6.910713 7.776839
v -9.431958 6.964009 7.732583
v -9.431958 7.012994 7.683598
v -9.431958 7.057250 7.630302
v -9.431958 7.096400 7.573151
v -9.431958 7.130110 7.512630
v -9.431958 7.158092 7.449258
v -9.431958 7.180107 7.383574
v -9.431958 7.195967 7.316139
v -9.431958 7.205538 7.247528
v -9.431958 6.720475 7.219782
v -9.431958 6.710767 7.260216
v -9.431958 6.694854 7.298634
v -9.431958 6.673127 7.334090
v -9.431958 6.646121 7.365710
v -9.431958 6.614501 7.392716
v -9.431958 6.579045 7.414443
v -9.431958 6.540627 7.430356
v -9.431958 6.500193 7.440064
v -9.431958 6.458737 7.443326
v -9.431958 6.417282 7.440064
v -9.431958 6.376848 7.430356
v -9.431958 6.338430 7.414443
v -9.431958 6.302974 7.392716
v -9.431958 6.271354 7.365710
v -9.431958 6.244348 7.334090
v -9.431958 6.222621 7.298634
v -9.431958 6.206707 7.260216
v -9.431958 6.197000 7.219782
v -9.131958 6.193737 7.178326
v -9.131958 6.197000 7.136871
v -9.131958 6.206707 7.096437
v -9.131958 6.222621 7.058019
v -9.131958 6.244348 7.022563
v -9.131958 6.271354 6.990943
v -9.131958 6.302974 6.963937
v -9.131958 6.338430 6.942210
v -9.131958 6.376848 6.926296
v -9.131958 6.417282 6.916589
v -9.131958 6.458737 6.913326
v -9.131958 6.500193 6.916589
v -9.131958 6.540627 6.926296
v -9.131958 6.579045 6.942210
v -9.131958 6.614501 6.963937
v -9.131958 6.646121 6.990943
v -9.131958 6.673127 7.022563
v -9.131958 6.694854 7.058019
v -9.131958 6.710767 7.096437
v -9.131958 6.720475 7.136871
v -9.131958 6.723737 7.178326
v -9.131958 6.720475 7.219782
v -9.131958 6.710767 7.260216
v -9.131958 6.694854 7.298634
v -9.131958 6.673127 7.334090
v -9.131958 6.646121 7.365710
v -9.131958 6.614501 7.392716
v -9.131958 6.579045 7.414443
v -9.131958 6.540627 7.430356
v -9.131958 6.500193 7.440064
v -9.131958 6.458737 7.443326
v -9.131958 6.417282 7.440064
v -9.131958 6.376848 7.430356
v -9.131958 6.338430 7.414443
v -9.131958 6.302974 7.392716
v -9.131958 6.271354 7.365710
v -9.131958 6.244348 7.334090
v -9.131958 6.222621 7.298634
v -9.131958 6.206707 7.260216
v -9.131958 6.197000 7.219782
v -9.131958 5.711937 7.247528
v -9.131958 5.721508 7.316139
v -9.131958 5.737368 7.383574
v -9.131958 5.759383 7.449258
v -9.131958 5.787365 7.512630
v -9.131958 5.821075 7.573151
v -9.131958 5.860225 7.630302
v -9.131958 5.904481 7.683598
v -9.131958 5.953466 7.732583
v -9.131958 6.006761 7.776839
v -9.131958 6.063913 7.815989
v -9.131958 6.124434 7.849699
v -9.131958 6.187806 7.877681
v -9.131958 6.253490 7.899696
v -9.131958 6.320925 7.915556
v -9.131958 6.389536 7.925127
v -9.131958 6.458737 7.928326
v -9.131958 6.527939 7.925127
v -9.131958 6.596550 7.915556
v -9.131958 6.663985 7.899696
v -9.131958 6.729669 7.877681
v -9.131958 6.793041 7.849699
v -9.131958 6.853562 7.815989
v -9.131958 6.910713 7.776839
v -9.131958 6.964009 7.732583
v -9.131958 7.012994 7.683598
v -9.131958 7.057250 7.630302
v -9.131958 7.096400 7.573151
v -9.131958 7.130110 7.512630
v -9.131958 7.158092 7.449258
v -9.131958 7.180107 7.383574
v -9.131958 7.195967 7.316139
v -9.131958 7.205538 7.247528
v -8.481958 5.711937 7.247528
v -8.481958 5.721508 7.316139
v -8.481958 5.737368 7.383574
v -8.481958 5.759383 7.449258
v -8.481958 5.787365 7.512630
v -8.481958 5.821075 7.573151
v -8.481958 5.860225 7.630302
v -8.481958 5.904481 7.683598
v -8.481958 5.953466 7.732583
v -8.481958 6.006761 7.776839
v -8.481958 6.063913 7.815989
v -8.481958 6.124434 7.849699
v -8.481958 6.187806 7.877681
v -8.481958 6.253490 7.899696
v -8.481958 6.320925 7.915556
v -8.481958 6.389536 7.925127
v -8.481958 6.458737 7.928326
v -8.481958 6.527939 7.925127
v -8.481958 6.596550 7.915556
v -8.481958 6.663985 7.899696
v -8.481958 6.729669 7.877681
v -8.481958 6.793041 7.849699
v -8.481958 6.853562 7.815989
v -8.481958 6.910713 7.776839
v -8.481958 6.964009 7.732583
v -8.481958 7.012994 7.683598
v -8.481958 7.057250 7.630302
v -8.481958 7.096400 7.573151
v -8.481958 7.130110 7.512630
v -8.481958 7.158092 7.449258
v -8.481958 7.180107 7.383574
v -8.481958 7.195967 7.316139
v -8.481958 7.205538 7.247528
v -8.781958 7.205538 7.247528
v -8.781958 7.195967 7.316139
v -8.781958 7.180107 7.383574
v -8.781958 7.158092 7.449258
v -8.781958 7.130110 7.512630
v -8.781958 7.096400 7.573151
v -8.781958 7.057250 7.630302
v -8.781958 7.012994 7.683598
v -8.781958 6.964009 7.732583
v -8.781958 6.910713 7.776839
v -8.781958 6.853562 7.815989
v -8.781958 6.793041 7.849699
v -8.781958 6.729669 7.877681
v -8.781958 6.663985 7.899696
v -8.781958 6.596550 7.915556
v -8.781958 6.527939 7.925127
v -8.781958 6.458737 7.928326
v -8.781958 6.389536 7.925127
v -8.781958 6.320925 7.915556
v -8.781958 6.253490 7.899696
v -8.781958 6.187806 7.877681
v -8.781958 6.124434 7.849699
v -8.781958 6.063913 7.815989
v -8.781958 6.006761 7.776839
v -8.781958 5.953466 7.732583
v -8.781958 5.904481 7.683598
v -8.781958 5.860225 7.630302
v -8.781958 5.821075 7.573151
v -8.781958 5.787365 7.512630
v -8.781958 5.759383 7.449258
v -8.781958 5.737368 7.383574
v -8.781958 5.721508 7.316139
v -8.781958 5.711937 7.247528
v -8.781958 6.193737 7.178326
v -8.781958 6.197000 7.136871
v -8.781958 6.206707 7.096437
v -8.781958 6.222621 7.058019
v -8.781958 6.244348 7.022563
v -8.781958 6.271354 6.990943
v -8.781958 6.302974 6.963937
v -8.781958 6.338430 6.942210
v -8.781958 6.376848 6.926296
v -8.781958 6.417282 6.916589
v -8.781958 6.458737 6.913326
v -8.781958 6.500193 6.916589
v -8.781958 6.540627 6.926296
v -8.781958 6.579045 6.942210
v -8.781958 6.614501 6.963937
v -8.781958 6.646121 6.990943
v -8.781958 6.673127 7.022563
v -8.781958 6.694854 7.058019
v -8.781958 6.710767 7.096437
v -8.781958 6.720475 7.136871
v -8.781958 6.723737 7.178326
v -8.481958 6.197000 7.219782
v -8.481958 6.206707 7.260216
v -8.481958 6.222621 7.298634
v -8.481958 6.244348 7.334090
v -8.481958 6.271354 7.365710
v -8.481958 6.302974 7.392716
v -8.481958 6.338430 7.414443
v -8.481958 6.376848 7.430356
v -8.481958 6.417282 7.440064
v -8.481958 6.458737 7.443326
v -8.481958 6.500193 7.440064
v -8.481958 6.540627 7.430356
v -8.481958 6.579045 7.414443
v -8.481958 6.614501 7.392716
v -8.481958 6.646121 7.365710
v -8.481958 6.673127 7.334090
v -8.481958 6.694854 7.298634
v -8.481958 6.710767 7.260216
v -8.481958 6.720475 7.219782
v -8.781958 6.197000 7.219782
v -8.781958 6.206707 7.260216
v -8.781958 6.222621 7.298634
v -8.781958 6.244348 7.334090
v -8.781958 6.271354 7.365710
v -8.781958 6.302974 7.392716
v -8.781958 6.338430 7.414443
v -8.781958 6.376848 7.430356
v -8.781958 6.417282 7.440064
v -8.781958 6.458737 7.443326
v -8.781958 6.500193 7.440064
v -8.781958 6.540627 7.430356
v -8.781958 6.579045 7.414443
v -8.781958 6.614501 7.392716
v -8.781958 6.646121 7.365710
v -8.781958 6.673127 7.334090
v -8.781958 6.694854 7.298634
v -8.781958 6.710767 7.260216
v -8.781958 6.720475 7.219782
vt -0.000000 0.000000 0.000000
vt -1.400000 -0.000000 0.000000
vt 0.000000 -0.400000 0.000000
vt -1.400000 -0.400000 0.000000
vt -1.400000 3.000000 0.000000
vt -0.866835 2.666733 0.000000
vt -0.000000 3.000000 0.000000
vt -0.834944 2.657060 0.000000
vt -0.805553 2.641350 0.000000
vt -1.400000 0.000000 0.000000
vt -1.100000 2.000000 0.000000
vt -1.066733 2.466835 0.000000
vt -1.070000 2.500000 0.000000
vt -0.000000 0.000000 0.000000
vt -0.866835 0.333267 0.000000
vt -0.900000 0.330000 0.000000
vt -0.933165 0.333267 0.000000
vt -0.700000 2.000000 0.000000
vt -0.700000 1.000000 0.000000
vt -0.730000 0.500000 0.000000
vt -0.733267 0.533165 0.000000
vt -0.742940 0.565056 0.000000
vt -0.758650 0.594447 0.000000
vt -0.779792 0.620208 0.000000
vt -0.805553 0.641350 0.000000
vt -0.834944 0.657060 0.000000
vt -0.866835 0.666733 0.000000
vt -0.900000 0.670000 0.000000
vt -1.100000 1.000000 0.000000
vt -0.933165 0.666733 0.000000
vt -0.965056 0.657060 0.000000
vt -0.994447 0.641350 0.000000
vt -1.020208 0.620208 0.000000
vt -1.041350 0.594447 0.000000
vt -1.057060 0.565056 0.000000
vt -1.066733 0.533165 0.000000
vt -1.070000 0.500000 0.000000
vt -1.066733 0.466835 0.000000
vt -1.057060 0.434944 0.000000
vt -1.041350 0.405553 0.000000
vt -1.020208 0.379792 0.000000
vt -0.994447 0.358650 0.000000
vt -0.965056 0.342940 0.000000
vt -0.733267 0.466835 0.000000
vt -0.742940 0.434944 0.000000
vt -0.758650 0.405553 0.000000
vt -0.779792 0.379792 0.000000
vt -0.805553 0.358650 0.000000
vt -0.834944 0.342940 0.000000
vt -0.900000 2.330000 0.000000
vt -0.933165 2.333267 0.000000
vt -0.965056 2.342940 0.000000
vt -0.933165 2.666733 0.000000
vt -0.900000 2.670000 0.000000
vt -0.779792 2.620208 0.000000
vt -0.758650 2.594447 0.000000
vt -0.742940 2.565056 0.000000
vt -0.733267 2.533165 0.000000
vt -0.730000 2.500000 0.000000
vt -0.733267 2.466835 0.000000
vt -0.742940 2.434944 0.000000
vt -0.758650 2.405553 0.000000
vt -0.779792 2.379792 0.000000
vt -0.805553 2.358650 0.000000
vt -0.834944 2.342940 0.000000
vt -0.866835 2.333267 0.000000
vt -0.994447 2.358650 0.000000
vt -1.020208 2.379792 0.000000
vt -1.041350 2.405553 0.000000
vt -1.057060 2.434944 0.000000
vt -1.066733 2.533165 0.000000
vt -1.057060 2.565056 0.000000
vt -1.041350 2.594447 0.000000
vt -1.020208 2.620208 0.000000
vt -0.994447 2.641350 0.000000
vt -0.965056 2.657060 0.000000
vt -1.800000 0.000000 0.000000
vt -1.400000 -0.400000 0.000000
vt -1.800000 -0.400000 0.000000
vt 0.000000 3.000000 0.000000
vt 0.866835 2.666733 0.000000
vt 1.400000 3.000000 0.000000
vt 0.900000 2.670000 0.000000
vt 0.933165 2.666733 0.000000
vt 0.000000 0.000000 0.000000
vt 0.742940 2.434944 0.000000
vt 0.733267 2.466835 0.000000
vt 0.730000 2.500000 0.000000
vt 1.400000 0.000000 0.000000
vt 0.866835 0.333267 0.000000
vt 0.834944 0.342940 0.000000
vt 0.805553 0.358650 0.000000
vt 1.057060 2.434944 0.000000
vt 1.057060 0.565056 0.000000
vt 1.066733 0.533165 0.000000
vt 0.866835 0.666733 0.000000
vt 0.900000 0.670000 0.000000
vt 0.900000 2.330000 0.000000
vt 0.933165 0.666733 0.000000
vt 0.933165 2.333267 0.000000
vt 0.965056 0.657060 0.000000
vt 0.965056 2.342940 0.000000
vt 0.994447 0.641350 0.000000
vt 0.994447 2.358650 0.000000
vt 1.020208 0.620208 0.000000
vt 1.020208 2.379792 0.000000
vt 1.041350 0.594447 0.000000
vt 1.041350 2.405553 0.000000
vt 1.070000 0.500000 0.000000
vt 1.066733 0.466835 0.000000
vt 1.057060 0.434944 0.000000
vt 1.041350 0.405553 0.000000
vt 1.020208 0.379792 0.000000
vt 0.994447 0.358650 0.000000
vt 0.965056 0.342940 0.000000
vt 0.933165 0.333267 0.000000
vt 0.900000 0.330000 0.000000
vt 0.779792 0.379792 0.000000
vt 0.758650 0.405553 0.000000
vt 0.742940 0.434944 0.000000
vt 0.733267 0.466835 0.000000
vt 0.730000 0.500000 0.000000
vt 0.733267 0.533165 0.000000
vt 0.742940 0.565056 0.000000
vt 0.758650 0.594447 0.000000
vt 0.758650 2.405553 0.000000
vt 0.779792 0.620208 0.000000
vt 0.779792 2.379792 0.000000
vt 0.805553 0.641350 0.000000
vt 0.805553 2.358650 0.000000
vt 0.834944 2.342940 0.000000
vt 0.834944 0.657060 0.000000
vt 0.866835 2.333267 0.000000
vt 0.965056 2.657060 0.000000
vt 0.994447 2.641350 0.000000
vt 1.020208 2.620208 0.000000
vt 1.041350 2.594447 0.000000
vt 1.057060 2.565056 0.000000
vt 1.066733 2.533165 0.000000
vt 1.070000 2.500000 0.000000
vt 1.066733 2.466835 0.000000
vt 0.733267 2.533165 0.000000
vt 0.742940 2.565056 0.000000
vt 0.758650 2.594447 0.000000
vt 0.779792 2.620208 0.000000
vt 0.805553 2.641350 0.000000
vt 0.834944 2.657060 0.000000
vt -0.000000 0.400000 0.000000
vt -3.000000 0.400000 0.000000
vt -0.000000 0.000000 0.000000
vt -3.000000 0.000000 0.000000
vt 1.400000 -0.000000 0.000000
vt 0.000000 0.000000 0.000000
vt 1.400000 -0.400000 0.000000
vt -0.000000 -0.400000 0.000000
vt -1.400000 0.000000 0.000000
vt -1.400000 3.000000 0.000000
vt -1.760000 1.975000 0.000000
vt -1.800000 3.000000 0.000000
vt -1.800000 1.975000 0.000000
vt -1.760000 1.025000 0.000000
vt -1.800000 0.000000 0.000000
vt -1.800000 1.025000 0.000000
vt 0.050000 -0.033379 0.000000
vt 0.450000 -0.033379 0.000000
vt 0.050000 0.000000 0.000000
vt 0.450000 0.000000 0.000000
vt 0.050000 0.033379 0.000000
vt 0.450000 0.033379 0.000000
vt 0.050000 0.066759 0.000000
vt 0.450000 0.066759 0.000000
vt 0.050000 0.100138 0.000000
vt 0.450000 0.100138 0.000000
vt 0.050000 0.133518 0.000000
vt 0.450000 0.133518 0.000000
vt 0.050000 0.166897 0.000000
vt 0.450000 0.166897 0.000000
vt 0.050000 0.200277 0.000000
vt 0.450000 0.200277 0.000000
vt 0.050000 0.233656 0.000000
vt 0.450000 0.233656 0.000000
vt 0.050000 0.267035 0.000000
vt 0.450000 0.267035 0.000000
vt 0.050000 0.300415 0.000000
vt 0.450000 0.300415 0.000000
vt 0.050000 0.333794 0.000000
vt 0.450000 0.333794 0.000000
vt 0.050000 0.367174 0.000000
vt 0.450000 0.367174 0.000000
vt 0.050000 0.400553 0.000000
vt 0.450000 0.400553 0.000000
vt 0.050000 0.433932 0.000000
vt 0.450000 0.433932 0.000000
vt 0.050000 0.467312 0.000000
vt 0.450000 0.467312 0.000000
vt 0.050000 0.500691 0.000000
vt 0.450000 0.500691 0.000000
vt 0.050000 0.534071 0.000000
vt 0.450000 0.534071 0.000000
vt 0.050000 -0.534071 0.000000
vt 0.450000 -0.534071 0.000000
vt 0.050000 -0.500691 0.000000
vt 0.450000 -0.500691 0.000000
vt 0.050000 -0.467312 0.000000
vt 0.450000 -0.467312 0.000000
vt 0.050000 -0.433932 0.000000
vt 0.450000 -0.433932 0.000000
vt 0.050000 -0.400553 0.000000
vt 0.450000 -0.400553 0.000000
vt 0.050000 -0.367174 0.000000
vt 0.450000 -0.367174 0.000000
vt 0.050000 -0.333794 0.000000
vt 0.450000 -0.333794 0.000000
vt 0.050000 -0.300415 0.000000
vt 0.450000 -0.300415 0.000000
vt 0.050000 -0.267035 0.000000
vt 0.450000 -0.267035 0.000000
vt 0.050000 -0.233656 0.000000
vt 0.450000 -0.233656 0.000000
vt 0.050000 -0.200277 0.000000
vt 0.450000 -0.200277 0.000000
vt 0.050000 -0.166897 0.000000
vt 0.450000 -0.166897 0.000000
vt 0.050000 -0.133518 0.000000
vt 0.450000 -0.133518 0.000000
vt 0.050000 -0.100138 0.000000
vt 0.450000 -0.100138 0.000000
vt 0.050000 -0.066759 0.000000
vt 0.450000 -0.066759 0.000000
vt 0.000000 0.000000 0.000000
vt 1.000000 0.000000 0.000000
vt 0.000000 0.150000 0.000000
vt 1.000000 0.150000 0.000000
vt -0.400000 -0.150000 0.000000
vt 0.000000 -0.150000 0.000000
vt -0.400000 -0.000000 0.000000
vt -0.000000 0.000000 0.000000
vt 0.400000 -0.000000 0.000000
vt 0.000000 0.000000 0.000000
vt 0.400000 -0.150000 0.000000
vt -0.000000 -0.150000 0.000000
vt -0.000000 0.150000 0.000000
vt -1.000000 0.150000 0.000000
vt -0.000000 0.000000 0.000000
vt -1.000000 0.000000 0.000000
vt 0.050000 -0.033379 0.000000
vt 0.450000 -0.033379 0.000000
vt 0.050000 0.000000 0.000000
vt 0.450000 0.000000 0.000000
vt 0.050000 0.033379 0.000000
vt 0.450000 0.033379 0.000000
vt 0.050000 0.066759 0.000000
vt 0.450000 0.066759 0.000000
vt 0.050000 0.100138 0.000000
vt 0.450000 0.100138 0.000000
vt 0.050000 0.133518 0.000000
vt 0.450000 0.133518 0.000000
vt 0.050000 0.166897 0.000000
vt 0.450000 0.166897 0.000000
vt 0.050000 0.200277 0.000000
vt 0.450000 0.200277 0.000000
vt 0.050000 0.233656 0.000000
vt 0.450000 0.233656 0.000000
vt 0.050000 0.267035 0.000000
vt 0.450000 0.267035 0.000000
vt 0.050000 0.300415 0.000000
vt 0.450000 0.300415 0.000000
vt 0.050000 0.333794 0.000000
vt 0.450000 0.333794 0.000000
vt 0.050000 0.367174 0.000000
vt 0.450000 0.367174 0.000000
vt 0.050000 0.400553 0.000000
vt 0.450000 0.400553 0.000000
vt 0.050000 0.433932 0.000000
vt 0.450000 0.433932 0.000000
vt 0.050000 0.467312 0.000000
vt 0.450000 0.467312 0.000000
vt 0.050000 0.500691 0.000000
vt 0.450000 0.500691 0.000000
vt 0.050000 0.534071 0.000000
vt 0.450000 0.534071 0.000000
vt 0.050000 -0.534071 0.000000
vt 0.450000 -0.534071 0.000000
vt 0.050000 -0.500691 0.000000
vt 0.450000 -0.500691 0.000000
vt 0.050000 -0.467312 0.000000
vt 0.450000 -0.467312 0.000000
vt 0.050000 -0.433932 0.000000
vt 0.450000 -0.433932 0.000000
vt 0.050000 -0.400553 0.000000
vt 0.450000 -0.400553 0.000000
vt 0.050000 -0.367174 0.000000
vt 0.450000 -0.367174 0.000000
vt 0.050000 -0.333794 0.000000
vt 0.450000 -0.333794 0.000000
vt 0.050000 -0.300415 0.000000
vt 0.450000 -0.300415 0.000000
vt 0.050000 -0.267035 0.000000
vt 0.450000 -0.267035 0.000000
vt 0.050000 -0.233656 0.000000
vt 0.450000 -0.233656 0.000000
vt 0.050000 -0.200277 0.000000
vt 0.450000 -0.200277 0.000000
vt 0.050000 -0.166897 0.000000
vt 0.450000 -0.166897 0.000000
vt 0.050000 -0.133518 0.000000
vt 0.450000 -0.133518 0.000000
vt 0.050000 -0.100138 0.000000
vt 0.450000 -0.100138 0.000000
vt 0.050000 -0.066759 0.000000
vt 0.450000 -0.066759 0.000000
vt 1.025000 0.400000 0.000000
vt 0.000000 0.400000 0.000000
vt 1.025000 0.250000 0.000000
vt 0.000000 0.000000 0.000000
vt 1.025000 0.000000 0.000000
vt 0.000000 -0.400000 0.000000
vt -0.400000 -0.400000 0.000000
vt 0.000000 -2.000000 0.000000
vt -0.400000 -2.000000 0.000000
vt -0.000000 2.000000 0.000000
vt -3.000000 2.000000 0.000000
vt -0.000000 0.400000 0.000000
vt -3.000000 0.400000 0.000000
vt 1.800000 0.000000 0.000000
vt 1.400000 -0.000000 0.000000
vt 1.800000 -0.400000 0.000000
vt 1.400000 -0.400000 0.000000
vt 1.975000 0.000000 0.000000
vt 3.000000 0.000000 0.000000
vt 1.975000 0.250000 0.000000
vt 3.000000 0.400000 0.000000
vt 1.975000 0.400000 0.000000
vt -1.800000 1.025000 0.000000
vt -1.760000 1.025000 0.000000
vt -1.800000 1.975000 0.000000
vt -1.760000 1.975000 0.000000
vt -0.000000 1.000000 0.000000
vt -0.400000 1.000000 0.000000
vt -0.000000 0.000000 0.000000
vt -0.400000 0.000000 0.000000
vt 1.025000 2.000000 0.000000
vt 0.000000 2.000000 0.000000
vt 1.025000 1.750000 0.000000
vt 0.000000 0.400000 0.000000
vt 1.025000 0.400000 0.000000
vt -0.040000 -0.250000 0.000000
vt -0.400000 -0.250000 0.000000
vt -0.040000 -0.400000 0.000000
vt -0.400000 -1.000000 0.000000
vt -0.040000 -1.750000 0.000000
vt -0.400000 -1.750000 0.000000
vt -0.400000 -0.000000 0.000000
vt -0.040000 -0.250000 0.000000
vt -0.040000 0.000000 0.000000
vt 0.400000 1.975000 0.000000
vt 0.400000 3.000000 0.000000
vt 0.360000 1.975000 0.000000
vt 0.000000 3.000000 0.000000
vt 0.000000 0.000000 0.000000
vt 0.360000 1.025000 0.000000
vt 0.400000 0.000000 0.000000
vt 0.400000 1.025000 0.000000
vt 0.400000 -0.400000 0.000000
vt -0.000000 -0.400000 0.000000
vt 0.400000 -2.000000 0.000000
vt -0.000000 -2.000000 0.000000
vt 0.400000 -0.000000 0.000000
vt 0.040000 0.000000 0.000000
vt 0.400000 -0.250000 0.000000
vt 0.040000 -0.250000 0.000000
vt 0.040000 -0.400000 0.000000
vt 0.400000 -1.000000 0.000000
vt 0.040000 -1.750000 0.000000
vt 0.400000 -1.750000 0.000000
vt 0.400000 -0.250000 0.000000
vt 0.040000 -0.250000 0.000000
vt 1.975000 0.400000 0.000000
vt 3.000000 0.400000 0.000000
vt 1.975000 1.750000 0.000000
vt 3.000000 2.000000 0.000000
vt 1.975000 2.000000 0.000000
vt -0.040000 0.950000 0.000000
vt -0.400000 0.950000 0.000000
vt -0.040000 0.000000 0.000000
vt -0.400000 0.000000 0.000000
vt -0.040000 -1.750000 0.000000
vt -0.400000 -1.750000 0.000000
vt -0.040000 -2.000000 0.000000
vt -0.400000 -2.000000 0.000000
vt -1.150000 -0.000000 0.000000
vt -1.080799 -0.003199 0.000000
vt -0.400000 -0.000000 0.000000
vt -1.012188 -0.012770 0.000000
vt -0.944753 -0.028631 0.000000
vt -0.879069 -0.050646 0.000000
vt -0.815696 -0.078628 0.000000
vt -0.755176 -0.112337 0.000000
vt -0.698024 -0.151487 0.000000
vt -0.644728 -0.195743 0.000000
vt -0.595743 -0.244728 0.000000
vt -0.551487 -0.298024 0.000000
vt -0.512337 -0.355176 0.000000
vt -0.478628 -0.415696 0.000000
vt -0.450646 -0.479069 0.000000
vt -0.428631 -0.544753 0.000000
vt -0.412770 -0.612188 0.000000
vt -0.403199 -0.680799 0.000000
vt -0.400000 -0.750000 0.000000
vt -0.403199 -0.819201 0.000000
vt -0.400000 -1.500000 0.000000
vt -0.412770 -0.887812 0.000000
vt -0.428631 -0.955247 0.000000
vt -0.450646 -1.020931 0.000000
vt -0.478628 -1.084304 0.000000
vt -0.512337 -1.144824 0.000000
vt -0.551487 -1.201976 0.000000
vt -0.595743 -1.255272 0.000000
vt -0.644728 -1.304257 0.000000
vt -0.698024 -1.348513 0.000000
vt -0.755176 -1.387663 0.000000
vt -0.815696 -1.421372 0.000000
vt -0.879069 -1.449354 0.000000
vt -0.944753 -1.471369 0.000000
vt -1.012188 -1.487230 0.000000
vt -1.080799 -1.496801 0.000000
vt -1.150000 -1.500000 0.000000
vt 0.000000 0.250000 0.000000
vt 0.000000 0.000000 0.000000
vt 0.300000 0.250000 0.000000
vt 0.950000 0.000000 0.000000
vt 0.650000 0.250000 0.000000
vt 0.950000 0.250000 0.000000
vt 0.300000 1.000000 0.000000
vt 0.650000 1.000000 0.000000
vt 0.300000 1.750000 0.000000
vt 0.650000 1.750000 0.000000
vt 0.000000 2.000000 0.000000
vt 0.950000 2.000000 0.000000
vt 0.950000 1.750000 0.000000
vt 0.000000 1.750000 0.000000
vt 0.400000 1.975000 0.000000
vt 0.360000 1.975000 0.000000
vt 0.400000 1.025000 0.000000
vt 0.360000 1.025000 0.000000
vt 0.400000 -0.750000 0.000000
vt 0.403199 -0.680799 0.000000
vt 0.400000 -0.000000 0.000000
vt 0.412770 -0.612188 0.000000
vt 0.428631 -0.544753 0.000000
vt 0.450646 -0.479069 0.000000
vt 0.478628 -0.415696 0.000000
vt 0.512337 -0.355176 0.000000
vt 0.551487 -0.298024 0.000000
vt 0.595743 -0.244728 0.000000
vt 0.644728 -0.195743 0.000000
vt 0.698024 -0.151487 0.000000
vt 0.755176 -0.112337 0.000000
vt 0.815696 -0.078628 0.000000
vt 0.879069 -0.050646 0.000000
vt 0.944753 -0.028631 0.000000
vt 1.012188 -0.012770 0.000000
vt 1.080799 -0.003199 0.000000
vt 1.150000 -0.000000 0.000000
vt 1.150000 -1.500000 0.000000
vt 1.080799 -1.496801 0.000000
vt 0.400000 -1.500000 0.000000
vt 1.012188 -1.487230 0.000000
vt 0.944753 -1.471369 0.000000
vt 0.879069 -1.449354 0.000000
vt 0.815696 -1.421372 0.000000
vt 0.755176 -1.387663 0.000000
vt 0.698024 -1.348513 0.000000
vt 0.644728 -1.304257 0.000000
vt 0.595743 -1.255272 0.000000
vt 0.551487 -1.201976 0.000000
vt 0.512337 -1.144824 0.000000
vt 0.478628 -1.084304 0.000000
vt 0.450646 -1.020931 0.000000
vt 0.428631 -0.955247 0.000000
vt 0.412770 -0.887812 0.000000
vt 0.403199 -0.819201 0.000000
vt 0.400000 -0.750000 0.000000
vt 0.400000 -1.750000 0.000000
vt 0.040000 -1.750000 0.000000
vt 0.400000 -2.000000 0.000000
vt 0.040000 -2.000000 0.000000
vt 0.400000 0.950000 0.000000
vt 0.040000 0.950000 0.000000
vt 0.400000 0.000000 0.000000
vt 0.040000 0.000000 0.000000
vt -1.150000 -0.485000 0.000000
vt -1.108545 -0.488263 0.000000
vt -1.150000 -0.000000 0.000000
vt -1.080799 -0.003199 0.000000
vt -1.068110 -0.497970 0.000000
vt -1.012188 -0.012770 0.000000
vt -1.029693 -0.513883 0.000000
vt -0.944753 -0.028631 0.000000
vt -0.994237 -0.535610 0.000000
vt -0.879069 -0.050646 0.000000
vt -0.962617 -0.562617 0.000000
vt -0.815696 -0.078628 0.000000
vt -0.935610 -0.594237 0.000000
vt -0.913883 -0.629693 0.000000
vt -0.897970 -0.668110 0.000000
vt -0.698024 -0.151487 0.000000
vt -0.755176 -0.112337 0.000000
vt -0.644728 -0.195743 0.000000
vt -0.888263 -0.708545 0.000000
vt -0.595743 -0.244728 0.000000
vt -0.551487 -0.298024 0.000000
vt -0.885000 -0.750000 0.000000
vt -0.512337 -0.355176 0.000000
vt -0.478628 -0.415696 0.000000
vt -0.450646 -0.479069 0.000000
vt -0.428631 -0.544753 0.000000
vt -0.412770 -0.612188 0.000000
vt -0.403199 -0.680799 0.000000
vt -0.400000 -0.750000 0.000000
vt -0.403199 -0.819201 0.000000
vt -0.412770 -0.887812 0.000000
vt -0.428631 -0.955247 0.000000
vt -0.450646 -1.020931 0.000000
vt -0.478628 -1.084304 0.000000
vt -0.512337 -1.144824 0.000000
vt -0.551487 -1.201976 0.000000
vt -0.888263 -0.791455 0.000000
vt -0.595743 -1.255272 0.000000
vt -0.644728 -1.304257 0.000000
vt -0.897970 -0.831890 0.000000
vt -0.698024 -1.348513 0.000000
vt -0.913883 -0.870307 0.000000
vt -0.755176 -1.387663 0.000000
vt -0.815696 -1.421372 0.000000
vt -0.935610 -0.905763 0.000000
vt -0.962617 -0.937383 0.000000
vt -0.879069 -1.449354 0.000000
vt -0.994237 -0.964390 0.000000
vt -0.944753 -1.471369 0.000000
vt -1.029693 -0.986117 0.000000
vt -1.012188 -1.487230 0.000000
vt -1.068110 -1.002030 0.000000
vt -1.080799 -1.496801 0.000000
vt -1.108545 -1.011737 0.000000
vt -1.150000 -1.500000 0.000000
vt -1.150000 -1.015000 0.000000
vt -0.400000 0.300000 0.000000
vt -1.150000 0.300000 0.000000
vt -0.400000 0.000000 0.000000
vt -1.150000 0.000000 0.000000
vt 1.150000 0.300000 0.000000
vt 0.400000 0.300000 0.000000
vt 1.150000 0.000000 0.000000
vt 0.400000 0.000000 0.000000
vt 0.400000 -0.750000 0.000000
vt 0.403199 -0.680799 0.000000
vt 0.400000 -0.000000 0.000000
vt 0.412770 -0.612188 0.000000
vt 0.428631 -0.544753 0.000000
vt 0.450646 -0.479069 0.000000
vt 0.478628 -0.415696 0.000000
vt 0.512337 -0.355176 0.000000
vt 0.551487 -0.298024 0.000000
vt 0.595743 -0.244728 0.000000
vt 0.644728 -0.195743 0.000000
vt 0.698024 -0.151487 0.000000
vt 0.755176 -0.112337 0.000000
vt 0.815696 -0.078628 0.000000
vt 0.879069 -0.050646 0.000000
vt 0.944753 -0.028631 0.000000
vt 1.012188 -0.012770 0.000000
vt 1.080799 -0.003199 0.000000
vt 1.150000 -0.000000 0.000000
vt 1.150000 -1.500000 0.000000
vt 1.080799 -1.496801 0.000000
vt 0.400000 -1.500000 0.000000
vt 1.012188 -1.487230 0.000000
vt 0.944753 -1.471369 0.000000
vt 0.879069 -1.449354 0.000000
vt 0.815696 -1.421372 0.000000
vt 0.755176 -1.387663 0.000000
vt 0.698024 -1.348513 0.000000
vt 0.644728 -1.304257 0.000000
vt 0.595743 -1.255272 0.000000
vt 0.551487 -1.201976 0.000000
vt 0.512337 -1.144824 0.000000
vt 0.478628 -1.084304 0.000000
vt 0.450646 -1.020931 0.000000
vt 0.428631 -0.955247 0.000000
vt 0.412770 -0.887812 0.000000
vt 0.403199 -0.819201 0.000000
vt 0.400000 -0.750000 0.000000
vt 1.150000 0.300000 0.000000
vt 0.400000 0.300000 0.000000
vt 1.150000 0.000000 0.000000
vt 0.400000 0.000000 0.000000
vt -0.400000 -0.750000 0.000000
vt -0.403199 -0.819201 0.000000
vt -0.400000 -1.500000 0.000000
vt -0.412770 -0.887812 0.000000
vt -0.428631 -0.955247 0.000000
vt -0.450646 -1.020931 0.000000
vt -0.478628 -1.084304 0.000000
vt -0.512337 -1.144824 0.000000
vt -0.551487 -1.201976 0.000000
vt -0.595743 -1.255272 0.000000
vt -0.644728 -1.304257 0.000000
vt -0.698024 -1.348513 0.000000
vt -0.755176 -1.387663 0.000000
vt -0.815696 -1.421372 0.000000
vt -0.879069 -1.449354 0.000000
vt -0.944753 -1.471369 0.000000
vt -1.012188 -1.487230 0.000000
vt -1.080799 -1.496801 0.000000
vt -1.150000 -1.500000 0.000000
vt -1.150000 -0.000000 0.000000
vt -1.080799 -0.003199 0.000000
vt -0.400000 -0.000000 0.000000
vt -1.012188 -0.012770 0.000000
vt -0.944753 -0.028631 0.000000
vt -0.879069 -0.050646 0.000000
vt -0.815696 -0.078628 0.000000
vt -0.755176 -0.112337 0.000000
vt -0.698024 -0.151487 0.000000
vt -0.644728 -0.195743 0.000000
vt -0.595743 -0.244728 0.000000
vt -0.551487 -0.298024 0.000000
vt -0.512337 -0.355176 0.000000
vt -0.478628 -0.415696 0.000000
vt -0.450646 -0.479069 0.000000
vt -0.428631 -0.544753 0.000000
vt -0.412770 -0.612188 0.000000
vt -0.403199 -0.680799 0.000000
vt -0.400000 -0.750000 0.000000
vt -0.400000 0.300000 0.000000
vt -1.150000 0.300000 0.000000
vt -0.400000 0.000000 0.000000
vt -1.150000 0.000000 0.000000
vt 1.150000 -0.485000 0.000000
vt 1.150000 -0.000000 0.000000
vt 1.108545 -0.488263 0.000000
vt 1.080799 -0.003199 0.000000
vt 1.068110 -0.497970 0.000000
vt 1.012188 -0.012770 0.000000
vt 1.029693 -0.513883 0.000000
vt 0.944753 -0.028631 0.000000
vt 0.994237 -0.535610 0.000000
vt 0.879069 -0.050646 0.000000
vt 0.962617 -0.562617 0.000000
vt 0.815696 -0.078628 0.000000
vt 0.935610 -0.594237 0.000000
vt 0.913883 -0.629693 0.000000
vt 0.755176 -0.112337 0.000000
vt 0.698024 -0.151487 0.000000
vt 0.897970 -0.668110 0.000000
vt 0.644728 -0.195743 0.000000
vt 0.888263 -0.708545 0.000000
vt 0.595743 -0.244728 0.000000
vt 0.551487 -0.298024 0.000000
vt 0.885000 -0.750000 0.000000
vt 0.512337 -0.355176 0.000000
vt 0.478628 -0.415696 0.000000
vt 0.450646 -0.479069 0.000000
vt 0.428631 -0.544753 0.000000
vt 0.412770 -0.612188 0.000000
vt 0.403199 -0.680799 0.000000
vt 0.400000 -0.750000 0.000000
vt 0.403199 -0.819201 0.000000
vt 0.412770 -0.887812 0.000000
vt 0.428631 -0.955247 0.000000
vt 0.450646 -1.020931 0.000000
vt 0.478628 -1.084304 0.000000
vt 0.512337 -1.144824 0.000000
vt 0.551487 -1.201976 0.000000
vt 0.888263 -0.791455 0.000000
vt 0.595743 -1.255272 0.000000
vt 0.644728 -1.304257 0.000000
vt 0.897970 -0.831890 0.000000
vt 0.698024 -1.348513 0.000000
vt 0.913883 -0.870307 0.000000
vt 0.755176 -1.387663 0.000000
vt 0.815696 -1.421372 0.000000
vt 0.879069 -1.449354 0.000000
vt 0.962617 -0.937383 0.000000
vt 0.935610 -0.905763 0.000000
vt 0.994237 -0.964390 0.000000
vt 0.944753 -1.471369 0.000000
vt 1.029693 -0.986117 0.000000
vt 1.012188 -1.487230 0.000000
vt 1.068110 -1.002030 0.000000
vt 1.080799 -1.496801 0.000000
vt 1.108545 -1.011737 0.000000
vt 1.150000 -1.500000 0.000000
vt 1.150000 -1.015000 0.000000
vt 0.000000 -0.265000 0.000000
vt 0.000000 -0.750000 0.000000
vt 0.041455 -0.261737 0.000000
vt 0.069201 -0.746801 0.000000
vt 0.081890 -0.252030 0.000000
vt 0.137812 -0.737230 0.000000
vt 0.120307 -0.236117 0.000000
vt 0.205247 -0.721369 0.000000
vt 0.155763 -0.214390 0.000000
vt 0.270931 -0.699354 0.000000
vt 0.187383 -0.187383 0.000000
vt 0.334304 -0.671372 0.000000
vt 0.214390 -0.155763 0.000000
vt 0.236117 -0.120307 0.000000
vt 0.394824 -0.637663 0.000000
vt 0.451976 -0.598513 0.000000
vt 0.252030 -0.081890 0.000000
vt 0.505272 -0.554257 0.000000
vt 0.261737 -0.041455 0.000000
vt 0.554257 -0.505272 0.000000
vt 0.598513 -0.451976 0.000000
vt 0.265000 0.000000 0.000000
vt 0.637663 -0.394824 0.000000
vt 0.671372 -0.334304 0.000000
vt 0.699354 -0.270931 0.000000
vt 0.721369 -0.205247 0.000000
vt 0.737230 -0.137812 0.000000
vt 0.746801 -0.069201 0.000000
vt 0.750000 0.000000 0.000000
vt 0.746801 0.069201 0.000000
vt 0.737230 0.137812 0.000000
vt 0.721369 0.205247 0.000000
vt 0.699354 0.270931 0.000000
vt 0.671372 0.334304 0.000000
vt 0.637663 0.394824 0.000000
vt 0.598513 0.451976 0.000000
vt 0.261737 0.041455 0.000000
vt 0.554257 0.505272 0.000000
vt 0.505272 0.554257 0.000000
vt 0.252030 0.081890 0.000000
vt 0.451976 0.598513 0.000000
vt 0.236117 0.120307 0.000000
vt 0.394824 0.637663 0.000000
vt 0.334304 0.671372 0.000000
vt 0.270931 0.699354 0.000000
vt 0.187383 0.187383 0.000000
vt 0.214390 0.155763 0.000000
vt 0.155763 0.214390 0.000000
vt 0.205247 0.721369 0.000000
vt 0.120307 0.236117 0.000000
vt 0.137812 0.737230 0.000000
vt 0.081890 0.252030 0.000000
vt 0.069201 0.746801 0.000000
vt 0.041455 0.261737 0.000000
vt -0.000000 0.750000 0.000000
vt -0.000000 0.265000 0.000000
vt 0.100000 0.374635 0.000000
vt 0.400000 0.374635 0.000000
vt 0.100000 0.416261 0.000000
vt 0.400000 0.416261 0.000000
vt 0.100000 0.457887 0.000000
vt 0.400000 0.457887 0.000000
vt 0.100000 0.499513 0.000000
vt 0.400000 0.499513 0.000000
vt 0.100000 0.541139 0.000000
vt 0.400000 0.541139 0.000000
vt 0.100000 0.582765 0.000000
vt 0.400000 0.582765 0.000000
vt 0.100000 0.624392 0.000000
vt 0.400000 0.624392 0.000000
vt 0.100000 0.666018 0.000000
vt 0.400000 0.666018 0.000000
vt 0.100000 0.707644 0.000000
vt 0.400000 0.707644 0.000000
vt 0.100000 0.749270 0.000000
vt 0.400000 0.749270 0.000000
vt 0.100000 0.790896 0.000000
vt 0.400000 0.790896 0.000000
vt 0.100000 0.832522 0.000000
vt 0.400000 0.832522 0.000000
vt 0.100000 -0.832522 0.000000
vt 0.400000 -0.832522 0.000000
vt 0.100000 -0.790896 0.000000
vt 0.400000 -0.790896 0.000000
vt 0.100000 -0.749270 0.000000
vt 0.400000 -0.749270 0.000000
vt 0.100000 -0.707644 0.000000
vt 0.400000 -0.707644 0.000000
vt 0.100000 -0.666018 0.000000
vt 0.400000 -0.666018 0.000000
vt 0.100000 -0.624392 0.000000
vt 0.400000 -0.624392 0.000000
vt 0.100000 -0.582765 0.000000
vt 0.400000 -0.582765 0.000000
vt 0.100000 -0.541139 0.000000
vt 0.400000 -0.541139 0.000000
vt 0.100000 -0.499513 0.000000
vt 0.400000 -0.499513 0.000000
vt 0.100000 -0.457887 0.000000
vt 0.400000 -0.457887 0.000000
vt 0.100000 -0.416261 0.000000
vt 0.400000 -0.416261 0.000000
vt 0.100000 -0.374635 0.000000
vt 0.400000 -0.374635 0.000000
vt 0.100000 -0.333009 0.000000
vt 0.400000 -0.333009 0.000000
vt 0.100000 -0.291383 0.000000
vt 0.400000 -0.291383 0.000000
vt 0.100000 -0.249757 0.000000
vt 0.400000 -0.249757 0.000000
vt 0.100000 -0.208131 0.000000
vt 0.400000 -0.208131 0.000000
vt 0.100000 -0.166504 0.000000
vt 0.400000 -0.166504 0.000000
vt 0.100000 -0.124878 0.000000
vt 0.400000 -0.124878 0.000000
vt 0.100000 -0.083252 0.000000
vt 0.400000 -0.083252 0.000000
vt 0.100000 -0.041626 0.000000
vt 0.400000 -0.041626 0.000000
vt 0.100000 -0.000000 0.000000
vt 0.400000 -0.000000 0.000000
vt 0.100000 0.041626 0.000000
vt 0.400000 0.041626 0.000000
vt 0.100000 0.083252 0.000000
vt 0.400000 0.083252 0.000000
vt 0.100000 0.124878 0.000000
vt 0.400000 0.124878 0.000000
vt 0.100000 0.166504 0.000000
vt 0.400000 0.166504 0.000000
vt 0.100000 0.208131 0.000000
vt 0.400000 0.208131 0.000000
vt 0.100000 0.249757 0.000000
vt 0.400000 0.249757 0.000000
vt 0.100000 0.291383 0.000000
vt 0.400000 0.291383 0.000000
vt 0.100000 0.333009 0.000000
vt 0.400000 0.333009 0.000000
vt -0.000000 -1.178097 0.000000
vt -0.300000 -1.178097 0.000000
vt -0.000000 -1.247397 0.000000
vt -0.300000 -1.247397 0.000000
vt -0.000000 -1.316697 0.000000
vt -0.300000 -1.316697 0.000000
vt -0.000000 -1.385997 0.000000
vt -0.300000 -1.385997 0.000000
vt -0.000000 -1.455297 0.000000
vt -0.300000 -1.455297 0.000000
vt -0.000000 -1.524596 0.000000
vt -0.300000 -1.524596 0.000000
vt -0.000000 -1.593896 0.000000
vt -0.300000 -1.593896 0.000000
vt -0.000000 -1.663196 0.000000
vt -0.300000 -1.663196 0.000000
vt -0.000000 -1.732496 0.000000
vt -0.300000 -1.732496 0.000000
vt -0.000000 -1.801796 0.000000
vt -0.300000 -1.801796 0.000000
vt -0.000000 -1.871096 0.000000
vt -0.300000 -1.871096 0.000000
vt -0.000000 -1.940395 0.000000
vt -0.300000 -1.940395 0.000000
vt -0.000000 -2.009695 0.000000
vt -0.300000 -2.009695 0.000000
vt -0.000000 -2.078995 0.000000
vt -0.300000 -2.078995 0.000000
vt -0.000000 -2.148295 0.000000
vt -0.300000 -2.148295 0.000000
vt -0.000000 -2.217595 0.000000
vt -0.300000 -2.217595 0.000000
vt -0.000000 -2.286895 0.000000
vt -0.300000 -2.286895 0.000000
vt -0.000000 -2.356194 0.000000
vt -0.300000 -2.356194 0.000000
vt -0.000000 -2.425494 0.000000
vt -0.300000 -2.425494 0.000000
vt -0.000000 -2.494794 0.000000
vt -0.300000 -2.494794 0.000000
vt -0.000000 -2.564094 0.000000
vt -0.300000 -2.564094 0.000000
vt -0.000000 -2.633394 0.000000
vt -0.300000 -2.633394 0.000000
vt -0.000000 -2.702694 0.000000
vt -0.300000 -2.702694 0.000000
vt -0.000000 -2.771994 0.000000
vt -0.300000 -2.771994 0.000000
vt -0.000000 -2.841293 0.000000
vt -0.300000 -2.841293 0.000000
vt -0.000000 -2.910593 0.000000
vt -0.300000 -2.910593 0.000000
vt -0.000000 -2.979893 0.000000
vt -0.300000 -2.979893 0.000000
vt -0.000000 -3.049193 0.000000
vt -0.300000 -3.049193 0.000000
vt -0.000000 -3.118493 0.000000
vt -0.300000 -3.118493 0.000000
vt -0.000000 -3.187793 0.000000
vt -0.300000 -3.187793 0.000000
vt -0.000000 -3.257092 0.000000
vt -0.300000 -3.257092 0.000000
vt -0.000000 -3.326392 0.000000
vt -0.300000 -3.326392 0.000000
vt -0.000000 -3.395692 0.000000
vt -0.300000 -3.395692 0.000000
vt -0.000000 -3.464992 0.000000
vt -0.300000 -3.464992 0.000000
vt 0.000000 -3.534292 0.000000
vt -0.300000 -3.534292 0.000000
vt 1.150000 -0.485000 0.000000
vt 1.150000 -0.000000 0.000000
vt 1.108545 -0.488263 0.000000
vt 1.080799 -0.003199 0.000000
vt 1.068110 -0.497970 0.000000
vt 1.012188 -0.012770 0.000000
vt 1.029693 -0.513883 0.000000
vt 0.944753 -0.028631 0.000000
vt 0.994237 -0.535610 0.000000
vt 0.879069 -0.050646 0.000000
vt 0.962617 -0.562617 0.000000
vt 0.815696 -0.078628 0.000000
vt 0.935610 -0.594237 0.000000
vt 0.913883 -0.629693 0.000000
vt 0.755176 -0.112337 0.000000
vt 0.698024 -0.151487 0.000000
vt 0.897970 -0.668110 0.000000
vt 0.644728 -0.195743 0.000000
vt 0.888263 -0.708545 0.000000
vt 0.595743 -0.244728 0.000000
vt 0.551487 -0.298024 0.000000
vt 0.885000 -0.750000 0.000000
vt 0.512337 -0.355176 0.000000
vt 0.478628 -0.415696 0.000000
vt 0.450646 -0.479069 0.000000
vt 0.428631 -0.544753 0.000000
vt 0.412770 -0.612188 0.000000
vt 0.403199 -0.680799 0.000000
vt 0.400000 -0.750000 0.000000
vt 0.403199 -0.819201 0.000000
vt 0.412770 -0.887812 0.000000
vt 0.428631 -0.955247 0.000000
vt 0.450646 -1.020931 0.000000
vt 0.478628 -1.084304 0.000000
vt 0.512337 -1.144824 0.000000
vt 0.551487 -1.201976 0.000000
vt 0.888263 -0.791455 0.000000
vt 0.595743 -1.255272 0.000000
vt 0.644728 -1.304257 0.000000
vt 0.897970 -0.831890 0.000000
vt 0.698024 -1.348513 0.000000
vt 0.913883 -0.870307 0.000000
vt 0.755176 -1.387663 0.000000
vt 0.815696 -1.421372 0.000000
vt 0.879069 -1.449354 0.000000
vt 0.962617 -0.937383 0.000000
vt 0.935610 -0.905763 0.000000
vt 0.994237 -0.964390 0.000000
vt 0.944753 -1.471369 0.000000
vt 1.029693 -0.986117 0.000000
vt 1.012188 -1.487230 0.000000
vt 1.068110 -1.002030 0.000000
vt 1.080799 -1.496801 0.000000
vt 1.108545 -1.011737 0.000000
vt 1.150000 -1.500000 0.000000
vt 1.150000 -1.015000 0.000000
vt -0.000000 -1.178097 0.000000
vt -0.300000 -1.178097 0.000000
vt -0.000000 -1.247397 0.000000
vt -0.300000 -1.247397 0.000000
vt -0.000000 -1.316697 0.000000
vt -0.300000 -1.316697 0.000000
vt -0.000000 -1.385997 0.000000
vt -0.300000 -1.385997 0.000000
vt -0.000000 -1.455297 0.000000
vt -0.300000 -1.455297 0.000000
vt -0.000000 -1.524596 0.000000
vt -0.300000 -1.524596 0.000000
vt -0.000000 -1.593896 0.000000
vt -0.300000 -1.593896 0.000000
vt -0.000000 -1.663196 0.000000
vt -0.300000 -1.663196 0.000000
vt -0.000000 -1.732496 0.000000
vt -0.300000 -1.732496 0.000000
vt -0.000000 -1.801796 0.000000
vt -0.300000 -1.801796 0.000000
vt -0.000000 -1.871096 0.000000
vt -0.300000 -1.871096 0.000000
vt -0.000000 -1.940395 0.000000
vt -0.300000 -1.940395 0.000000
vt -0.000000 -2.009695 0.000000
vt -0.300000 -2.009695 0.000000
vt -0.000000 -2.078995 0.000000
vt -0.300000 -2.078995 0.000000
vt -0.000000 -2.148295 0.000000
vt -0.300000 -2.148295 0.000000
vt -0.000000 -2.217595 0.000000
vt -0.300000 -2.217595 0.000000
vt -0.000000 -2.286895 0.000000
vt -0.300000 -2.286895 0.000000
vt -0.000000 -2.356194 0.000000
vt -0.300000 -2.356194 0.000000
vt -0.000000 -2.425494 0.000000
vt -0.300000 -2.425494 0.000000
vt -0.000000 -2.494794 0.000000
vt -0.300000 -2.494794 0.000000
vt -0.000000 -2.564094 0.000000
vt -0.300000 -2.564094 0.000000
vt -0.000000 -2.633394 0.000000
vt -0.300000 -2.633394 0.000000
vt -0.000000 -2.702694 0.000000
vt -0.300000 -2.702694 0.000000
vt -0.000000 -2.771994 0.000000
vt -0.300000 -2.771994 0.000000
vt -0.000000 -2.841293 0.000000
vt -0.300000 -2.841293 0.000000
vt -0.000000 -2.910593 0.000000
vt -0.300000 -2.910593 0.000000
vt -0.000000 -2.979893 0.000000
vt -0.300000 -2.979893 0.000000
vt -0.000000 -3.049193 0.000000
vt -0.300000 -3.049193 0.000000
vt -0.000000 -3.118493 0.000000
vt -0.300000 -3.118493 0.000000
vt -0.000000 -3.187793 0.000000
vt -0.300000 -3.187793 0.000000
vt -0.000000 -3.257092 0.000000
vt -0.300000 -3.257092 0.000000
vt -0.000000 -3.326392 0.000000
vt -0.300000 -3.326392 0.000000
vt -0.000000 -3.395692 0.000000
vt -0.300000 -3.395692 0.000000
vt -0.000000 -3.464992 0.000000
vt -0.300000 -3.464992 0.000000
vt 0.000000 -3.534292 0.000000
vt -0.300000 -3.534292 0.000000
vt -1.150000 -0.485000 0.000000
vt -1.108545 -0.488263 0.000000
vt -1.150000 -0.000000 0.000000
vt -1.080799 -0.003199 0.000000
vt -1.068110 -0.497970 0.000000
vt -1.012188 -0.012770 0.000000
vt -1.029693 -0.513883 0.000000
vt -0.944753 -0.028631 0.000000
vt -0.994237 -0.535610 0.000000
vt -0.879069 -0.050646 0.000000
vt -0.962617 -0.562617 0.000000
vt -0.815696 -0.078628 0.000000
vt -0.935610 -0.594237 0.000000
vt -0.913883 -0.629693 0.000000
vt -0.897970 -0.668110 0.000000
vt -0.698024 -0.151487 0.000000
vt -0.755176 -0.112337 0.000000
vt -0.644728 -0.195743 0.000000
vt -0.888263 -0.708545 0.000000
vt -0.595743 -0.244728 0.000000
vt -0.551487 -0.298024 0.000000
vt -0.885000 -0.750000 0.000000
vt -0.512337 -0.355176 0.000000
vt -0.478628 -0.415696 0.000000
vt -0.450646 -0.479069 0.000000
vt -0.428631 -0.544753 0.000000
vt -0.412770 -0.612188 0.000000
vt -0.403199 -0.680799 0.000000
vt -0.400000 -0.750000 0.000000
vt -0.403199 -0.819201 0.000000
vt -0.412770 -0.887812 0.000000
vt -0.428631 -0.955247 0.000000
vt -0.450646 -1.020931 0.000000
vt -0.478628 -1.084304 0.000000
vt -0.512337 -1.144824 0.000000
vt -0.551487 -1.201976 0.000000
vt -0.888263 -0.791455 0.000000
vt -0.595743 -1.255272 0.000000
vt -0.644728 -1.304257 0.000000
vt -0.897970 -0.831890 0.000000
vt -0.698024 -1.348513 0.000000
vt -0.913883 -0.870307 0.000000
vt -0.755176 -1.387663 0.000000
vt -0.815696 -1.421372 0.000000
vt -0.935610 -0.905763 0.000000
vt -0.962617 -0.937383 0.000000
vt -0.879069 -1.449354 0.000000
vt -0.994237 -0.964390 0.000000
vt -0.944753 -1.471369 0.000000
vt -1.029693 -0.986117 0.000000
vt -1.012188 -1.487230 0.000000
vt -1.068110 -1.002030 0.000000
vt -1.080799 -1.496801 0.000000
vt -1.108545 -1.011737 0.000000
vt -1.150000 -1.500000 0.000000
vt -1.150000 -1.015000 0.000000
vt 0.000000 0.265000 0.000000
vt 0.000000 0.750000 0.000000
vt -0.041455 0.261737 0.000000
vt -0.069201 0.746801 0.000000
vt -0.081890 0.252030 0.000000
vt -0.137812 0.737230 0.000000
vt -0.120307 0.236117 0.000000
vt -0.205247 0.721369 0.000000
vt -0.155763 0.214390 0.000000
vt -0.270931 0.699354 0.000000
vt -0.187383 0.187383 0.000000
vt -0.334304 0.671372 0.000000
vt -0.214390 0.155763 0.000000
vt -0.236117 0.120307 0.000000
vt -0.394824 0.637663 0.000000
vt -0.451976 0.598513 0.000000
vt -0.252030 0.081890 0.000000
vt -0.505272 0.554257 0.000000
vt -0.261737 0.041455 0.000000
vt -0.554257 0.505272 0.000000
vt -0.598513 0.451976 0.000000
vt -0.265000 0.000000 0.000000
vt -0.637663 0.394824 0.000000
vt -0.671372 0.334304 0.000000
vt -0.699354 0.270931 0.000000
vt -0.721369 0.205247 0.000000
vt -0.737230 0.137812 0.000000
vt -0.746801 0.069201 0.000000
vt -0.750000 0.000000 0.000000
vt -0.746801 -0.069201 0.000000
vt -0.737230 -0.137812 0.000000
vt -0.721369 -0.205247 0.000000
vt -0.699354 -0.270931 0.000000
vt -0.671372 -0.334304 0.000000
vt -0.637663 -0.394824 0.000000
vt -0.598513 -0.451976 0.000000
vt -0.261737 -0.041455 0.000000
vt -0.554257 -0.505272 0.000000
vt -0.505272 -0.554257 0.000000
vt -0.252030 -0.081890 0.000000
vt -0.451976 -0.598513 0.000000
vt -0.236117 -0.120307 0.000000
vt -0.394824 -0.637663 0.000000
vt -0.334304 -0.671372 0.000000
vt -0.270931 -0.699354 0.000000
vt -0.187383 -0.187383 0.000000
vt -0.214390 -0.155763 0.000000
vt -0.155763 -0.214390 0.000000
vt -0.205247 -0.721369 0.000000
vt -0.120307 -0.236117 0.000000
vt -0.137812 -0.737230 0.000000
vt -0.081890 -0.252030 0.000000
vt -0.069201 -0.746801 0.000000
vt -0.041455 -0.261737 0.000000
vt -0.000000 -0.750000 0.000000
vt -0.000000 -0.265000 0.000000
vt 0.750000 0.374635 0.000000
vt 1.050000 0.374635 0.000000
vt 0.750000 0.416261 0.000000
vt 1.050000 0.416261 0.000000
vt 0.750000 0.457887 0.000000
vt 1.050000 0.457887 0.000000
vt 0.750000 0.499513 0.000000
vt 1.050000 0.499513 0.000000
vt 0.750000 0.541139 0.000000
vt 1.050000 0.541139 0.000000
vt 0.750000 0.582765 0.000000
vt 1.050000 0.582765 0.000000
vt 0.750000 0.624392 0.000000
vt 1.050000 0.624392 0.000000
vt 0.750000 0.666018 0.000000
vt 1.050000 0.666018 0.000000
vt 0.750000 0.707644 0.000000
vt 1.050000 0.707644 0.000000
vt 0.750000 0.749270 0.000000
vt 1.050000 0.749270 0.000000
vt 0.750000 0.790896 0.000000
vt 1.050000 0.790896 0.000000
vt 0.750000 0.832522 0.000000
vt 1.050000 0.832522 0.000000
vt 0.750000 -0.832522 0.000000
vt 1.050000 -0.832522 0.000000
vt 0.750000 -0.790896 0.000000
vt 1.050000 -0.790896 0.000000
vt 0.750000 -0.749270 0.000000
vt 1.050000 -0.749270 0.000000
vt 0.750000 -0.707644 0.000000
vt 1.050000 -0.707644 0.000000
vt 0.750000 -0.666018 0.000000
vt 1.050000 -0.666018 0.000000
vt 0.750000 -0.624392 0.000000
vt 1.050000 -0.624392 0.000000
vt 0.750000 -0.582765 0.000000
vt 1.050000 -0.582765 0.000000
vt 0.750000 -0.541139 0.000000
vt 1.050000 -0.541139 0.000000
vt 0.750000 -0.499513 0.000000
vt 1.050000 -0.499513 0.000000
vt 0.750000 -0.457887 0.000000
vt 1.050000 -0.457887 0.000000
vt 0.750000 -0.416261 0.000000
vt 1.050000 -0.416261 0.000000
vt 0.750000 -0.374635 0.000000
vt 1.050000 -0.374635 0.000000
vt 0.750000 -0.333009 0.000000
vt 1.050000 -0.333009 0.000000
vt 0.750000 -0.291383 0.000000
vt 1.050000 -0.291383 0.000000
vt 0.750000 -0.249757 0.000000
vt 1.050000 -0.249757 0.000000
vt 0.750000 -0.208131 0.000000
vt 1.050000 -0.208131 0.000000
vt 0.750000 -0.166504 0.000000
vt 1.050000 -0.166504 0.000000
vt 0.750000 -0.124878 0.000000
vt 1.050000 -0.124878 0.000000
vt 0.750000 -0.083252 0.000000
vt 1.050000 -0.083252 0.000000
vt 0.750000 -0.041626 0.000000
vt 1.050000 -0.041626 0.000000
vt 0.750000 -0.000000 0.000000
vt 1.050000 -0.000000 0.000000
vt 0.750000 0.041626 0.000000
vt 1.050000 0.041626 0.000000
vt 0.750000 0.083252 0.000000
vt 1.050000 0.083252 0.000000
vt 0.750000 0.124878 0.000000
vt 1.050000 0.124878 0.000000
vt 0.750000 0.166504 0.000000
vt 1.050000 0.166504 0.000000
vt 0.750000 0.208131 0.000000
vt 1.050000 0.208131 0.000000
vt 0.750000 0.249757 0.000000
vt 1.050000 0.249757 0.000000
vt 0.750000 0.291383 0.000000
vt 1.050000 0.291383 0.000000
vt 0.750000 0.333009 0.000000
vt 1.050000 0.333009 0.000000
vt 0.000000 0.265000 0.000000
vt 0.000000 0.750000 0.000000
vt -0.041455 0.261737 0.000000
vt -0.069201 0.746801 0.000000
vt -0.081890 0.252030 0.000000
vt -0.137812 0.737230 0.000000
vt -0.120307 0.236117 0.000000
vt -0.205247 0.721369 0.000000
vt -0.155763 0.214390 0.000000
vt -0.270931 0.699354 0.000000
vt -0.187383 0.187383 0.000000
vt -0.334304 0.671372 0.000000
vt -0.214390 0.155763 0.000000
vt -0.236117 0.120307 0.000000
vt -0.394824 0.637663 0.000000
vt -0.451976 0.598513 0.000000
vt -0.252030 0.081890 0.000000
vt -0.505272 0.554257 0.000000
vt -0.261737 0.041455 0.000000
vt -0.554257 0.505272 0.000000
vt -0.598513 0.451976 0.000000
vt -0.265000 0.000000 0.000000
vt -0.637663 0.394824 0.000000
vt -0.671372 0.334304 0.000000
vt -0.699354 0.270931 0.000000
vt -0.721369 0.205247 0.000000
vt -0.737230 0.137812 0.000000
vt -0.746801 0.069201 0.000000
vt -0.750000 0.000000 0.000000
vt -0.746801 -0.069201 0.000000
vt -0.737230 -0.137812 0.000000
vt -0.721369 -0.205247 0.000000
vt -0.699354 -0.270931 0.000000
vt -0.671372 -0.334304 0.000000
vt -0.637663 -0.394824 0.000000
vt -0.598513 -0.451976 0.000000
vt -0.261737 -0.041455 0.000000
vt -0.554257 -0.505272 0.000000
vt -0.505272 -0.554257 0.000000
vt -0.252030 -0.081890 0.000000
vt -0.451976 -0.598513 0.000000
vt -0.236117 -0.120307 0.000000
vt -0.394824 -0.637663 0.000000
vt -0.334304 -0.671372 0.000000
vt -0.270931 -0.699354 0.000000
vt -0.187383 -0.187383 0.000000
vt -0.214390 -0.155763 0.000000
vt -0.155763 -0.214390 0.000000
vt -0.205247 -0.721369 0.000000
vt -0.120307 -0.236117 0.000000
vt -0.137812 -0.737230 0.000000
vt -0.081890 -0.252030 0.000000
vt -0.069201 -0.746801 0.000000
vt -0.041455 -0.261737 0.000000
vt -0.000000 -0.750000 0.000000
vt -0.000000 -0.265000 0.000000
vt 0.000000 -0.265000 0.000000
vt 0.000000 -0.750000 0.000000
vt 0.041455 -0.261737 0.000000
vt 0.069201 -0.746801 0.000000
vt 0.081890 -0.252030 0.000000
vt 0.137812 -0.737230 0.000000
vt 0.120307 -0.236117 0.000000
vt 0.205247 -0.721369 0.000000
vt 0.155763 -0.214390 0.000000
vt 0.270931 -0.699354 0.000000
vt 0.187383 -0.187383 0.000000
vt 0.334304 -0.671372 0.000000
vt 0.214390 -0.155763 0.000000
vt 0.236117 -0.120307 0.000000
vt 0.394824 -0.637663 0.000000
vt 0.451976 -0.598513 0.000000
vt 0.252030 -0.081890 0.000000
vt 0.505272 -0.554257 0.000000
vt 0.261737 -0.041455 0.000000
vt 0.554257 -0.505272 0.000000
vt 0.598513 -0.451976 0.000000
vt 0.265000 0.000000 0.000000
vt 0.637663 -0.394824 0.000000
vt 0.671372 -0.334304 0.000000
vt 0.699354 -0.270931 0.000000
vt 0.721369 -0.205247 0.000000
vt 0.737230 -0.137812 0.000000
vt 0.746801 -0.069201 0.000000
vt 0.750000 0.000000 0.000000
vt 0.746801 0.069201 0.000000
vt 0.737230 0.137812 0.000000
vt 0.721369 0.205247 0.000000
vt 0.699354 0.270931 0.000000
vt 0.671372 0.334304 0.000000
vt 0.637663 0.394824 0.000000
vt 0.598513 0.451976 0.000000
vt 0.261737 0.041455 0.000000
vt 0.554257 0.505272 0.000000
vt 0.505272 0.554257 0.000000
vt 0.252030 0.081890 0.000000
vt 0.451976 0.598513 0.000000
vt 0.236117 0.120307 0.000000
vt 0.394824 0.637663 0.000000
vt 0.334304 0.671372 0.000000
vt 0.270931 0.699354 0.000000
vt 0.187383 0.187383 0.000000
vt 0.214390 0.155763 0.000000
vt 0.155763 0.214390 0.000000
vt 0.205247 0.721369 0.000000
vt 0.120307 0.236117 0.000000
vt 0.137812 0.737230 0.000000
vt 0.081890 0.252030 0.000000
vt 0.069201 0.746801 0.000000
vt 0.041455 0.261737 0.000000
vt -0.000000 0.750000 0.000000
vt -0.000000 0.265000 0.000000
vn -1.000000 -0.000000 -0.000000
vn -1.000000 -0.000000 -0.000000
vn -1.000000 -0.000000 -0.000000
vn -1.000000 -0.000000 -0.000000
vn -0.000000 -1.000000 -0.000000
vn -0.000000 -1.000000 -0.000000
vn -0.000000 -1.000000 -0.000000
vn -0.000000 -1.000000 -0.000000
vn -0.000000 -1.000000 -0.000000
vn -0.000000 -1.000000 -0.000000
vn -0.000000 -1.000000 -0.000000
vn -0.000000 -1.000000 -0.000000
vn -0.000000 -1.000000 -0.000000
vn -0.000000 -1.000000 -0.000000
vn -0.000000 -1.000000 -0.000000
vn -0.000000 -1.000000 -0.000000
vn -0.000000 -1.000000 -0.000000
vn -0.000000 -1.000000 -0.000000
vn -0.000000 -1.000000 -0.000000
vn -0.000000 -1.000000 -0.000000
vn -0.000000 -1.000000 -0.000000
vn -0.000000 -1.000000 -0.000000
vn -0.000000 -1.000000 -0.000000
vn -0.000000 -1.000000 -0.000000
vn -0.000000 -1.000000 -0.000000
vn -0.000000 -1.000000 -0.000000
vn -0.000000 -1.000000 -0.000000
vn -0.000000 -1.000000 -0.000000
vn -0.000000 -1.000000 -0.000000
vn -0.000000 -1.000000 -0.000000
vn -0.000000 -1.000000 -0.000000
vn -0.000000 -1.000000 -0.000000
vn -0.000000 -1.000000 -0.000000
vn -0.000000 -1.000000 -0.000000
vn -0.000000 -1.000000 -0.000000
vn -0.000000 -1.000000 -0.000000
vn -0.000000 -1.000000 -0.000000
vn -0.000000 -1.000000 -0.000000
vn -0.000000 -1.000000 -0.000000
vn -0.000000 -1.000000 -0.000000
vn -0.000000 -1.000000 -0.000000
vn -0.000000 -1.000000 -0.000000
vn -0.000000 -1.000000 -0.000000
vn -0.000000 -1.000000 -0.000000
vn -0.000000 -1.000000 -0.000000
vn -0.000000 -1.000000 -0.000000
vn -0.000000 -1.000000 -0.000000
vn -0.000000 -1.000000 -0.000000
vn -0.000000 -1.000000 -0.000000
vn -0.000000 -1.000000 -0.000000
vn -0.000000 -1.000000 -0.000000
vn -0.000000 -1.000000 -0.000000
vn -0.000000 -1.000000 -0.000000
vn -0.000000 -1.000000 -0.000000
vn -0.000000 -1.000000 -0.000000
vn -0.000000 -1.000000 -0.000000
vn -0.000000 -1.000000 -0.000000
vn -0.000000 -1.000000 -0.000000
vn -0.000000 -1.000000 -0.000000
vn -0.000000 -1.000000 -0.000000
vn -0.000000 -1.000000 -0.000000
vn -0.000000 -1.000000 -0.000000
vn -0.000000 -1.000000 -0.000000
vn -0.000000 -1.000000 -0.000000
vn -0.000000 -1.000000 -0.000000
vn -0.000000 -1.000000 -0.000000
vn -0.000000 -1.000000 -0.000000
vn -0.000000 -1.000000 -0.000000
vn -0.000000 -1.000000 -0.000000
vn -0.000000 -1.000000 -0.000000
vn -0.000000 -1.000000 -0.000000
vn -0.000000 -1.000000 -0.000000
vn -0.000000 -1.000000 -0.000000
vn -0.000000 -1.000000 -0.000000
vn -0.000000 -1.000000 -0.000000
vn -0.000000 -1.000000 -0.000000
vn -1.000000 -0.000000 -0.000000
vn -1.000000 -0.000000 -0.000000
vn 0.000000 1.000000 0.000000
vn 0.000000 1.000000 0.000000
vn 0.000000 1.000000 0.000000
vn 0.000000 1.000000 0.000000
vn 0.000000 1.000000 0.000000
vn 0.000000 1.000000 0.000000
vn 0.000000 1.000000 0.000000
vn 0.000000 1.000000 0.000000
vn 0.000000 1.000000 0.000000
vn 0.000000 1.000000 0.000000
vn 0.000000 1.000000 0.000000
vn 0.000000 1.000000 0.000000
vn 0.000000 1.000000 0.000000
vn 0.000000 1.000000 0.000000
vn 0.000000 1.000000 0.000000
vn 0.000000 1.000000 0.000000
vn 0.000000 1.000000 0.000000
vn 0.000000 1.000000 0.000000
vn 0.000000 1.000000 0.000000
vn 0.000000 1.000000 0.000000
vn 0.000000 1.000000 0.000000
vn 0.000000 1.000000 0.000000
vn 0.000000 1.000000 0.000000
vn 0.000000 1.000000 0.000000
vn 0.000000 1.000000 0.000000
vn 0.000000 1.000000 0.000000
vn 0.000000 1.000000 0.000000
vn 0.000000 1.000000 0.000000
vn 0.000000 1.000000 0.000000
vn 0.000000 1.000000 0.000000
vn 0.000000 1.000000 0.000000
vn 0.000000 1.000000 0.000000
vn 0.000000 1.000000 0.000000
vn 0.000000 1.000000 0.000000
vn 0.000000 1.000000 0.000000
vn 0.000000 1.000000 0.000000
vn 0.000000 1.000000 0.000000
vn 0.000000 1.000000 0.000000
vn 0.000000 1.000000 0.000000
vn 0.000000 1.000000 0.000000
vn 0.000000 1.000000 0.000000
vn 0.000000 1.000000 0.000000
vn 0.000000 1.000000 0.000000
vn 0.000000 1.000000 0.000000
vn 0.000000 1.000000 0.000000
vn 0.000000 1.000000 0.000000
vn 0.000000 1.000000 0.000000
vn 0.000000 1.000000 0.000000
vn 0.000000 1.000000 0.000000
vn 0.000000 1.000000 0.000000
vn 0.000000 1.000000 0.000000
vn 0.000000 1.000000 0.000000
vn 0.000000 1.000000 0.000000
vn 0.000000 1.000000 0.000000
vn 0.000000 1.000000 0.000000
vn 0.000000 1.000000 0.000000
vn 0.000000 1.000000 0.000000
vn 0.000000 1.000000 0.000000
vn 0.000000 1.000000 0.000000
vn 0.000000 1.000000 0.000000
vn 0.000000 1.000000 0.000000
vn 0.000000 1.000000 0.000000
vn 0.000000 1.000000 0.000000
vn 0.000000 1.000000 0.000000
vn 0.000000 1.000000 0.000000
vn 0.000000 1.000000 0.000000
vn 0.000000 1.000000 0.000000
vn 0.000000 1.000000 0.000000
vn -0.000000 0.000000 -1.000000
vn -0.000000 0.000000 -1.000000
vn -0.000000 0.000000 -1.000000
vn -0.000000 0.000000 -1.000000
vn 1.000000 0.000000 0.000000
vn 1.000000 0.000000 0.000000
vn 1.000000 0.000000 0.000000
vn 1.000000 0.000000 0.000000
vn -0.000000 -1.000000 -0.000000
vn -0.000000 -1.000000 -0.000000
vn -0.000000 -1.000000 -0.000000
vn -0.000000 -1.000000 -0.000000
vn -0.000000 -1.000000 -0.000000
vn -0.000000 -1.000000 -0.000000
vn -0.980785 0.000000 -0.195090
vn -0.980785 0.000000 -0.195090
vn -1.000000 -0.000000 0.000000
vn -1.000000 -0.000000 0.000000
vn -0.980785 -0.000000 0.195090
vn -0.980785 -0.000000 0.195090
vn -0.923880 -0.000000 0.382683
vn -0.923880 -0.000000 0.382683
vn -0.831470 -0.000000 0.555570
vn -0.831470 -0.000000 0.555570
vn -0.707107 -0.000000 0.707107
vn -0.707107 -0.000000 0.707107
vn -0.555570 -0.000000 0.831470
vn -0.555570 -0.000000 0.831470
vn -0.382683 -0.000000 0.923880
vn -0.382683 -0.000000 0.923880
vn -0.195090 -0.000000 0.980785
vn -0.195090 -0.000000 0.980785
vn -0.000000 -0.000000 1.000000
vn -0.000000 -0.000000 1.000000
vn 0.195090 -0.000000 0.980785
vn 0.195090 -0.000000 0.980785
vn 0.382683 -0.000000 0.923880
vn 0.382683 -0.000000 0.923880
vn 0.555570 -0.000000 0.831470
vn 0.555570 -0.000000 0.831470
vn 0.707107 -0.000000 0.707107
vn 0.707107 -0.000000 0.707107
vn 0.831470 -0.000000 0.555570
vn 0.831470 -0.000000 0.555570
vn 0.923880 -0.000000 0.382683
vn 0.923880 -0.000000 0.382683
vn 0.980785 -0.000000 0.195090
vn 0.980785 -0.000000 0.195090
vn 1.000000 -0.000000 0.000000
vn 1.000000 -0.000000 0.000000
vn 0.980785 0.000000 -0.195090
vn 0.980785 0.000000 -0.195090
vn 0.923880 0.000000 -0.382683
vn 0.923880 0.000000 -0.382683
vn 0.831470 0.000000 -0.555570
vn 0.831470 0.000000 -0.555570
vn 0.707107 0.000000 -0.707107
vn 0.707107 0.000000 -0.707107
vn 0.555570 0.000000 -0.831470
vn 0.555570 0.000000 -0.831470
vn 0.382683 0.000000 -0.923880
vn 0.382683 0.000000 -0.923880
vn 0.195090 0.000000 -0.980785
vn 0.195090 0.000000 -0.980785
vn -0.000000 0.000000 -1.000000
vn -0.000000 0.000000 -1.000000
vn -0.195090 0.000000 -0.980785
vn -0.195090 0.000000 -0.980785
vn -0.382683 0.000000 -0.923880
vn -0.382683 0.000000 -0.923880
vn -0.555570 0.000000 -0.831470
vn -0.555570 0.000000 -0.831470
vn -0.707107 0.000000 -0.707107
vn -0.707107 0.000000 -0.707107
vn -0.831470 0.000000 -0.555570
vn -0.831470 0.000000 -0.555570
vn -0.923880 0.000000 -0.382683
vn -0.923880 0.000000 -0.382683
vn 0.000000 -0.000000 1.000000
vn 0.000000 -0.000000 1.000000
vn 0.000000 -0.000000 1.000000
vn 0.000000 -0.000000 1.000000
vn -1.000000 -0.000000 -0.000000
vn -1.000000 -0.000000 -0.000000
vn -1.000000 -0.000000 -0.000000
vn -1.000000 -0.000000 -0.000000
vn 1.000000 0.000000 0.000000
vn 1.000000 0.000000 0.000000
vn 1.000000 0.000000 0.000000
vn 1.000000 0.000000 0.000000
vn -0.000000 0.000000 -1.000000
vn -0.000000 0.000000 -1.000000
vn -0.000000 0.000000 -1.000000
vn -0.000000 0.000000 -1.000000
vn -0.980785 0.000000 -0.195090
vn -0.980785 0.000000 -0.195090
vn -1.000000 -0.000000 0.000000
vn -1.000000 -0.000000 0.000000
vn -0.980785 -0.000000 0.195090
vn -0.980785 -0.000000 0.195090
vn -0.923880 -0.000000 0.382683
vn -0.923880 -0.000000 0.382683
vn -0.831470 -0.000000 0.555570
vn -0.831470 -0.000000 0.555570
vn -0.707107 -0.000000 0.707107
vn -0.707107 -0.000000 0.707107
vn -0.555570 -0.000000 0.831470
vn -0.555570 -0.000000 0.831470
vn -0.382683 -0.000000 0.923880
vn -0.382683 -0.000000 0.923880
vn -0.195090 -0.000000 0.980785
vn -0.195090 -0.000000 0.980785
vn -0.000000 -0.000000 1.000000
vn -0.000000 -0.000000 1.000000
vn 0.195090 -0.000000 0.980785
vn 0.195090 -0.000000 0.980785
vn 0.382683 -0.000000 0.923880
vn 0.382683 -0.000000 0.923880
vn 0.555570 -0.000000 0.831470
vn 0.555570 -0.000000 0.831470
vn 0.707107 -0.000000 0.707107
vn 0.707107 -0.000000 0.707107
vn 0.831470 -0.000000 0.555570
vn 0.831470 -0.000000 0.555570
vn 0.923880 -0.000000 0.382683
vn 0.923880 -0.000000 0.382683
vn 0.980785 -0.000000 0.195090
vn 0.980785 -0.000000 0.195090
vn 1.000000 -0.000000 0.000000
vn 1.000000 -0.000000 0.000000
vn 0.980785 0.000000 -0.195090
vn 0.980785 0.000000 -0.195090
vn 0.923880 0.000000 -0.382683
vn 0.923880 0.000000 -0.382683
vn 0.831470 0.000000 -0.555570
vn 0.831470 0.000000 -0.555570
vn 0.707107 0.000000 -0.707107
vn 0.707107 0.000000 -0.707107
vn 0.555570 0.000000 -0.831470
vn 0.555570 0.000000 -0.831470
vn 0.382683 0.000000 -0.923880
vn 0.382683 0.000000 -0.923880
vn 0.195090 0.000000 -0.980785
vn 0.195090 0.000000 -0.980785
vn -0.000000 0.000000 -1.000000
vn -0.000000 0.000000 -1.000000
vn -0.195090 0.000000 -0.980785
vn -0.195090 0.000000 -0.980785
vn -0.382683 0.000000 -0.923880
vn -0.382683 0.000000 -0.923880
vn -0.555570 0.000000 -0.831470
vn -0.555570 0.000000 -0.831470
vn -0.707107 0.000000 -0.707107
vn -0.707107 0.000000 -0.707107
vn -0.831470 0.000000 -0.555570
vn -0.831470 0.000000 -0.555570
vn -0.923880 0.000000 -0.382683
vn -0.923880 0.000000 -0.382683
vn 0.000000 -0.000000 1.000000
vn 0.000000 -0.000000 1.000000
vn 0.000000 -0.000000 1.000000
vn 0.000000 -0.000000 1.000000
vn 0.000000 -0.000000 1.000000
vn -1.000000 -0.000000 -0.000000
vn -1.000000 -0.000000 -0.000000
vn -0.000000 0.000000 -1.000000
vn -0.000000 0.000000 -1.000000
vn -0.000000 0.000000 -1.000000
vn -0.000000 0.000000 -1.000000
vn 1.000000 0.000000 0.000000
vn 1.000000 0.000000 0.000000
vn 0.000000 -0.000000 1.000000
vn 0.000000 -0.000000 1.000000
vn 0.000000 -0.000000 1.000000
vn 0.000000 -0.000000 1.000000
vn 0.000000 -0.000000 1.000000
vn -0.000000 -1.000000 -0.000000
vn -0.000000 -1.000000 -0.000000
vn -0.000000 -1.000000 -0.000000
vn -0.000000 -1.000000 -0.000000
vn 0.000000 -0.000000 1.000000
vn 0.000000 -0.000000 1.000000
vn 0.000000 -0.000000 1.000000
vn -1.000000 -0.000000 -0.000000
vn -1.000000 -0.000000 -0.000000
vn -1.000000 -0.000000 -0.000000
vn -1.000000 -0.000000 -0.000000
vn -1.000000 -0.000000 -0.000000
vn -1.000000 -0.000000 -0.000000
vn -1.000000 -0.000000 -0.000000
vn -1.000000 -0.000000 -0.000000
vn 0.000000 1.000000 0.000000
vn 0.000000 1.000000 0.000000
vn 0.000000 1.000000 0.000000
vn 0.000000 1.000000 0.000000
vn 0.000000 1.000000 0.000000
vn 0.000000 1.000000 0.000000
vn 0.000000 1.000000 0.000000
vn 0.000000 1.000000 0.000000
vn 1.000000 0.000000 0.000000
vn 1.000000 0.000000 0.000000
vn 1.000000 0.000000 0.000000
vn 1.000000 0.000000 0.000000
vn 1.000000 0.000000 0.000000
vn 1.000000 0.000000 0.000000
vn 1.000000 0.000000 0.000000
vn 1.000000 0.000000 0.000000
vn 1.000000 0.000000 0.000000
vn 1.000000 0.000000 0.000000
vn 0.000000 -0.000000 1.000000
vn 0.000000 -0.000000 1.000000
vn 0.000000 -0.000000 1.000000
vn -0.000000 -1.000000 -0.000000
vn -0.000000 -1.000000 -0.000000
vn -1.000000 -0.000000 -0.000000
vn -1.000000 -0.000000 -0.000000
vn -1.000000 -0.000000 -0.000000
vn -1.000000 -0.000000 -0.000000
vn -1.000000 -0.000000 -0.000000
vn -1.000000 -0.000000 -0.000000
vn -1.000000 -0.000000 -0.000000
vn -1.000000 -0.000000 -0.000000
vn -1.000000 -0.000000 -0.000000
vn -1.000000 -0.000000 -0.000000
vn -1.000000 -0.000000 -0.000000
vn -1.000000 -0.000000 -0.000000
vn -1.000000 -0.000000 -0.000000
vn -1.000000 -0.000000 -0.000000
vn -1.000000 -0.000000 -0.000000
vn -1.000000 -0.000000 -0.000000
vn -1.000000 -0.000000 -0.000000
vn -1.000000 -0.000000 -0.000000
vn -1.000000 -0.000000 -0.000000
vn -1.000000 -0.000000 -0.000000
vn -1.000000 -0.000000 -0.000000
vn -1.000000 -0.000000 -0.000000
vn -1.000000 -0.000000 -0.000000
vn -1.000000 -0.000000 -0.000000
vn -1.000000 -0.000000 -0.000000
vn -1.000000 -0.000000 -0.000000
vn -1.000000 -0.000000 -0.000000
vn -1.000000 -0.000000 -0.000000
vn -1.000000 -0.000000 -0.000000
vn -1.000000 -0.000000 -0.000000
vn -1.000000 -0.000000 -0.000000
vn -1.000000 -0.000000 -0.000000
vn -1.000000 -0.000000 -0.000000
vn -1.000000 -0.000000 -0.000000
vn -1.000000 -0.000000 -0.000000
vn -1.000000 -0.000000 -0.000000
vn 0.000000 -0.000000 1.000000
vn 0.000000 -0.000000 1.000000
vn 0.000000 -0.000000 1.000000
vn 0.000000 -0.000000 1.000000
vn 0.000000 -0.000000 1.000000
vn 0.000000 -0.000000 1.000000
vn 0.000000 -0.000000 1.000000
vn 0.000000 -0.000000 1.000000
vn 0.000000 -0.000000 1.000000
vn 0.000000 -0.000000 1.000000
vn 0.000000 -0.000000 1.000000
vn 0.000000 -0.000000 1.000000
vn 0.000000 -0.000000 1.000000
vn 0.000000 -0.000000 1.000000
vn 1.000000 0.000000 0.000000
vn 1.000000 0.000000 0.000000
vn 1.000000 0.000000 0.000000
vn 1.000000 0.000000 0.000000
vn 1.000000 0.000000 0.000000
vn 1.000000 0.000000 0.000000
vn 1.000000 0.000000 0.000000
vn 1.000000 0.000000 0.000000
vn 1.000000 0.000000 0.000000
vn 1.000000 0.000000 0.000000
vn 1.000000 0.000000 0.000000
vn 1.000000 0.000000 0.000000
vn 1.000000 0.000000 0.000000
vn 1.000000 0.000000 0.000000
vn 1.000000 0.000000 0.000000
vn 1.000000 0.000000 0.000000
vn 1.000000 0.000000 0.000000
vn 1.000000 0.000000 0.000000
vn 1.000000 0.000000 0.000000
vn 1.000000 0.000000 0.000000
vn 1.000000 0.000000 0.000000
vn 1.000000 0.000000 0.000000
vn 1.000000 0.000000 0.000000
vn 1.000000 0.000000 0.000000
vn 1.000000 0.000000 0.000000
vn 1.000000 0.000000 0.000000
vn 1.000000 0.000000 0.000000
vn 1.000000 0.000000 0.000000
vn 1.000000 0.000000 0.000000
vn 1.000000 0.000000 0.000000
vn 1.000000 0.000000 0.000000
vn 1.000000 0.000000 0.000000
vn 1.000000 0.000000 0.000000
vn 1.000000 0.000000 0.000000
vn 1.000000 0.000000 0.000000
vn 1.000000 0.000000 0.000000
vn 0.000000 1.000000 0.000000
vn 0.000000 1.000000 0.000000
vn -1.000000 -0.000000 -0.000000
vn -1.000000 -0.000000 -0.000000
vn -1.000000 -0.000000 -0.000000
vn -1.000000 -0.000000 -0.000000
vn -1.000000 -0.000000 -0.000000
vn -1.000000 -0.000000 -0.000000
vn -1.000000 -0.000000 -0.000000
vn -1.000000 -0.000000 -0.000000
vn -1.000000 -0.000000 -0.000000
vn -1.000000 -0.000000 -0.000000
vn -1.000000 -0.000000 -0.000000
vn -1.000000 -0.000000 -0.000000
vn -1.000000 -0.000000 -0.000000
vn -1.000000 -0.000000 -0.000000
vn -1.000000 -0.000000 -0.000000
vn -1.000000 -0.000000 -0.000000
vn -1.000000 -0.000000 -0.000000
vn -1.000000 -0.000000 -0.000000
vn -1.000000 -0.000000 -0.000000
vn -1.000000 -0.000000 -0.000000
vn -1.000000 -0.000000 -0.000000
vn -0.000000 -1.000000 -0.000000
vn -0.000000 -1.000000 -0.000000
vn -0.000000 -1.000000 -0.000000
vn -0.000000 -1.000000 -0.000000
vn 0.000000 1.000000 0.000000
vn 0.000000 1.000000 0.000000
vn 0.000000 1.000000 0.000000
vn 0.000000 1.000000 0.000000
vn 1.000000 0.000000 0.000000
vn 1.000000 0.000000 0.000000
vn 1.000000 0.000000 0.000000
vn 1.000000 0.000000 0.000000
vn 1.000000 0.000000 0.000000
vn 1.000000 0.000000 0.000000
vn 1.000000 0.000000 0.000000
vn 1.000000 0.000000 0.000000
vn 1.000000 0.000000 0.000000
vn 1.000000 0.000000 0.000000
vn 1.000000 0.000000 0.000000
vn 1.000000 0.000000 0.000000
vn 1.000000 0.000000 0.000000
vn 1.000000 0.000000 0.000000
vn 1.000000 0.000000 0.000000
vn 1.000000 0.000000 0.000000
vn 1.000000 0.000000 0.000000
vn 1.000000 0.000000 0.000000
vn 1.000000 0.000000 0.000000
vn 1.000000 0.000000 0.000000
vn 1.000000 0.000000 0.000000
vn 1.000000 0.000000 0.000000
vn 1.000000 0.000000 0.000000
vn 1.000000 0.000000 0.000000
vn 1.000000 0.000000 0.000000
vn 1.000000 0.000000 0.000000
vn 1.000000 0.000000 0.000000
vn 1.000000 0.000000 0.000000
vn 1.000000 0.000000 0.000000
vn 1.000000 0.000000 0.000000
vn 1.000000 0.000000 0.000000
vn 1.000000 0.000000 0.000000
vn 1.000000 0.000000 0.000000
vn 1.000000 0.000000 0.000000
vn 1.000000 0.000000 0.000000
vn 1.000000 0.000000 0.000000
vn 1.000000 0.000000 0.000000
vn 0.000000 1.000000 0.000000
vn 0.000000 1.000000 0.000000
vn 0.000000 1.000000 0.000000
vn 0.000000 1.000000 0.000000
vn -1.000000 -0.000000 -0.000000
vn -1.000000 -0.000000 -0.000000
vn -1.000000 -0.000000 -0.000000
vn -1.000000 -0.000000 -0.000000
vn -1.000000 -0.000000 -0.000000
vn -1.000000 -0.000000 -0.000000
vn -1.000000 -0.000000 -0.000000
vn -1.000000 -0.000000 -0.000000
vn -1.000000 -0.000000 -0.000000
vn -1.000000 -0.000000 -0.000000
vn -1.000000 -0.000000 -0.000000
vn -1.000000 -0.000000 -0.000000
vn -1.000000 -0.000000 -0.000000
vn -1.000000 -0.000000 -0.000000
vn -1.000000 -0.000000 -0.000000
vn -1.000000 -0.000000 -0.000000
vn -1.000000 -0.000000 -0.000000
vn -1.000000 -0.000000 -0.000000
vn -1.000000 -0.000000 -0.000000
vn -1.000000 -0.000000 -0.000000
vn -1.000000 -0.000000 -0.000000
vn -1.000000 -0.000000 -0.000000
vn -1.000000 -0.000000 -0.000000
vn -1.000000 -0.000000 -0.000000
vn -1.000000 -0.000000 -0.000000
vn -1.000000 -0.000000 -0.000000
vn -1.000000 -0.000000 -0.000000
vn -1.000000 -0.000000 -0.000000
vn -1.000000 -0.000000 -0.000000
vn -1.000000 -0.000000 -0.000000
vn -1.000000 -0.000000 -0.000000
vn -1.000000 -0.000000 -0.000000
vn -1.000000 -0.000000 -0.000000
vn -1.000000 -0.000000 -0.000000
vn -1.000000 -0.000000 -0.000000
vn -1.000000 -0.000000 -0.000000
vn -1.000000 -0.000000 -0.000000
vn -0.000000 -1.000000 -0.000000
vn -0.000000 -1.000000 -0.000000
vn -0.000000 -1.000000 -0.000000
vn -0.000000 -1.000000 -0.000000
vn 1.000000 0.000000 0.000000
vn 1.000000 0.000000 0.000000
vn 1.000000 0.000000 0.000000
vn 1.000000 0.000000 0.000000
vn 1.000000 0.000000 0.000000
vn 1.000000 0.000000 0.000000
vn 1.000000 0.000000 0.000000
vn 1.000000 0.000000 0.000000
vn 1.000000 0.000000 0.000000
vn 1.000000 0.000000 0.000000
vn 1.000000 0.000000 0.000000
vn 1.000000 0.000000 0.000000
vn 1.000000 0.000000 0.000000
vn 1.000000 0.000000 0.000000
vn 1.000000 0.000000 0.000000
vn 1.000000 0.000000 0.000000
vn 1.000000 0.000000 0.000000
vn 1.000000 0.000000 0.000000
vn 1.000000 0.000000 0.000000
vn 1.000000 0.000000 0.000000
vn 1.000000 0.000000 0.000000
vn -1.000000 0.000000 -0.000000
vn -1.000000 0.000000 -0.000000
vn -1.000000 0.000000 -0.000000
vn -1.000000 0.000000 -0.000000
vn -1.000000 0.000000 -0.000000
vn -1.000000 0.000000 -0.000000
vn -1.000000 0.000000 -0.000000
vn -1.000000 0.000000 -0.000000
vn -1.000000 0.000000 -0.000000
vn -1.000000 0.000000 -0.000000
vn -1.000000 0.000000 -0.000000
vn -1.000000 0.000000 -0.000000
vn -1.000000 0.000000 -0.000000
vn -1.000000 0.000000 -0.000000
vn -1.000000 0.000000 -0.000000
vn -1.000000 0.000000 -0.000000
vn -1.000000 0.000000 -0.000000
vn -1.000000 0.000000 -0.000000
vn -1.000000 0.000000 -0.000000
vn -1.000000 0.000000 -0.000000
vn -1.000000 0.000000 -0.000000
vn -1.000000 0.000000 -0.000000
vn -1.000000 0.000000 -0.000000
vn -1.000000 0.000000 -0.000000
vn -1.000000 0.000000 -0.000000
vn -1.000000 0.000000 -0.000000
vn -1.000000 0.000000 -0.000000
vn -1.000000 0.000000 -0.000000
vn -1.000000 0.000000 -0.000000
vn -1.000000 0.000000 -0.000000
vn -1.000000 0.000000 -0.000000
vn -1.000000 0.000000 -0.000000
vn -1.000000 0.000000 -0.000000
vn -1.000000 0.000000 -0.000000
vn -1.000000 0.000000 -0.000000
vn -1.000000 0.000000 -0.000000
vn -1.000000 0.000000 -0.000000
vn -1.000000 0.000000 -0.000000
vn -1.000000 0.000000 -0.000000
vn -1.000000 0.000000 -0.000000
vn -1.000000 0.000000 -0.000000
vn -1.000000 0.000000 -0.000000
vn -1.000000 0.000000 -0.000000
vn -1.000000 0.000000 -0.000000
vn -1.000000 0.000000 -0.000000
vn -1.000000 0.000000 -0.000000
vn -1.000000 0.000000 -0.000000
vn -1.000000 0.000000 -0.000000
vn -1.000000 0.000000 -0.000000
vn -1.000000 0.000000 -0.000000
vn -1.000000 0.000000 -0.000000
vn -1.000000 0.000000 -0.000000
vn -0.000000 -0.987688 0.156434
vn -0.000000 -0.987688 0.156434
vn -0.000000 -1.000000 -0.000000
vn -0.000000 -1.000000 0.000000
vn 0.000000 -0.987688 -0.156434
vn 0.000000 -0.987688 -0.156434
vn 0.000000 -0.951057 -0.309017
vn 0.000000 -0.951057 -0.309017
vn 0.000000 -0.891007 -0.453990
vn 0.000000 -0.891007 -0.453990
vn 0.000000 -0.809017 -0.587785
vn 0.000000 -0.809017 -0.587785
vn 0.000000 -0.707107 -0.707107
vn 0.000000 -0.707107 -0.707107
vn 0.000000 -0.587785 -0.809017
vn 0.000000 -0.587785 -0.809017
vn 0.000000 -0.453990 -0.891007
vn 0.000000 -0.453990 -0.891007
vn 0.000000 -0.309017 -0.951057
vn 0.000000 -0.309017 -0.951057
vn 0.000000 -0.156434 -0.987688
vn 0.000000 -0.156434 -0.987688
vn 0.000000 -0.000000 -1.000000
vn 0.000000 -0.000000 -1.000000
vn 0.000000 0.156434 -0.987688
vn 0.000000 0.156434 -0.987688
vn 0.000000 0.309017 -0.951057
vn 0.000000 0.309017 -0.951057
vn 0.000000 0.453990 -0.891007
vn 0.000000 0.453990 -0.891007
vn 0.000000 0.587785 -0.809017
vn 0.000000 0.587785 -0.809017
vn 0.000000 0.707107 -0.707107
vn 0.000000 0.707107 -0.707107
vn 0.000000 0.809017 -0.587785
vn 0.000000 0.809017 -0.587785
vn 0.000000 0.891007 -0.453990
vn 0.000000 0.891007 -0.453990
vn 0.000000 0.951057 -0.309017
vn 0.000000 0.951057 -0.309017
vn 0.000000 0.987688 -0.156434
vn 0.000000 0.987688 -0.156434
vn 0.000000 1.000000 -0.000000
vn -0.000000 1.000000 0.000000
vn -0.000000 0.987688 0.156434
vn -0.000000 0.987688 0.156434
vn -0.000000 0.951057 0.309017
vn -0.000000 0.951057 0.309017
vn -0.000000 0.891007 0.453990
vn -0.000000 0.891007 0.453990
vn -0.000000 0.809017 0.587785
vn -0.000000 0.809017 0.587785
vn -0.000000 0.707107 0.707107
vn -0.000000 0.707107 0.707107
vn -0.000000 0.587785 0.809017
vn -0.000000 0.587785 0.809017
vn -0.000000 0.453990 0.891007
vn -0.000000 0.453990 0.891007
vn -0.000000 0.309017 0.951057
vn -0.000000 0.309017 0.951057
vn -0.000000 0.156434 0.987688
vn -0.000000 0.156434 0.987688
vn -0.000000 0.000000 1.000000
vn -0.000000 0.000000 1.000000
vn -0.000000 -0.156434 0.987688
vn -0.000000 -0.156434 0.987688
vn -0.000000 -0.309017 0.951057
vn -0.000000 -0.309017 0.951057
vn -0.000000 -0.453990 0.891007
vn -0.000000 -0.453990 0.891007
vn -0.000000 -0.587785 0.809017
vn -0.000000 -0.587785 0.809017
vn -0.000000 -0.707107 0.707107
vn -0.000000 -0.707107 0.707107
vn -0.000000 -0.809017 0.587785
vn -0.000000 -0.809017 0.587785
vn -0.000000 -0.891007 0.453990
vn -0.000000 -0.891007 0.453990
vn -0.000000 -0.951057 0.309017
vn -0.000000 -0.951057 0.309017
vn -0.000000 -0.995734 0.092268
vn -0.000000 -0.995734 0.092268
vn -0.000000 -0.982973 0.183750
vn -0.000000 -0.982973 0.183750
vn -0.000000 -0.961826 0.273663
vn -0.000000 -0.961826 0.273663
vn -0.000000 -0.932472 0.361242
vn -0.000000 -0.932472 0.361242
vn -0.000000 -0.895163 0.445738
vn -0.000000 -0.895163 0.445738
vn -0.000000 -0.850217 0.526432
vn -0.000000 -0.850217 0.526432
vn -0.000000 -0.798017 0.602635
vn -0.000000 -0.798017 0.602635
vn -0.000000 -0.739009 0.673696
vn -0.000000 -0.739009 0.673696
vn -0.000000 -0.673696 0.739009
vn -0.000000 -0.673696 0.739009
vn -0.000000 -0.602635 0.798017
vn -0.000000 -0.602635 0.798017
vn -0.000000 -0.526432 0.850217
vn -0.000000 -0.526432 0.850217
vn -0.000000 -0.445738 0.895163
vn -0.000000 -0.445738 0.895163
vn -0.000000 -0.361242 0.932472
vn -0.000000 -0.361242 0.932472
vn -0.000000 -0.273663 0.961826
vn -0.000000 -0.273663 0.961826
vn -0.000000 -0.183750 0.982973
vn -0.000000 -0.183750 0.982973
vn -0.000000 -0.092268 0.995734
vn -0.000000 -0.092268 0.995734
vn -0.000000 -0.000000 1.000000
vn -0.000000 -0.000000 1.000000
vn -0.000000 0.092268 0.995734
vn -0.000000 0.092268 0.995734
vn -0.000000 0.183750 0.982973
vn -0.000000 0.183750 0.982973
vn -0.000000 0.273663 0.961826
vn -0.000000 0.273663 0.961826
vn -0.000000 0.361242 0.932472
vn -0.000000 0.361242 0.932472
vn -0.000000 0.445738 0.895163
vn -0.000000 0.445738 0.895163
vn -0.000000 0.526432 0.850217
vn -0.000000 0.526432 0.850217
vn -0.000000 0.602635 0.798017
vn -0.000000 0.602635 0.798017
vn -0.000000 0.673696 0.739009
vn -0.000000 0.673696 0.739009
vn -0.000000 0.739009 0.673696
vn -0.000000 0.739009 0.673696
vn -0.000000 0.798017 0.602635
vn -0.000000 0.798017 0.602635
vn -0.000000 0.850217 0.526432
vn -0.000000 0.850217 0.526432
vn -0.000000 0.895163 0.445738
vn -0.000000 0.895163 0.445738
vn -0.000000 0.932472 0.361242
vn -0.000000 0.932472 0.361242
vn -0.000000 0.961826 0.273663
vn -0.000000 0.961826 0.273663
vn -0.000000 0.982973 0.183750
vn -0.000000 0.982973 0.183750
vn -0.000000 0.995734 0.092268
vn -0.000000 0.995734 0.092268
vn 1.000000 0.000000 0.000000
vn 1.000000 0.000000 0.000000
vn 1.000000 0.000000 0.000000
vn 1.000000 0.000000 0.000000
vn 1.000000 0.000000 0.000000
vn 1.000000 0.000000 0.000000
vn 1.000000 0.000000 0.000000
vn 1.000000 0.000000 0.000000
vn 1.000000 0.000000 0.000000
vn 1.000000 0.000000 0.000000
vn 1.000000 0.000000 0.000000
vn 1.000000 0.000000 0.000000
vn 1.000000 0.000000 0.000000
vn 1.000000 0.000000 0.000000
vn 1.000000 0.000000 0.000000
vn 1.000000 0.000000 0.000000
vn 1.000000 0.000000 0.000000
vn 1.000000 0.000000 0.000000
vn 1.000000 0.000000 0.000000
vn 1.000000 0.000000 0.000000
vn 1.000000 0.000000 0.000000
vn -0.000000 -0.995734 0.092268
vn -0.000000 -0.995734 0.092268
vn -0.000000 -0.982973 0.183750
vn -0.000000 -0.982973 0.183750
vn -0.000000 -0.961826 0.273663
vn -0.000000 -0.961826 0.273663
vn -0.000000 -0.932472 0.361242
vn -0.000000 -0.932472 0.361242
vn -0.000000 -0.895163 0.445738
vn -0.000000 -0.895163 0.445738
vn -0.000000 -0.850217 0.526432
vn -0.000000 -0.850217 0.526432
vn -0.000000 -0.798017 0.602635
vn -0.000000 -0.798017 0.602635
vn -0.000000 -0.739009 0.673696
vn -0.000000 -0.739009 0.673696
vn -0.000000 -0.673696 0.739009
vn -0.000000 -0.673696 0.739009
vn -0.000000 -0.602635 0.798017
vn -0.000000 -0.602635 0.798017
vn -0.000000 -0.526432 0.850217
vn -0.000000 -0.526432 0.850217
vn -0.000000 -0.445738 0.895163
vn -0.000000 -0.445738 0.895163
vn -0.000000 -0.361242 0.932472
vn -0.000000 -0.361242 0.932472
vn -0.000000 -0.273663 0.961826
vn -0.000000 -0.273663 0.961826
vn -0.000000 -0.183750 0.982973
vn -0.000000 -0.183750 0.982973
vn -0.000000 -0.092268 0.995734
vn -0.000000 -0.092268 0.995734
vn -0.000000 -0.000000 1.000000
vn -0.000000 -0.000000 1.000000
vn -0.000000 0.092268 0.995734
vn -0.000000 0.092268 0.995734
vn -0.000000 0.183750 0.982973
vn -0.000000 0.183750 0.982973
vn -0.000000 0.273663 0.961826
vn -0.000000 0.273663 0.961826
vn -0.000000 0.361242 0.932472
vn -0.000000 0.361242 0.932472
vn -0.000000 0.445738 0.895163
vn -0.000000 0.445738 0.895163
vn -0.000000 0.526432 0.850217
vn -0.000000 0.526432 0.850217
vn -0.000000 0.602635 0.798017
vn -0.000000 0.602635 0.798017
vn -0.000000 0.673696 0.739009
vn -0.000000 0.673696 0.739009
vn -0.000000 0.739009 0.673696
vn -0.000000 0.739009 0.673696
vn -0.000000 0.798017 0.602635
vn -0.000000 0.798017 0.602635
vn -0.000000 0.850217 0.526432
vn -0.000000 0.850217 0.526432
vn -0.000000 0.895163 0.445738
vn -0.000000 0.895163 0.445738
vn -0.000000 0.932472 0.361242
vn -0.000000 0.932472 0.361242
vn -0.000000 0.961826 0.273663
vn -0.000000 0.961826 0.273663
vn -0.000000 0.982973 0.183750
vn -0.000000 0.982973 0.183750
vn -0.000000 0.995734 0.092268
vn -0.000000 0.995734 0.092268
vn -1.000000 -0.000000 -0.000000
vn -1.000000 -0.000000 -0.000000
vn -1.000000 -0.000000 -0.000000
vn -1.000000 -0.000000 -0.000000
vn -1.000000 -0.000000 -0.000000
vn -1.000000 -0.000000 -0.000000
vn -1.000000 -0.000000 -0.000000
vn -1.000000 -0.000000 -0.000000
vn -1.000000 -0.000000 -0.000000
vn -1.000000 -0.000000 -0.000000
vn -1.000000 -0.000000 -0.000000
vn -1.000000 -0.000000 -0.000000
vn -1.000000 -0.000000 -0.000000
vn -1.000000 -0.000000 -0.000000
vn -1.000000 -0.000000 -0.000000
vn -1.000000 -0.000000 -0.000000
vn -1.000000 -0.000000 -0.000000
vn -1.000000 -0.000000 -0.000000
vn -1.000000 -0.000000 -0.000000
vn -1.000000 -0.000000 -0.000000
vn -1.000000 -0.000000 -0.000000
vn 1.000000 -0.000000 0.000000
vn 1.000000 -0.000000 0.000000
vn 1.000000 -0.000000 0.000000
vn 1.000000 -0.000000 0.000000
vn 1.000000 -0.000000 0.000000
vn 1.000000 -0.000000 0.000000
vn 1.000000 -0.000000 0.000000
vn 1.000000 -0.000000 0.000000
vn 1.000000 -0.000000 0.000000
vn 1.000000 -0.000000 0.000000
vn 1.000000 -0.000000 0.000000
vn 1.000000 -0.000000 0.000000
vn 1.000000 -0.000000 0.000000
vn 1.000000 -0.000000 0.000000
vn 1.000000 -0.000000 0.000000
vn 1.000000 -0.000000 0.000000
vn 1.000000 -0.000000 0.000000
vn 1.000000 -0.000000 0.000000
vn 1.000000 -0.000000 0.000000
vn 1.000000 -0.000000 0.000000
vn 1.000000 -0.000000 0.000000
vn 1.000000 -0.000000 0.000000
vn 1.000000 -0.000000 0.000000
vn 1.000000 -0.000000 0.000000
vn 1.000000 -0.000000 0.000000
vn 1.000000 -0.000000 0.000000
vn 1.000000 -0.000000 0.000000
vn 1.000000 -0.000000 0.000000
vn 1.000000 -0.000000 0.000000
vn 1.000000 -0.000000 0.000000
vn 1.000000 -0.000000 0.000000
vn 1.000000 -0.000000 0.000000
vn 1.000000 -0.000000 0.000000
vn 1.000000 -0.000000 0.000000
vn 1.000000 -0.000000 0.000000
vn 1.000000 -0.000000 0.000000
vn 1.000000 -0.000000 0.000000
vn 1.000000 -0.000000 0.000000
vn 1.000000 -0.000000 0.000000
vn 1.000000 -0.000000 0.000000
vn 1.000000 -0.000000 0.000000
vn 1.000000 -0.000000 0.000000
vn 1.000000 -0.000000 0.000000
vn 1.000000 -0.000000 0.000000
vn 1.000000 -0.000000 0.000000
vn 1.000000 -0.000000 0.000000
vn 1.000000 -0.000000 0.000000
vn 1.000000 -0.000000 0.000000
vn 1.000000 -0.000000 0.000000
vn 1.000000 -0.000000 0.000000
vn 1.000000 -0.000000 0.000000
vn 1.000000 -0.000000 0.000000
vn -0.000000 -0.987688 0.156434
vn -0.000000 -0.987688 0.156434
vn -0.000000 -1.000000 0.000000
vn -0.000000 -1.000000 0.000000
vn 0.000000 -0.987688 -0.156434
vn 0.000000 -0.987688 -0.156434
vn 0.000000 -0.951057 -0.309017
vn 0.000000 -0.951057 -0.309017
vn 0.000000 -0.891007 -0.453990
vn 0.000000 -0.891007 -0.453990
vn 0.000000 -0.809017 -0.587785
vn 0.000000 -0.809017 -0.587785
vn 0.000000 -0.707107 -0.707107
vn 0.000000 -0.707107 -0.707107
vn 0.000000 -0.587785 -0.809017
vn 0.000000 -0.587785 -0.809017
vn 0.000000 -0.453990 -0.891007
vn 0.000000 -0.453990 -0.891007
vn 0.000000 -0.309017 -0.951057
vn 0.000000 -0.309017 -0.951057
vn 0.000000 -0.156434 -0.987688
vn 0.000000 -0.156434 -0.987688
vn 0.000000 -0.000000 -1.000000
vn 0.000000 -0.000000 -1.000000
vn 0.000000 0.156434 -0.987688
vn 0.000000 0.156434 -0.987688
vn 0.000000 0.309017 -0.951057
vn 0.000000 0.309017 -0.951057
vn 0.000000 0.453990 -0.891007
vn 0.000000 0.453990 -0.891007
vn 0.000000 0.587785 -0.809017
vn 0.000000 0.587785 -0.809017
vn 0.000000 0.707107 -0.707107
vn 0.000000 0.707107 -0.707107
vn 0.000000 0.809017 -0.587785
vn 0.000000 0.809017 -0.587785
vn 0.000000 0.891007 -0.453990
vn 0.000000 0.891007 -0.453990
vn 0.000000 0.951057 -0.309017
vn 0.000000 0.951057 -0.309017
vn 0.000000 0.987688 -0.156434
vn 0.000000 0.987688 -0.156434
vn -0.000000 1.000000 0.000000
vn -0.000000 1.000000 0.000000
vn -0.000000 0.987688 0.156434
vn -0.000000 0.987688 0.156434
vn -0.000000 0.951057 0.309017
vn -0.000000 0.951057 0.309017
vn -0.000000 0.891007 0.453990
vn -0.000000 0.891007 0.453990
vn -0.000000 0.809017 0.587785
vn -0.000000 0.809017 0.587785
vn -0.000000 0.707107 0.707107
vn -0.000000 0.707107 0.707107
vn -0.000000 0.587785 0.809017
vn -0.000000 0.587785 0.809017
vn -0.000000 0.453990 0.891007
vn -0.000000 0.453990 0.891007
vn -0.000000 0.309017 0.951057
vn -0.000000 0.309017 0.951057
vn -0.000000 0.156434 0.987688
vn -0.000000 0.156434 0.987688
vn -0.000000 -0.000000 1.000000
vn -0.000000 -0.000000 1.000000
vn -0.000000 -0.156434 0.987688
vn -0.000000 -0.156434 0.987688
vn -0.000000 -0.309017 0.951057
vn -0.000000 -0.309017 0.951057
vn -0.000000 -0.453990 0.891007
vn -0.000000 -0.453990 0.891007
vn -0.000000 -0.587785 0.809017
vn -0.000000 -0.587785 0.809017
vn -0.000000 -0.707107 0.707107
vn -0.000000 -0.707107 0.707107
vn -0.000000 -0.809017 0.587785
vn -0.000000 -0.809017 0.587785
vn -0.000000 -0.891007 0.453990
vn -0.000000 -0.891007 0.453990
vn -0.000000 -0.951057 0.309017
vn -0.000000 -0.951057 0.309017
vn 1.000000 -0.000000 0.000000
vn 1.000000 -0.000000 0.000000
vn 1.000000 -0.000000 0.000000
vn 1.000000 -0.000000 0.000000
vn 1.000000 -0.000000 0.000000
vn 1.000000 -0.000000 0.000000
vn 1.000000 -0.000000 0.000000
vn 1.000000 -0.000000 0.000000
vn 1.000000 -0.000000 0.000000
vn 1.000000 -0.000000 0.000000
vn 1.000000 -0.000000 0.000000
vn 1.000000 -0.000000 0.000000
vn 1.000000 -0.000000 0.000000
vn 1.000000 -0.000000 0.000000
vn 1.000000 -0.000000 0.000000
vn 1.000000 -0.000000 0.000000
vn 1.000000 -0.000000 0.000000
vn 1.000000 -0.000000 0.000000
vn 1.000000 -0.000000 0.000000
vn 1.000000 -0.000000 0.000000
vn 1.000000 -0.000000 0.000000
vn 1.000000 -0.000000 0.000000
vn 1.000000 -0.000000 0.000000
vn 1.000000 -0.000000 0.000000
vn 1.000000 -0.000000 0.000000
vn 1.000000 -0.000000 0.000000
vn 1.000000 -0.000000 0.000000
vn 1.000000 -0.000000 0.000000
vn 1.000000 -0.000000 0.000000
vn 1.000000 -0.000000 0.000000
vn 1.000000 -0.000000 0.000000
vn 1.000000 -0.000000 0.000000
vn 1.000000 -0.000000 0.000000
vn 1.000000 -0.000000 0.000000
vn 1.000000 -0.000000 0.000000
vn 1.000000 -0.000000 0.000000
vn 1.000000 -0.000000 0.000000
vn 1.000000 -0.000000 0.000000
vn 1.000000 -0.000000 0.000000
vn 1.000000 -0.000000 0.000000
vn 1.000000 -0.000000 0.000000
vn 1.000000 -0.000000 0.000000
vn 1.000000 -0.000000 0.000000
vn 1.000000 -0.000000 0.000000
vn 1.000000 -0.000000 0.000000
vn 1.000000 -0.000000 0.000000
vn 1.000000 -0.000000 0.000000
vn 1.000000 -0.000000 0.000000
vn 1.000000 -0.000000 0.000000
vn 1.000000 -0.000000 0.000000
vn 1.000000 -0.000000 0.000000
vn 1.000000 -0.000000 0.000000
vn -1.000000 0.000000 -0.000000
vn -1.000000 0.000000 -0.000000
vn -1.000000 0.000000 -0.000000
vn -1.000000 0.000000 -0.000000
vn -1.000000 0.000000 -0.000000
vn -1.000000 0.000000 -0.000000
vn -1.000000 0.000000 -0.000000
vn -1.000000 0.000000 -0.000000
vn -1.000000 0.000000 -0.000000
vn -1.000000 0.000000 -0.000000
vn -1.000000 0.000000 -0.000000
vn -1.000000 0.000000 -0.000000
vn -1.000000 0.000000 -0.000000
vn -1.000000 0.000000 -0.000000
vn -1.000000 0.000000 -0.000000
vn -1.000000 0.000000 -0.000000
vn -1.000000 0.000000 -0.000000
vn -1.000000 0.000000 -0.000000
vn -1.000000 0.000000 -0.000000
vn -1.000000 0.000000 -0.000000
vn -1.000000 0.000000 -0.000000
vn -1.000000 0.000000 -0.000000
vn -1.000000 0.000000 -0.000000
vn -1.000000 0.000000 -0.000000
vn -1.000000 0.000000 -0.000000
vn -1.000000 0.000000 -0.000000
vn -1.000000 0.000000 -0.000000
vn -1.000000 0.000000 -0.000000
vn -1.000000 0.000000 -0.000000
vn -1.000000 0.000000 -0.000000
vn -1.000000 0.000000 -0.000000
vn -1.000000 0.000000 -0.000000
vn -1.000000 0.000000 -0.000000
vn -1.000000 0.000000 -0.000000
vn -1.000000 0.000000 -0.000000
vn -1.000000 0.000000 -0.000000
vn -1.000000 0.000000 -0.000000
vn -1.000000 0.000000 -0.000000
vn -1.000000 0.000000 -0.000000
vn -1.000000 0.000000 -0.000000
vn -1.000000 0.000000 -0.000000
vn -1.000000 0.000000 -0.000000
vn -1.000000 0.000000 -0.000000
vn -1.000000 0.000000 -0.000000
vn -1.000000 0.000000 -0.000000
vn -1.000000 0.000000 -0.000000
vn -1.000000 0.000000 -0.000000
vn -1.000000 0.000000 -0.000000
vn -1.000000 0.000000 -0.000000
vn -1.000000 0.000000 -0.000000
vn -1.000000 0.000000 -0.000000
vn -1.000000 0.000000 -0.000000
usemtl Steel_-_Satin
f 1/1/1 2/2/2 4/3/3
f 4/3/3 2/2/2 3/4/4
f 6/5/5 44/6/6 5/7/7
f 5/7/7 44/6/6 45/8/8
f 5/7/7 45/8/8 46/9/9
f 2/10/10 40/11/11 6/5/5
f 6/5/5 40/11/11 66/12/12
f 6/5/5 66/12/12 67/13/13
f 1/14/14 22/15/15 2/10/10
f 2/10/10 22/15/15 23/16/16
f 2/10/10 23/16/16 24/17/17
f 5/7/7 41/18/18 1/14/14
f 1/14/14 41/18/18 42/19/19
f 1/14/14 42/19/19 15/20/20
f 15/20/20 42/19/19 14/21/21
f 14/21/21 42/19/19 13/22/22
f 13/22/22 42/19/19 12/23/23
f 12/23/23 42/19/19 11/24/24
f 11/24/24 42/19/19 10/25/25
f 10/25/25 42/19/19 9/26/26
f 9/26/26 42/19/19 8/27/27
f 8/27/27 42/19/19 7/28/28
f 7/28/28 42/19/19 39/29/29
f 7/28/28 39/29/29 38/30/30
f 38/30/30 39/29/29 37/31/31
f 37/31/31 39/29/29 36/32/32
f 36/32/32 39/29/29 35/33/33
f 35/33/33 39/29/29 34/34/34
f 34/34/34 39/29/29 33/35/35
f 33/35/35 39/29/29 32/36/36
f 32/36/36 39/29/29 2/10/10
f 32/36/36 2/10/10 31/37/37
f 31/37/37 2/10/10 30/38/38
f 30/38/38 2/10/10 29/39/39
f 29/39/39 2/10/10 28/40/40
f 28/40/40 2/10/10 27/41/41
f 27/41/41 2/10/10 26/42/42
f 26/42/42 2/10/10 25/43/43
f 25/43/43 2/10/10 24/17/17
f 15/20/20 16/44/44 1/14/14
f 1/14/14 16/44/44 17/45/45
f 1/14/14 17/45/45 18/46/46
f 18/46/46 19/47/47 1/14/14
f 1/14/14 19/47/47 20/48/48
f 1/14/14 20/48/48 21/49/49
f 21/49/49 22/15/15 1/14/14
f 39/29/29 40/11/11 2/10/10
f 41/18/18 59/50/50 40/11/11
f 40/11/11 59/50/50 60/51/51
f 40/11/11 60/51/51 61/52/52
f 74/53/53 43/54/54 6/5/5
f 6/5/5 43/54/54 44/6/6
f 46/9/9 47/55/55 5/7/7
f 5/7/7 47/55/55 48/56/56
f 5/7/7 48/56/56 49/57/57
f 49/57/57 50/58/58 5/7/7
f 5/7/7 50/58/58 51/59/59
f 5/7/7 51/59/59 41/18/18
f 41/18/18 51/59/59 52/60/60
f 41/18/18 52/60/60 53/61/61
f 53/61/61 54/62/62 41/18/18
f 41/18/18 54/62/62 55/63/63
f 41/18/18 55/63/63 56/64/64
f 56/64/64 57/65/65 41/18/18
f 41/18/18 57/65/65 58/66/66
f 41/18/18 58/66/66 59/50/50
f 61/52/52 62/67/67 40/11/11
f 40/11/11 62/67/67 63/68/68
f 40/11/11 63/68/68 64/69/69
f 64/69/69 65/70/70 40/11/11
f 40/11/11 65/70/70 66/12/12
f 67/13/13 68/71/71 6/5/5
f 6/5/5 68/71/71 69/72/72
f 6/5/5 69/72/72 70/73/73
f 70/73/73 71/74/74 6/5/5
f 6/5/5 71/74/74 72/75/75
f 6/5/5 72/75/75 73/76/76
f 73/76/76 74/53/53 6/5/5
f 2/10/2 75/77/77 3/78/4
f 3/78/4 75/77/77 76/79/78
f 78/80/79 142/81/80 77/82/81
f 77/82/81 142/81/80 111/83/82
f 77/82/81 111/83/82 112/84/83
f 4/85/84 133/86/85 78/80/79
f 78/80/79 133/86/85 134/87/86
f 78/80/79 134/87/86 135/88/87
f 3/89/88 96/90/89 4/85/84
f 4/85/84 96/90/89 97/91/90
f 4/85/84 97/91/90 98/92/91
f 77/82/81 121/93/92 3/89/88
f 3/89/88 121/93/92 85/94/93
f 3/89/88 85/94/93 86/95/94
f 110/96/95 79/97/96 127/98/97
f 127/98/97 79/97/96 80/99/98
f 127/98/97 80/99/98 126/100/99
f 126/100/99 80/99/98 81/101/100
f 126/100/99 81/101/100 125/102/101
f 125/102/101 81/101/100 82/103/102
f 125/102/101 82/103/102 124/104/103
f 124/104/103 82/103/102 83/105/104
f 124/104/103 83/105/104 123/106/105
f 123/106/105 83/105/104 84/107/106
f 123/106/105 84/107/106 122/108/107
f 122/108/107 84/107/106 121/93/92
f 121/93/92 84/107/106 85/94/93
f 86/95/94 87/109/108 3/89/88
f 3/89/88 87/109/108 88/110/109
f 3/89/88 88/110/109 89/111/110
f 89/111/110 90/112/111 3/89/88
f 3/89/88 90/112/111 91/113/112
f 3/89/88 91/113/112 92/114/113
f 92/114/113 93/115/114 3/89/88
f 3/89/88 93/115/114 94/116/115
f 3/89/88 94/116/115 95/117/116
f 95/117/116 96/90/89 3/89/88
f 98/92/91 99/118/117 4/85/84
f 4/85/84 99/118/117 100/119/118
f 4/85/84 100/119/118 101/120/119
f 101/120/119 102/121/120 4/85/84
f 4/85/84 102/121/120 103/122/121
f 4/85/84 103/122/121 104/123/122
f 104/123/122 105/124/123 4/85/84
f 4/85/84 105/124/123 133/86/85
f 105/124/123 106/125/124 133/86/85
f 133/86/85 106/125/124 132/126/125
f 132/126/125 106/125/124 107/127/126
f 132/126/125 107/127/126 131/128/127
f 131/128/127 107/127/126 108/129/128
f 131/128/127 108/129/128 130/130/129
f 130/130/129 108/129/128 129/131/130
f 129/131/130 108/129/128 109/132/131
f 129/131/130 109/132/131 128/133/132
f 128/133/132 109/132/131 110/96/95
f 128/133/132 110/96/95 127/98/97
f 112/84/83 113/134/133 77/82/81
f 77/82/81 113/134/133 114/135/134
f 77/82/81 114/135/134 115/136/135
f 115/136/135 116/137/136 77/82/81
f 77/82/81 116/137/136 117/138/137
f 77/82/81 117/138/137 118/139/138
f 118/139/138 119/140/139 77/82/81
f 77/82/81 119/140/139 120/141/140
f 77/82/81 120/141/140 121/93/92
f 135/88/87 136/142/141 78/80/79
f 78/80/79 136/142/141 137/143/142
f 78/80/79 137/143/142 138/144/143
f 138/144/143 139/145/144 78/80/79
f 78/80/79 139/145/144 140/146/145
f 78/80/79 140/146/145 141/147/146
f 141/147/146 142/81/80 78/80/79
f 4/148/147 78/149/148 1/150/149
f 1/150/149 78/149/148 5/151/150
f 6/152/151 5/153/152 77/154/153
f 77/154/153 5/153/152 78/155/154
f 2/156/10 6/157/5 145/158/155
f 145/158/155 6/157/5 143/159/156
f 145/158/155 143/159/156 144/160/157
f 145/158/155 146/161/158 2/156/10
f 2/156/10 146/161/158 75/162/159
f 75/162/159 146/161/158 147/163/160
f 38/164/161 80/165/162 7/166/163
f 7/166/163 80/165/162 79/167/164
f 7/166/163 79/167/164 8/168/165
f 8/168/165 79/167/164 110/169/166
f 8/168/165 110/169/166 9/170/167
f 9/170/167 110/169/166 109/171/168
f 9/170/167 109/171/168 10/172/169
f 10/172/169 109/171/168 108/173/170
f 10/172/169 108/173/170 11/174/171
f 11/174/171 108/173/170 107/175/172
f 11/174/171 107/175/172 12/176/173
f 12/176/173 107/175/172 106/177/174
f 12/176/173 106/177/174 13/178/175
f 13/178/175 106/177/174 105/179/176
f 13/178/175 105/179/176 14/180/177
f 14/180/177 105/179/176 104/181/178
f 14/180/177 104/181/178 15/182/179
f 15/182/179 104/181/178 103/183/180
f 15/182/179 103/183/180 16/184/181
f 16/184/181 103/183/180 102/185/182
f 16/184/181 102/185/182 17/186/183
f 17/186/183 102/185/182 101/187/184
f 17/186/183 101/187/184 18/188/185
f 18/188/185 101/187/184 100/189/186
f 18/188/185 100/189/186 19/190/187
f 19/190/187 100/189/186 99/191/188
f 19/190/187 99/191/188 20/192/189
f 20/192/189 99/191/188 98/193/190
f 20/192/189 98/193/190 21/194/191
f 21/194/191 98/193/190 97/195/192
f 21/194/191 97/195/192 22/196/193
f 22/196/193 97/195/192 96/197/194
f 22/196/193 96/197/194 23/198/195
f 23/198/195 96/197/194 95/199/196
f 23/200/195 95/201/196 24/202/197
f 24/202/197 95/201/196 94/203/198
f 24/202/197 94/203/198 25/204/199
f 25/204/199 94/203/198 93/205/200
f 25/204/199 93/205/200 26/206/201
f 26/206/201 93/205/200 92/207/202
f 26/206/201 92/207/202 27/208/203
f 27/208/203 92/207/202 91/209/204
f 27/208/203 91/209/204 28/210/205
f 28/210/205 91/209/204 90/211/206
f 28/210/205 90/211/206 29/212/207
f 29/212/207 90/211/206 89/213/208
f 29/212/207 89/213/208 30/214/209
f 30/214/209 89/213/208 88/215/210
f 30/214/209 88/215/210 31/216/211
f 31/216/211 88/215/210 87/217/212
f 31/216/211 87/217/212 32/218/213
f 32/218/213 87/217/212 86/219/214
f 32/218/213 86/219/214 33/220/215
f 33/220/215 86/219/214 85/221/216
f 33/220/215 85/221/216 34/222/217
f 34/222/217 85/221/216 84/223/218
f 34/222/217 84/223/218 35/224/219
f 35/224/219 84/223/218 83/225/220
f 35/224/219 83/225/220 36/226/221
f 36/226/221 83/225/220 82/227/222
f 36/226/221 82/227/222 37/228/223
f 37/228/223 82/227/222 81/229/224
f 37/228/223 81/229/224 38/164/161
f 38/164/161 81/229/224 80/165/162
f 148/230/225 149/231/226 39/232/227
f 39/232/227 149/231/226 40/233/228
f 39/234/229 42/235/230 148/236/231
f 148/236/231 42/235/230 150/237/232
f 149/238/233 151/239/234 40/240/235
f 40/240/235 151/239/234 41/241/236
f 42/242/237 41/243/238 150/244/239
f 150/244/239 41/243/238 151/245/240
f 74/246/241 112/247/242 43/248/243
f 43/248/243 112/247/242 111/249/244
f 43/248/243 111/249/244 44/250/245
f 44/250/245 111/249/244 142/251/246
f 44/250/245 142/251/246 45/252/247
f 45/252/247 142/251/246 141/253/248
f 45/252/247 141/253/248 46/254/249
f 46/254/249 141/253/248 140/255/250
f 46/254/249 140/255/250 47/256/251
f 47/256/251 140/255/250 139/257/252
f 47/256/251 139/257/252 48/258/253
f 48/258/253 139/257/252 138/259/254
f 48/258/253 138/259/254 49/260/255
f 49/260/255 138/259/254 137/261/256
f 49/260/255 137/261/256 50/262/257
f 50/262/257 137/261/256 136/263/258
f 50/262/257 136/263/258 51/264/259
f 51/264/259 136/263/258 135/265/260
f 51/264/259 135/265/260 52/266/261
f 52/266/261 135/265/260 134/267/262
f 52/266/261 134/267/262 53/268/263
f 53/268/263 134/267/262 133/269/264
f 53/268/263 133/269/264 54/270/265
f 54/270/265 133/269/264 132/271/266
f 54/270/265 132/271/266 55/272/267
f 55/272/267 132/271/266 131/273/268
f 55/272/267 131/273/268 56/274/269
f 56/274/269 131/273/268 130/275/270
f 56/274/269 130/275/270 57/276/271
f 57/276/271 130/275/270 129/277/272
f 57/276/271 129/277/272 58/278/273
f 58/278/273 129/277/272 128/279/274
f 58/278/273 128/279/274 59/280/275
f 59/280/275 128/279/274 127/281/276
f 59/282/275 127/283/276 60/284/277
f 60/284/277 127/283/276 126/285/278
f 60/284/277 126/285/278 61/286/279
f 61/286/279 126/285/278 125/287/280
f 61/286/279 125/287/280 62/288/281
f 62/288/281 125/287/280 124/289/282
f 62/288/281 124/289/282 63/290/283
f 63/290/283 124/289/282 123/291/284
f 63/290/283 123/291/284 64/292/285
f 64/292/285 123/291/284 122/293/286
f 64/292/285 122/293/286 65/294/287
f 65/294/287 122/293/286 121/295/288
f 65/294/287 121/295/288 66/296/289
f 66/296/289 121/295/288 120/297/290
f 66/296/289 120/297/290 67/298/291
f 67/298/291 120/297/290 119/299/292
f 67/298/291 119/299/292 68/300/293
f 68/300/293 119/299/292 118/301/294
f 68/300/293 118/301/294 69/302/295
f 69/302/295 118/301/294 117/303/296
f 69/302/295 117/303/296 70/304/297
f 70/304/297 117/303/296 116/305/298
f 70/304/297 116/305/298 71/306/299
f 71/306/299 116/305/298 115/307/300
f 71/306/299 115/307/300 72/308/301
f 72/308/301 115/307/300 114/309/302
f 72/308/301 114/309/302 73/310/303
f 73/310/303 114/309/302 113/311/304
f 73/310/303 113/311/304 74/246/241
f 74/246/241 113/311/304 112/247/242
f 153/312/305 76/313/306 152/314/307
f 152/314/307 76/313/306 75/315/308
f 152/314/307 75/315/308 147/316/309
f 3/317/4 76/318/78 155/319/310
f 155/319/310 76/318/78 154/320/311
f 155/321/312 156/322/313 3/323/314
f 3/323/314 156/322/313 77/324/315
f 143/325/316 6/326/151 157/327/317
f 157/327/317 6/326/151 77/328/153
f 144/329/318 143/330/319 158/331/320
f 158/331/320 143/330/319 157/332/321
f 158/331/320 157/332/321 159/333/322
f 147/334/160 146/335/158 144/336/157
f 144/336/157 146/335/158 145/337/155
f 151/338/323 149/339/324 150/340/325
f 150/340/325 149/339/324 148/341/326
f 161/342/327 154/343/328 160/344/329
f 160/344/329 154/343/328 76/345/306
f 160/344/329 76/345/306 153/346/305
f 152/347/330 162/348/331 153/349/332
f 153/349/332 162/348/331 163/350/333
f 153/349/332 163/350/333 160/351/334
f 160/351/334 163/350/333 164/352/335
f 162/348/331 152/347/330 165/353/336
f 165/353/336 152/354/330 147/355/337
f 169/356/338 166/357/339 168/358/340
f 168/358/340 166/357/339 156/359/341
f 168/358/340 156/359/341 155/360/342
f 168/358/340 155/360/342 167/361/343
f 167/361/343 155/360/342 154/362/344
f 167/361/343 154/362/344 161/363/345
f 157/364/317 77/365/153 166/366/346
f 166/366/346 77/365/153 156/367/347
f 171/368/348 144/369/349 170/370/350
f 170/370/350 144/369/349 158/371/351
f 170/370/350 159/372/352 172/373/353
f 172/373/353 159/372/352 173/374/354
f 172/373/353 173/374/354 174/375/355
f 170/376/350 158/377/351 159/372/352
f 159/378/322 157/379/321 173/380/356
f 173/380/356 157/379/321 166/381/357
f 173/380/356 166/381/357 169/382/358
f 144/383/157 171/384/359 147/385/160
f 147/385/160 171/384/359 165/386/360
f 160/387/334 164/388/335 161/389/361
f 161/389/361 164/388/335 175/390/362
f 176/391/363 177/392/364 162/393/331
f 162/393/331 177/392/364 178/394/365
f 162/393/331 178/394/365 179/395/366
f 179/395/366 180/396/367 162/393/331
f 162/393/331 180/396/367 181/397/368
f 162/393/331 181/397/368 182/398/369
f 182/398/369 183/399/370 162/393/331
f 162/393/331 183/399/370 184/400/371
f 162/393/331 184/400/371 185/401/372
f 185/401/372 186/402/373 162/393/331
f 162/393/331 186/402/373 187/403/374
f 162/393/331 187/403/374 188/404/375
f 188/404/375 189/405/376 162/393/331
f 162/393/331 189/405/376 190/406/377
f 162/393/331 190/406/377 191/407/378
f 191/407/378 192/408/379 162/393/331
f 162/393/331 192/408/379 163/409/333
f 163/409/333 193/410/380 164/411/335
f 164/411/335 193/410/380 194/412/381
f 164/411/335 194/412/381 195/413/382
f 195/413/382 196/414/383 164/411/335
f 164/411/335 196/414/383 197/415/384
f 164/411/335 197/415/384 198/416/385
f 198/416/385 199/417/386 164/411/335
f 164/411/335 199/417/386 200/418/387
f 164/411/335 200/418/387 201/419/388
f 201/419/388 202/420/389 164/411/335
f 164/411/335 202/420/389 203/421/390
f 164/411/335 203/421/390 204/422/391
f 204/422/391 205/423/392 164/411/335
f 164/411/335 205/423/392 206/424/393
f 164/411/335 206/424/393 207/425/394
f 207/425/394 208/426/395 164/411/335
f 164/411/335 208/426/395 209/427/396
f 162/428/397 165/429/398 216/430/399
f 216/430/399 165/429/398 171/431/400
f 216/430/399 171/431/400 210/432/401
f 210/432/401 171/431/400 170/433/402
f 216/430/399 210/432/401 215/434/403
f 215/434/403 210/432/401 211/435/404
f 215/434/403 211/435/404 214/436/405
f 214/436/405 211/435/404 212/437/406
f 214/436/405 212/437/406 175/438/407
f 175/438/407 212/437/406 213/439/408
f 213/439/408 212/437/406 174/440/409
f 175/438/407 164/441/410 214/436/405
f 169/442/338 168/443/340 161/444/345
f 161/444/345 168/443/340 167/445/343
f 172/446/353 217/447/411 170/448/350
f 170/448/350 217/447/411 218/449/412
f 170/448/350 218/449/412 219/450/413
f 219/450/413 220/451/414 170/448/350
f 170/448/350 220/451/414 221/452/415
f 170/448/350 221/452/415 222/453/416
f 222/453/416 223/454/417 170/448/350
f 170/448/350 223/454/417 224/455/418
f 170/448/350 224/455/418 225/456/419
f 225/456/419 226/457/420 170/448/350
f 170/448/350 226/457/420 227/458/421
f 170/448/350 227/458/421 228/459/422
f 228/459/422 229/460/423 170/448/350
f 170/448/350 229/460/423 230/461/424
f 170/448/350 230/461/424 231/462/425
f 231/462/425 232/463/426 170/448/350
f 170/448/350 232/463/426 233/464/427
f 234/465/428 235/466/429 174/467/355
f 174/467/355 235/466/429 236/468/430
f 174/467/355 236/468/430 237/469/431
f 237/469/431 238/470/432 174/467/355
f 174/467/355 238/470/432 239/471/433
f 174/467/355 239/471/433 240/472/434
f 240/472/434 241/473/435 174/467/355
f 174/467/355 241/473/435 242/474/436
f 174/467/355 242/474/436 243/475/437
f 243/475/437 244/476/438 174/467/355
f 174/467/355 244/476/438 245/477/439
f 174/467/355 245/477/439 246/478/440
f 246/478/440 247/479/441 174/467/355
f 174/467/355 247/479/441 248/480/442
f 174/467/355 248/480/442 249/481/443
f 249/481/443 250/482/444 174/467/355
f 174/467/355 250/482/444 172/483/353
f 174/484/355 173/485/354 213/486/445
f 213/486/445 173/485/354 169/487/446
f 213/488/447 169/489/338 175/490/448
f 175/490/448 169/489/338 161/491/345
f 251/492/449 252/493/450 176/494/363
f 176/494/363 252/493/450 177/495/364
f 177/495/364 252/493/450 253/496/451
f 177/495/364 253/496/451 178/497/365
f 178/497/365 253/496/451 254/498/452
f 178/497/365 254/498/452 179/499/366
f 179/499/366 254/498/452 255/500/453
f 179/499/366 255/500/453 180/501/367
f 180/501/367 255/500/453 256/502/454
f 180/501/367 256/502/454 181/503/368
f 181/503/368 256/502/454 257/504/455
f 181/503/368 257/504/455 258/505/456
f 259/506/457 183/507/370 258/505/456
f 258/505/456 183/507/370 182/508/369
f 258/505/456 182/508/369 181/503/368
f 183/507/370 259/506/457 184/509/371
f 184/509/371 259/506/457 260/510/458
f 184/509/371 260/510/458 185/511/372
f 185/511/372 260/510/458 186/512/373
f 186/512/373 260/510/458 261/513/459
f 186/512/373 261/513/459 187/514/374
f 187/514/374 261/513/459 188/515/375
f 188/515/375 261/513/459 189/516/376
f 189/516/376 261/513/459 190/517/377
f 190/517/377 261/513/459 191/518/378
f 191/518/378 261/513/459 192/519/379
f 192/519/379 261/513/459 163/520/333
f 163/520/333 261/513/459 193/521/380
f 193/521/380 261/513/459 194/522/381
f 194/522/381 261/513/459 195/523/382
f 195/523/382 261/513/459 196/524/383
f 196/524/383 261/513/459 197/525/384
f 197/525/384 261/513/459 198/526/385
f 198/526/385 261/513/459 199/527/386
f 199/527/386 261/513/459 262/528/460
f 199/527/386 262/528/460 200/529/387
f 200/529/387 262/528/460 201/530/388
f 201/530/388 262/528/460 263/531/461
f 201/530/388 263/531/461 202/532/389
f 202/532/389 263/531/461 264/533/462
f 202/532/389 264/533/462 203/534/390
f 203/534/390 264/533/462 204/535/391
f 204/535/391 264/533/462 265/536/463
f 204/535/391 265/536/463 266/537/464
f 204/535/391 266/537/464 205/538/392
f 205/538/392 266/537/464 267/539/465
f 205/538/392 267/539/465 206/540/393
f 206/540/393 267/539/465 268/541/466
f 206/540/393 268/541/466 207/542/394
f 207/542/394 268/541/466 269/543/467
f 207/542/394 269/543/467 208/544/395
f 208/544/395 269/543/467 270/545/468
f 208/544/395 270/545/468 209/546/396
f 209/546/396 270/545/468 271/547/469
f 216/548/470 272/549/471 162/550/472
f 162/550/472 272/549/471 176/551/473
f 273/552/474 214/553/475 209/554/476
f 209/554/476 214/553/475 164/555/477
f 215/556/478 274/557/479 216/558/480
f 216/558/480 274/557/479 275/559/481
f 216/558/480 275/559/481 276/560/482
f 276/560/482 277/561/483 216/558/480
f 216/558/480 277/561/483 278/562/484
f 216/558/480 278/562/484 279/563/485
f 279/563/485 280/564/486 216/558/480
f 216/558/480 280/564/486 281/565/487
f 216/558/480 281/565/487 282/566/488
f 282/566/488 283/567/489 216/558/480
f 216/558/480 283/567/489 284/568/490
f 216/558/480 284/568/490 285/569/491
f 285/569/491 286/570/492 216/558/480
f 216/558/480 286/570/492 287/571/493
f 216/558/480 287/571/493 288/572/494
f 288/572/494 289/573/495 216/558/480
f 216/558/480 289/573/495 272/574/496
f 273/575/497 290/576/498 214/577/499
f 214/577/499 290/576/498 291/578/500
f 214/577/499 291/578/500 292/579/501
f 292/579/501 293/580/502 214/577/499
f 214/577/499 293/580/502 294/581/503
f 214/577/499 294/581/503 295/582/504
f 295/582/504 296/583/505 214/577/499
f 214/577/499 296/583/505 297/584/506
f 214/577/499 297/584/506 298/585/507
f 298/585/507 299/586/508 214/577/499
f 214/577/499 299/586/508 300/587/509
f 214/577/499 300/587/509 301/588/510
f 301/588/510 302/589/511 214/577/499
f 214/577/499 302/589/511 303/590/512
f 214/577/499 303/590/512 304/591/513
f 304/591/513 305/592/514 214/577/499
f 214/577/499 305/592/514 215/593/478
f 234/594/515 174/595/516 306/596/517
f 306/596/517 174/595/516 212/597/518
f 211/598/519 307/599/520 212/600/521
f 212/600/521 307/599/520 308/601/522
f 212/600/521 308/601/522 309/602/523
f 309/602/523 310/603/524 212/600/521
f 212/600/521 310/603/524 311/604/525
f 212/600/521 311/604/525 312/605/526
f 312/605/526 313/606/527 212/600/521
f 212/600/521 313/606/527 314/607/528
f 212/600/521 314/607/528 315/608/529
f 315/608/529 316/609/530 212/600/521
f 212/600/521 316/609/530 317/610/531
f 212/600/521 317/610/531 318/611/532
f 318/611/532 319/612/533 212/600/521
f 212/600/521 319/612/533 320/613/534
f 212/600/521 320/613/534 321/614/535
f 321/614/535 322/615/536 212/600/521
f 212/600/521 322/615/536 306/616/537
f 323/617/538 324/618/539 210/619/540
f 210/619/540 324/618/539 325/620/541
f 210/619/540 325/620/541 326/621/542
f 326/621/542 327/622/543 210/619/540
f 210/619/540 327/622/543 328/623/544
f 210/619/540 328/623/544 329/624/545
f 329/624/545 330/625/546 210/619/540
f 210/619/540 330/625/546 331/626/547
f 210/619/540 331/626/547 332/627/548
f 332/627/548 333/628/549 210/619/540
f 210/619/540 333/628/549 334/629/550
f 210/619/540 334/629/550 335/630/551
f 335/630/551 336/631/552 210/619/540
f 210/619/540 336/631/552 337/632/553
f 210/619/540 337/632/553 338/633/554
f 338/633/554 339/634/555 210/619/540
f 210/619/540 339/634/555 211/635/519
f 170/636/556 233/637/557 210/638/558
f 210/638/558 233/637/557 323/639/559
f 340/640/560 233/641/427 360/642/561
f 360/642/561 233/641/427 232/643/426
f 360/642/561 232/643/426 359/644/562
f 359/644/562 232/643/426 231/645/425
f 359/644/562 231/645/425 358/646/563
f 358/646/563 231/645/425 230/647/424
f 358/646/563 230/647/424 357/648/564
f 357/648/564 230/647/424 229/649/423
f 357/648/564 229/649/423 356/650/565
f 356/650/565 229/649/423 228/651/422
f 356/650/565 228/651/422 355/652/566
f 355/652/566 228/651/422 354/653/567
f 354/653/567 228/651/422 227/654/421
f 354/653/567 227/654/421 226/655/420
f 354/653/567 226/655/420 353/656/568
f 353/656/568 226/655/420 225/657/419
f 353/656/568 225/657/419 352/658/569
f 352/658/569 225/657/419 224/659/418
f 352/658/569 224/659/418 223/660/417
f 352/658/569 223/660/417 351/661/570
f 351/661/570 223/660/417 222/662/416
f 351/661/570 222/662/416 221/663/415
f 221/663/415 220/664/414 351/661/570
f 351/661/570 220/664/414 219/665/413
f 351/661/570 219/665/413 218/666/412
f 218/666/412 217/667/411 351/661/570
f 351/661/570 217/667/411 172/668/353
f 351/661/570 172/668/353 250/669/444
f 250/669/444 249/670/443 351/661/570
f 351/661/570 249/670/443 248/671/442
f 351/661/570 248/671/442 247/672/441
f 247/672/441 246/673/440 351/661/570
f 351/661/570 246/673/440 245/674/439
f 351/661/570 245/674/439 244/675/438
f 351/661/570 244/675/438 350/676/571
f 350/676/571 244/675/438 243/677/437
f 350/676/571 243/677/437 242/678/436
f 350/676/571 242/678/436 349/679/572
f 349/679/572 242/678/436 241/680/435
f 349/679/572 241/680/435 348/681/573
f 348/681/573 241/680/435 240/682/434
f 348/681/573 240/682/434 239/683/433
f 238/684/432 346/685/574 239/683/433
f 239/683/433 346/685/574 347/686/575
f 239/683/433 347/686/575 348/681/573
f 346/685/574 238/684/432 345/687/576
f 345/687/576 238/684/432 237/688/431
f 345/687/576 237/688/431 344/689/577
f 344/689/577 237/688/431 236/690/430
f 344/689/577 236/690/430 343/691/578
f 343/691/578 236/690/430 235/692/429
f 343/691/578 235/692/429 342/693/579
f 342/693/579 235/692/429 234/694/428
f 342/693/579 234/694/428 341/695/580
f 251/696/449 176/697/363 412/698/581
f 412/698/581 176/697/363 361/699/582
f 412/698/581 361/699/582 411/700/583
f 411/700/583 361/699/582 362/701/584
f 411/700/583 362/701/584 410/702/585
f 410/702/585 362/701/584 363/703/586
f 410/702/585 363/703/586 409/704/587
f 409/704/587 363/703/586 364/705/588
f 409/704/587 364/705/588 408/706/589
f 408/706/589 364/705/588 365/707/590
f 408/706/589 365/707/590 407/708/591
f 407/708/591 365/707/590 406/709/592
f 406/709/592 365/707/590 366/710/593
f 406/709/592 366/710/593 367/711/594
f 406/709/592 367/711/594 405/712/595
f 405/712/595 367/711/594 368/713/596
f 405/712/595 368/713/596 404/714/597
f 404/714/597 368/713/596 369/715/598
f 404/714/597 369/715/598 370/716/599
f 404/714/597 370/716/599 403/717/600
f 403/717/600 370/716/599 371/718/601
f 403/717/600 371/718/601 372/719/602
f 372/719/602 373/720/603 403/717/600
f 403/717/600 373/720/603 374/721/604
f 403/717/600 374/721/604 375/722/605
f 375/722/605 376/723/606 403/717/600
f 403/717/600 376/723/606 377/724/607
f 403/717/600 377/724/607 378/725/608
f 378/725/608 379/726/609 403/717/600
f 403/717/600 379/726/609 380/727/610
f 403/717/600 380/727/610 381/728/611
f 381/728/611 382/729/612 403/717/600
f 403/717/600 382/729/612 383/730/613
f 403/717/600 383/730/613 384/731/614
f 403/717/600 384/731/614 402/732/615
f 402/732/615 384/731/614 385/733/616
f 402/732/615 385/733/616 386/734/617
f 402/732/615 386/734/617 401/735/618
f 401/735/618 386/734/617 387/736/619
f 401/735/618 387/736/619 400/737/620
f 400/737/620 387/736/619 388/738/621
f 400/737/620 388/738/621 389/739/622
f 390/740/623 398/741/624 389/739/622
f 389/739/622 398/741/624 399/742/625
f 389/739/622 399/742/625 400/737/620
f 398/741/624 390/740/623 397/743/626
f 397/743/626 390/740/623 391/744/627
f 397/743/626 391/744/627 396/745/628
f 396/745/628 391/744/627 392/746/629
f 396/745/628 392/746/629 395/747/630
f 395/747/630 392/746/629 393/748/631
f 395/747/630 393/748/631 394/749/632
f 394/749/632 393/748/631 209/750/396
f 394/749/632 209/750/396 271/751/469
f 270/752/633 432/753/634 271/754/635
f 271/754/635 432/753/634 433/755/636
f 271/754/635 433/755/636 394/756/637
f 394/756/637 433/755/636 434/757/638
f 394/756/637 434/757/638 395/758/639
f 395/758/639 434/757/638 435/759/640
f 395/758/639 435/759/640 396/760/641
f 396/760/641 435/759/640 436/761/642
f 396/760/641 436/761/642 397/762/643
f 397/762/643 436/761/642 437/763/644
f 397/762/643 437/763/644 398/764/645
f 398/764/645 437/763/644 438/765/646
f 398/764/645 438/765/646 399/766/647
f 399/766/647 438/765/646 439/767/648
f 399/766/647 439/767/648 400/768/649
f 400/768/649 439/767/648 440/769/650
f 400/768/649 440/769/650 401/770/651
f 401/770/651 440/769/650 441/771/652
f 401/770/651 441/771/652 402/772/653
f 402/772/653 441/771/652 442/773/654
f 402/772/653 442/773/654 403/774/655
f 403/774/655 442/773/654 443/775/656
f 403/776/655 443/777/656 404/778/657
f 404/778/657 443/777/656 444/779/658
f 404/778/657 444/779/658 405/780/659
f 405/780/659 444/779/658 445/781/660
f 405/780/659 445/781/660 406/782/661
f 406/782/661 445/781/660 446/783/662
f 406/782/661 446/783/662 407/784/663
f 407/784/663 446/783/662 447/785/664
f 407/784/663 447/785/664 408/786/665
f 408/786/665 447/785/664 448/787/666
f 408/786/665 448/787/666 409/788/667
f 409/788/667 448/787/666 449/789/668
f 409/788/667 449/789/668 410/790/669
f 410/790/669 449/789/668 450/791/670
f 410/790/669 450/791/670 411/792/671
f 411/792/671 450/791/670 451/793/672
f 411/792/671 451/793/672 412/794/673
f 412/794/673 451/793/672 452/795/674
f 412/794/673 452/795/674 251/796/675
f 251/796/675 452/795/674 413/797/676
f 251/796/675 413/797/676 252/798/677
f 252/798/677 413/797/676 414/799/678
f 252/798/677 414/799/678 253/800/679
f 253/800/679 414/799/678 415/801/680
f 253/800/679 415/801/680 254/802/681
f 254/802/681 415/801/680 416/803/682
f 254/802/681 416/803/682 255/804/683
f 255/804/683 416/803/682 417/805/684
f 255/804/683 417/805/684 256/806/685
f 256/806/685 417/805/684 418/807/686
f 256/806/685 418/807/686 257/808/687
f 257/808/687 418/807/686 419/809/688
f 257/808/687 419/809/688 258/810/689
f 258/810/689 419/809/688 420/811/690
f 258/810/689 420/811/690 259/812/691
f 259/812/691 420/811/690 421/813/692
f 259/812/691 421/813/692 260/814/693
f 260/814/693 421/813/692 422/815/694
f 260/814/693 422/815/694 261/816/695
f 261/816/695 422/815/694 423/817/696
f 261/816/695 423/817/696 262/818/697
f 262/818/697 423/817/696 424/819/698
f 262/818/697 424/819/698 263/820/699
f 263/820/699 424/819/698 425/821/700
f 263/820/699 425/821/700 264/822/701
f 264/822/701 425/821/700 426/823/702
f 264/822/701 426/823/702 265/824/703
f 265/824/703 426/823/702 427/825/704
f 265/824/703 427/825/704 266/826/705
f 266/826/705 427/825/704 428/827/706
f 266/826/705 428/827/706 267/828/707
f 267/828/707 428/827/706 429/829/708
f 267/828/707 429/829/708 268/830/709
f 268/830/709 429/829/708 430/831/710
f 268/830/709 430/831/710 269/832/711
f 269/832/711 430/831/710 431/833/712
f 269/832/711 431/833/712 270/752/633
f 270/752/633 431/833/712 432/753/634
f 176/834/473 272/835/471 361/836/713
f 361/836/713 272/835/471 453/837/714
f 361/836/713 453/837/714 362/838/715
f 362/838/715 453/837/714 454/839/716
f 362/838/715 454/839/716 363/840/717
f 363/840/717 454/839/716 455/841/718
f 363/840/717 455/841/718 364/842/719
f 364/842/719 455/841/718 456/843/720
f 364/842/719 456/843/720 365/844/721
f 365/844/721 456/843/720 457/845/722
f 365/844/721 457/845/722 366/846/723
f 366/846/723 457/845/722 458/847/724
f 366/846/723 458/847/724 367/848/725
f 367/848/725 458/847/724 459/849/726
f 367/848/725 459/849/726 368/850/727
f 368/850/727 459/849/726 460/851/728
f 368/850/727 460/851/728 369/852/729
f 369/852/729 460/851/728 461/853/730
f 369/852/729 461/853/730 370/854/731
f 370/854/731 461/853/730 462/855/732
f 370/854/731 462/855/732 371/856/733
f 371/856/733 462/855/732 463/857/734
f 371/856/733 463/857/734 372/858/735
f 372/858/735 463/857/734 464/859/736
f 372/858/735 464/859/736 373/860/737
f 373/860/737 464/859/736 465/861/738
f 373/860/737 465/861/738 374/862/739
f 374/862/739 465/861/738 466/863/740
f 374/862/739 466/863/740 375/864/741
f 375/864/741 466/863/740 467/865/742
f 375/864/741 467/865/742 376/866/743
f 376/866/743 467/865/742 468/867/744
f 376/866/743 468/867/744 377/868/745
f 377/868/745 468/867/744 469/869/746
f 377/868/745 469/869/746 378/870/747
f 378/870/747 469/869/746 470/871/748
f 378/870/747 470/871/748 379/872/749
f 379/872/749 470/871/748 471/873/750
f 379/872/749 471/873/750 380/874/751
f 380/874/751 471/873/750 472/875/752
f 380/874/751 472/875/752 381/876/753
f 381/876/753 472/875/752 473/877/754
f 381/876/753 473/877/754 382/878/755
f 382/878/755 473/877/754 474/879/756
f 382/878/755 474/879/756 383/880/757
f 383/880/757 474/879/756 475/881/758
f 383/880/757 475/881/758 384/882/759
f 384/882/759 475/881/758 476/883/760
f 384/882/759 476/883/760 385/884/761
f 385/884/761 476/883/760 477/885/762
f 385/884/761 477/885/762 386/886/763
f 386/886/763 477/885/762 478/887/764
f 386/886/763 478/887/764 387/888/765
f 387/888/765 478/887/764 479/889/766
f 387/888/765 479/889/766 388/890/767
f 388/890/767 479/889/766 480/891/768
f 388/890/767 480/891/768 389/892/769
f 389/892/769 480/891/768 481/893/770
f 389/892/769 481/893/770 390/894/771
f 390/894/771 481/893/770 482/895/772
f 390/894/771 482/895/772 391/896/773
f 391/896/773 482/895/772 483/897/774
f 391/896/773 483/897/774 392/898/775
f 392/898/775 483/897/774 484/899/776
f 392/898/775 484/899/776 393/900/777
f 393/900/777 484/899/776 485/901/778
f 393/900/777 485/901/778 209/902/476
f 209/902/476 485/901/778 273/903/474
f 413/904/779 272/905/496 414/906/780
f 414/906/780 272/905/496 289/907/495
f 414/906/780 289/907/495 415/908/781
f 415/908/781 289/907/495 288/909/494
f 415/908/781 288/909/494 416/910/782
f 416/910/782 288/909/494 287/911/493
f 416/910/782 287/911/493 417/912/783
f 417/912/783 287/911/493 286/913/492
f 417/912/783 286/913/492 418/914/784
f 418/914/784 286/913/492 285/915/491
f 418/914/784 285/915/491 419/916/785
f 419/916/785 285/915/491 420/917/786
f 420/917/786 285/915/491 284/918/490
f 420/917/786 284/918/490 283/919/489
f 420/917/786 283/919/489 421/920/787
f 421/920/787 283/919/489 282/921/488
f 421/920/787 282/921/488 422/922/788
f 422/922/788 282/921/488 281/923/487
f 422/922/788 281/923/487 280/924/486
f 422/922/788 280/924/486 423/925/789
f 423/925/789 280/924/486 279/926/485
f 423/925/789 279/926/485 278/927/484
f 278/927/484 277/928/483 423/925/789
f 423/925/789 277/928/483 276/929/482
f 423/925/789 276/929/482 275/930/481
f 275/930/481 274/931/479 423/925/789
f 423/925/789 274/931/479 215/932/478
f 423/925/789 215/932/478 305/933/514
f 305/933/514 304/934/513 423/925/789
f 423/925/789 304/934/513 303/935/512
f 423/925/789 303/935/512 302/936/511
f 302/936/511 301/937/510 423/925/789
f 423/925/789 301/937/510 300/938/509
f 423/925/789 300/938/509 299/939/508
f 423/925/789 299/939/508 424/940/790
f 424/940/790 299/939/508 298/941/507
f 424/940/790 298/941/507 297/942/506
f 424/940/790 297/942/506 425/943/791
f 425/943/791 297/942/506 296/944/505
f 425/943/791 296/944/505 426/945/792
f 426/945/792 296/944/505 295/946/504
f 426/945/792 295/946/504 294/947/503
f 293/948/502 428/949/793 294/947/503
f 294/947/503 428/949/793 427/950/794
f 294/947/503 427/950/794 426/945/792
f 428/949/793 293/948/502 429/951/795
f 429/951/795 293/948/502 292/952/501
f 429/951/795 292/952/501 430/953/796
f 430/953/796 292/952/501 291/954/500
f 430/953/796 291/954/500 431/955/797
f 431/955/797 291/954/500 290/956/498
f 431/955/797 290/956/498 432/957/798
f 432/957/798 290/956/498 273/958/497
f 432/957/798 273/958/497 433/959/799
f 323/960/559 233/961/557 551/962/800
f 551/962/800 233/961/557 486/963/801
f 551/962/800 486/963/801 550/964/802
f 550/964/802 486/963/801 487/965/803
f 550/964/802 487/965/803 549/966/804
f 549/966/804 487/965/803 488/967/805
f 549/966/804 488/967/805 548/968/806
f 548/968/806 488/967/805 489/969/807
f 548/968/806 489/969/807 547/970/808
f 547/970/808 489/969/807 490/971/809
f 547/970/808 490/971/809 546/972/810
f 546/972/810 490/971/809 491/973/811
f 546/972/810 491/973/811 545/974/812
f 545/974/812 491/973/811 492/975/813
f 545/974/812 492/975/813 544/976/814
f 544/976/814 492/975/813 493/977/815
f 544/976/814 493/977/815 543/978/816
f 543/978/816 493/977/815 494/979/817
f 543/978/816 494/979/817 542/980/818
f 542/980/818 494/979/817 495/981/819
f 542/980/818 495/981/819 541/982/820
f 541/982/820 495/981/819 496/983/821
f 541/982/820 496/983/821 540/984/822
f 540/984/822 496/983/821 497/985/823
f 540/984/822 497/985/823 539/986/824
f 539/986/824 497/985/823 498/987/825
f 539/986/824 498/987/825 538/988/826
f 538/988/826 498/987/825 499/989/827
f 538/988/826 499/989/827 537/990/828
f 537/990/828 499/989/827 500/991/829
f 537/990/828 500/991/829 536/992/830
f 536/992/830 500/991/829 501/993/831
f 536/992/830 501/993/831 535/994/832
f 535/994/832 501/993/831 502/995/833
f 535/994/832 502/995/833 534/996/834
f 534/996/834 502/995/833 503/997/835
f 534/996/834 503/997/835 533/998/836
f 533/998/836 503/997/835 504/999/837
f 533/998/836 504/999/837 532/1000/838
f 532/1000/838 504/999/837 505/1001/839
f 532/1000/838 505/1001/839 531/1002/840
f 531/1002/840 505/1001/839 506/1003/841
f 531/1002/840 506/1003/841 530/1004/842
f 530/1004/842 506/1003/841 507/1005/843
f 530/1004/842 507/1005/843 529/1006/844
f 529/1006/844 507/1005/843 508/1007/845
f 529/1006/844 508/1007/845 528/1008/846
f 528/1008/846 508/1007/845 509/1009/847
f 528/1008/846 509/1009/847 527/1010/848
f 527/1010/848 509/1009/847 510/1011/849
f 527/1010/848 510/1011/849 526/1012/850
f 526/1012/850 510/1011/849 511/1013/851
f 526/1012/850 511/1013/851 525/1014/852
f 525/1014/852 511/1013/851 512/1015/853
f 525/1014/852 512/1015/853 524/1016/854
f 524/1016/854 512/1015/853 513/1017/855
f 524/1016/854 513/1017/855 523/1018/856
f 523/1018/856 513/1017/855 514/1019/857
f 523/1018/856 514/1019/857 522/1020/858
f 522/1020/858 514/1019/857 515/1021/859
f 522/1020/858 515/1021/859 521/1022/860
f 521/1022/860 515/1021/859 516/1023/861
f 521/1022/860 516/1023/861 520/1024/862
f 520/1024/862 516/1023/861 517/1025/863
f 520/1024/862 517/1025/863 519/1026/864
f 519/1026/864 517/1025/863 518/1027/865
f 519/1026/864 518/1027/865 306/1028/517
f 306/1028/517 518/1027/865 234/1029/515
f 552/1030/866 553/1031/867 323/1032/538
f 323/1032/538 553/1031/867 324/1033/539
f 324/1033/539 553/1031/867 554/1034/868
f 324/1033/539 554/1034/868 325/1035/541
f 325/1035/541 554/1034/868 555/1036/869
f 325/1035/541 555/1036/869 326/1037/542
f 326/1037/542 555/1036/869 556/1038/870
f 326/1037/542 556/1038/870 327/1039/543
f 327/1039/543 556/1038/870 557/1040/871
f 327/1039/543 557/1040/871 328/1041/544
f 328/1041/544 557/1040/871 558/1042/872
f 328/1041/544 558/1042/872 559/1043/873
f 560/1044/874 330/1045/546 559/1043/873
f 559/1043/873 330/1045/546 329/1046/545
f 559/1043/873 329/1046/545 328/1041/544
f 330/1045/546 560/1044/874 331/1047/547
f 331/1047/547 560/1044/874 561/1048/875
f 331/1047/547 561/1048/875 332/1049/548
f 332/1049/548 561/1048/875 333/1050/549
f 333/1050/549 561/1048/875 562/1051/876
f 333/1050/549 562/1051/876 334/1052/550
f 334/1052/550 562/1051/876 335/1053/551
f 335/1053/551 562/1051/876 336/1054/552
f 336/1054/552 562/1051/876 337/1055/553
f 337/1055/553 562/1051/876 338/1056/554
f 338/1056/554 562/1051/876 339/1057/555
f 339/1057/555 562/1051/876 211/1058/519
f 211/1058/519 562/1051/876 307/1059/520
f 307/1059/520 562/1051/876 308/1060/522
f 308/1060/522 562/1051/876 309/1061/523
f 309/1061/523 562/1051/876 310/1062/524
f 310/1062/524 562/1051/876 311/1063/525
f 311/1063/525 562/1051/876 312/1064/526
f 312/1064/526 562/1051/876 313/1065/527
f 313/1065/527 562/1051/876 563/1066/877
f 313/1065/527 563/1066/877 314/1067/528
f 314/1067/528 563/1066/877 315/1068/529
f 315/1068/529 563/1066/877 564/1069/878
f 315/1068/529 564/1069/878 316/1070/530
f 316/1070/530 564/1069/878 565/1071/879
f 316/1070/530 565/1071/879 317/1072/531
f 317/1072/531 565/1071/879 318/1073/532
f 318/1073/532 565/1071/879 566/1074/880
f 318/1073/532 566/1074/880 567/1075/881
f 318/1073/532 567/1075/881 319/1076/533
f 319/1076/533 567/1075/881 568/1077/882
f 319/1076/533 568/1077/882 320/1078/534
f 320/1078/534 568/1077/882 569/1079/883
f 320/1078/534 569/1079/883 321/1080/535
f 321/1080/535 569/1079/883 570/1081/884
f 321/1080/535 570/1081/884 322/1082/536
f 322/1082/536 570/1081/884 571/1083/885
f 322/1082/536 571/1083/885 306/1084/537
f 306/1084/537 571/1083/885 572/1085/886
f 341/1086/580 234/1087/428 591/1088/887
f 591/1088/887 234/1087/428 518/1089/888
f 591/1088/887 518/1089/888 590/1090/889
f 590/1090/889 518/1089/888 517/1091/890
f 590/1090/889 517/1091/890 589/1092/891
f 589/1092/891 517/1091/890 516/1093/892
f 589/1092/891 516/1093/892 588/1094/893
f 588/1094/893 516/1093/892 515/1095/894
f 588/1094/893 515/1095/894 587/1096/895
f 587/1096/895 515/1095/894 514/1097/896
f 587/1096/895 514/1097/896 586/1098/897
f 586/1098/897 514/1097/896 585/1099/898
f 585/1099/898 514/1097/896 513/1100/899
f 585/1099/898 513/1100/899 512/1101/900
f 585/1099/898 512/1101/900 584/1102/901
f 584/1102/901 512/1101/900 511/1103/902
f 584/1102/901 511/1103/902 583/1104/903
f 583/1104/903 511/1103/902 510/1105/904
f 583/1104/903 510/1105/904 509/1106/905
f 583/1104/903 509/1106/905 582/1107/906
f 582/1107/906 509/1106/905 508/1108/907
f 582/1107/906 508/1108/907 507/1109/908
f 507/1109/908 506/1110/909 582/1107/906
f 582/1107/906 506/1110/909 505/1111/910
f 582/1107/906 505/1111/910 504/1112/911
f 504/1112/911 503/1113/912 582/1107/906
f 582/1107/906 503/1113/912 502/1114/913
f 582/1107/906 502/1114/913 501/1115/914
f 501/1115/914 500/1116/915 582/1107/906
f 582/1107/906 500/1116/915 499/1117/916
f 582/1107/906 499/1117/916 498/1118/917
f 498/1118/917 497/1119/918 582/1107/906
f 582/1107/906 497/1119/918 496/1120/919
f 582/1107/906 496/1120/919 495/1121/920
f 582/1107/906 495/1121/920 581/1122/921
f 581/1122/921 495/1121/920 494/1123/922
f 581/1122/921 494/1123/922 493/1124/923
f 581/1122/921 493/1124/923 580/1125/924
f 580/1125/924 493/1124/923 492/1126/925
f 580/1125/924 492/1126/925 579/1127/926
f 579/1127/926 492/1126/925 491/1128/927
f 579/1127/926 491/1128/927 490/1129/928
f 489/1130/929 577/1131/930 490/1129/928
f 490/1129/928 577/1131/930 578/1132/931
f 490/1129/928 578/1132/931 579/1127/926
f 577/1131/930 489/1130/929 576/1133/932
f 576/1133/932 489/1130/929 488/1134/933
f 576/1133/932 488/1134/933 575/1135/934
f 575/1135/934 488/1134/933 487/1136/935
f 575/1135/934 487/1136/935 574/1137/936
f 574/1137/936 487/1136/935 486/1138/937
f 574/1137/936 486/1138/937 573/1139/938
f 573/1139/938 486/1138/937 233/1140/427
f 573/1139/938 233/1140/427 340/1141/560
f 571/1142/939 342/1143/940 572/1144/941
f 572/1144/941 342/1143/940 341/1145/942
f 572/1144/941 341/1145/942 610/1146/943
f 610/1146/943 341/1145/942 591/1147/944
f 610/1146/943 591/1147/944 609/1148/945
f 609/1148/945 591/1147/944 590/1149/946
f 609/1148/945 590/1149/946 608/1150/947
f 608/1150/947 590/1149/946 589/1151/948
f 608/1150/947 589/1151/948 607/1152/949
f 607/1152/949 589/1151/948 588/1153/950
f 607/1152/949 588/1153/950 606/1154/951
f 606/1154/951 588/1153/950 587/1155/952
f 606/1154/951 587/1155/952 605/1156/953
f 605/1156/953 587/1155/952 586/1157/954
f 605/1156/953 586/1157/954 604/1158/955
f 604/1158/955 586/1157/954 585/1159/956
f 604/1158/955 585/1159/956 603/1160/957
f 603/1160/957 585/1159/956 584/1161/958
f 603/1160/957 584/1161/958 602/1162/959
f 602/1162/959 584/1161/958 583/1163/960
f 602/1162/959 583/1163/960 601/1164/961
f 601/1164/961 583/1163/960 582/1165/962
f 601/1166/961 582/1167/962 600/1168/963
f 600/1168/963 582/1167/962 581/1169/964
f 600/1168/963 581/1169/964 599/1170/965
f 599/1170/965 581/1169/964 580/1171/966
f 599/1170/965 580/1171/966 598/1172/967
f 598/1172/967 580/1171/966 579/1173/968
f 598/1172/967 579/1173/968 597/1174/969
f 597/1174/969 579/1173/968 578/1175/970
f 597/1174/969 578/1175/970 596/1176/971
f 596/1176/971 578/1175/970 577/1177/972
f 596/1176/971 577/1177/972 595/1178/973
f 595/1178/973 577/1177/972 576/1179/974
f 595/1178/973 576/1179/974 594/1180/975
f 594/1180/975 576/1179/974 575/1181/976
f 594/1180/975 575/1181/976 593/1182/977
f 593/1182/977 575/1181/976 574/1183/978
f 593/1182/977 574/1183/978 592/1184/979
f 592/1184/979 574/1183/978 573/1185/980
f 592/1184/979 573/1185/980 552/1186/981
f 552/1186/981 573/1185/980 340/1187/982
f 552/1186/981 340/1187/982 553/1188/983
f 553/1188/983 340/1187/982 360/1189/984
f 553/1188/983 360/1189/984 554/1190/985
f 554/1190/985 360/1189/984 359/1191/986
f 554/1190/985 359/1191/986 555/1192/987
f 555/1192/987 359/1191/986 358/1193/988
f 555/1192/987 358/1193/988 556/1194/989
f 556/1194/989 358/1193/988 357/1195/990
f 556/1194/989 357/1195/990 557/1196/991
f 557/1196/991 357/1195/990 356/1197/992
f 557/1196/991 356/1197/992 558/1198/993
f 558/1198/993 356/1197/992 355/1199/994
f 558/1198/993 355/1199/994 559/1200/995
f 559/1200/995 355/1199/994 354/1201/996
f 559/1200/995 354/1201/996 560/1202/997
f 560/1202/997 354/1201/996 353/1203/998
f 560/1202/997 353/1203/998 561/1204/999
f 561/1204/999 353/1203/998 352/1205/1000
f 561/1204/999 352/1205/1000 562/1206/1001
f 562/1206/1001 352/1205/1000 351/1207/1002
f 562/1206/1001 351/1207/1002 563/1208/1003
f 563/1208/1003 351/1207/1002 350/1209/1004
f 563/1208/1003 350/1209/1004 564/1210/1005
f 564/1210/1005 350/1209/1004 349/1211/1006
f 564/1210/1005 349/1211/1006 565/1212/1007
f 565/1212/1007 349/1211/1006 348/1213/1008
f 565/1212/1007 348/1213/1008 566/1214/1009
f 566/1214/1009 348/1213/1008 347/1215/1010
f 566/1214/1009 347/1215/1010 567/1216/1011
f 567/1216/1011 347/1215/1010 346/1217/1012
f 567/1216/1011 346/1217/1012 568/1218/1013
f 568/1218/1013 346/1217/1012 345/1219/1014
f 568/1218/1013 345/1219/1014 569/1220/1015
f 569/1220/1015 345/1219/1014 344/1221/1016
f 569/1220/1015 344/1221/1016 570/1222/1017
f 570/1222/1017 344/1221/1016 343/1223/1018
f 570/1222/1017 343/1223/1018 571/1142/939
f 571/1142/939 343/1223/1018 342/1143/940
f 433/1224/799 273/1225/497 434/1226/1019
f 434/1226/1019 273/1225/497 485/1227/1020
f 434/1226/1019 485/1227/1020 435/1228/1021
f 435/1228/1021 485/1227/1020 484/1229/1022
f 435/1228/1021 484/1229/1022 436/1230/1023
f 436/1230/1023 484/1229/1022 483/1231/1024
f 436/1230/1023 483/1231/1024 437/1232/1025
f 437/1232/1025 483/1231/1024 482/1233/1026
f 437/1232/1025 482/1233/1026 438/1234/1027
f 438/1234/1027 482/1233/1026 481/1235/1028
f 438/1234/1027 481/1235/1028 439/1236/1029
f 439/1236/1029 481/1235/1028 440/1237/1030
f 440/1237/1030 481/1235/1028 480/1238/1031
f 440/1237/1030 480/1238/1031 479/1239/1032
f 440/1237/1030 479/1239/1032 441/1240/1033
f 441/1240/1033 479/1239/1032 478/1241/1034
f 441/1240/1033 478/1241/1034 442/1242/1035
f 442/1242/1035 478/1241/1034 477/1243/1036
f 442/1242/1035 477/1243/1036 476/1244/1037
f 442/1242/1035 476/1244/1037 443/1245/1038
f 443/1245/1038 476/1244/1037 475/1246/1039
f 443/1245/1038 475/1246/1039 474/1247/1040
f 474/1247/1040 473/1248/1041 443/1245/1038
f 443/1245/1038 473/1248/1041 472/1249/1042
f 443/1245/1038 472/1249/1042 471/1250/1043
f 471/1250/1043 470/1251/1044 443/1245/1038
f 443/1245/1038 470/1251/1044 469/1252/1045
f 443/1245/1038 469/1252/1045 468/1253/1046
f 468/1253/1046 467/1254/1047 443/1245/1038
f 443/1245/1038 467/1254/1047 466/1255/1048
f 443/1245/1038 466/1255/1048 465/1256/1049
f 465/1256/1049 464/1257/1050 443/1245/1038
f 443/1245/1038 464/1257/1050 463/1258/1051
f 443/1245/1038 463/1258/1051 462/1259/1052
f 443/1245/1038 462/1259/1052 444/1260/1053
f 444/1260/1053 462/1259/1052 461/1261/1054
f 444/1260/1053 461/1261/1054 460/1262/1055
f 444/1260/1053 460/1262/1055 445/1263/1056
f 445/1263/1056 460/1262/1055 459/1264/1057
f 445/1263/1056 459/1264/1057 446/1265/1058
f 446/1265/1058 459/1264/1057 458/1266/1059
f 446/1265/1058 458/1266/1059 457/1267/1060
f 456/1268/1061 448/1269/1062 457/1267/1060
f 457/1267/1060 448/1269/1062 447/1270/1063
f 457/1267/1060 447/1270/1063 446/1265/1058
f 448/1269/1062 456/1268/1061 449/1271/1064
f 449/1271/1064 456/1268/1061 455/1272/1065
f 449/1271/1064 455/1272/1065 450/1273/1066
f 450/1273/1066 455/1272/1065 454/1274/1067
f 450/1273/1066 454/1274/1067 451/1275/1068
f 451/1275/1068 454/1274/1067 453/1276/1069
f 451/1275/1068 453/1276/1069 452/1277/1070
f 452/1277/1070 453/1276/1069 272/1278/496
f 452/1277/1070 272/1278/496 413/1279/779
f 552/1280/866 323/1281/538 592/1282/1071
f 592/1282/1071 323/1281/538 551/1283/1072
f 592/1282/1071 551/1283/1072 593/1284/1073
f 593/1284/1073 551/1283/1072 550/1285/1074
f 593/1284/1073 550/1285/1074 594/1286/1075
f 594/1286/1075 550/1285/1074 549/1287/1076
f 594/1286/1075 549/1287/1076 595/1288/1077
f 595/1288/1077 549/1287/1076 548/1289/1078
f 595/1288/1077 548/1289/1078 596/1290/1079
f 596/1290/1079 548/1289/1078 547/1291/1080
f 596/1290/1079 547/1291/1080 597/1292/1081
f 597/1292/1081 547/1291/1080 598/1293/1082
f 598/1293/1082 547/1291/1080 546/1294/1083
f 598/1293/1082 546/1294/1083 545/1295/1084
f 598/1293/1082 545/1295/1084 599/1296/1085
f 599/1296/1085 545/1295/1084 544/1297/1086
f 599/1296/1085 544/1297/1086 600/1298/1087
f 600/1298/1087 544/1297/1086 543/1299/1088
f 600/1298/1087 543/1299/1088 542/1300/1089
f 600/1298/1087 542/1300/1089 601/1301/1090
f 601/1301/1090 542/1300/1089 541/1302/1091
f 601/1301/1090 541/1302/1091 540/1303/1092
f 540/1303/1092 539/1304/1093 601/1301/1090
f 601/1301/1090 539/1304/1093 538/1305/1094
f 601/1301/1090 538/1305/1094 537/1306/1095
f 537/1306/1095 536/1307/1096 601/1301/1090
f 601/1301/1090 536/1307/1096 535/1308/1097
f 601/1301/1090 535/1308/1097 534/1309/1098
f 534/1309/1098 533/1310/1099 601/1301/1090
f 601/1301/1090 533/1310/1099 532/1311/1100
f 601/1301/1090 532/1311/1100 531/1312/1101
f 531/1312/1101 530/1313/1102 601/1301/1090
f 601/1301/1090 530/1313/1102 529/1314/1103
f 601/1301/1090 529/1314/1103 528/1315/1104
f 601/1301/1090 528/1315/1104 602/1316/1105
f 602/1316/1105 528/1315/1104 527/1317/1106
f 602/1316/1105 527/1317/1106 526/1318/1107
f 602/1316/1105 526/1318/1107 603/1319/1108
f 603/1319/1108 526/1318/1107 525/1320/1109
f 603/1319/1108 525/1320/1109 604/1321/1110
f 604/1321/1110 525/1320/1109 524/1322/1111
f 604/1321/1110 524/1322/1111 523/1323/1112
f 522/1324/1113 606/1325/1114 523/1323/1112
f 523/1323/1112 606/1325/1114 605/1326/1115
f 523/1323/1112 605/1326/1115 604/1321/1110
f 606/1325/1114 522/1324/1113 607/1327/1116
f 607/1327/1116 522/1324/1113 521/1328/1117
f 607/1327/1116 521/1328/1117 608/1329/1118
f 608/1329/1118 521/1328/1117 520/1330/1119
f 608/1329/1118 520/1330/1119 609/1331/1120
f 609/1331/1120 520/1330/1119 519/1332/1121
f 609/1331/1120 519/1332/1121 610/1333/1122
f 610/1333/1122 519/1332/1121 306/1334/537
f 610/1333/1122 306/1334/537 572/1335/886
# 610 vertices
# 1335 texture params
# 1122 normals
# 1232 facets

# 1 groups
