# WaveFront *.obj file (generated by Autodesk ATF)

mtllib 08_quest_mount.mtl

g mq3s-mount-base scaled 0.1

v -9.772367 7.495720 7.877065
v -9.772367 7.542996 7.860786
v -9.427367 7.495720 7.877065
v -9.102367 7.495720 7.877065
v -9.102367 6.077442 8.365417
v -8.792367 7.495720 7.877065
v -8.122367 7.542996 7.860786
v -8.467367 7.495720 7.877065
v -8.157367 7.495720 7.877065
v -8.122367 6.030166 8.381695
v -8.157367 6.077442 8.365417
v -8.467367 6.077442 8.365417
v -8.792367 6.077442 8.365417
v -9.772367 6.030166 8.381695
v -9.427367 6.077442 8.365417
v -9.772367 6.077442 8.365417
v -9.737367 6.198202 7.196868
v -9.737367 5.990616 7.084287
v -9.737367 6.211717 7.261562
v -9.737367 6.146629 7.537380
v -9.737367 6.240897 7.320862
v -9.737367 6.283907 7.371043
v -9.737367 6.338045 7.408951
v -9.737367 6.399910 7.432205
v -9.737367 6.617026 7.628816
v -9.737367 6.465615 7.439342
v -9.737367 6.531030 7.429916
v -9.737367 6.592045 7.404518
v -9.737367 6.644828 7.364743
v -9.737367 6.931409 7.267158
v -9.737367 6.686060 7.313091
v -9.737367 6.713152 7.252809
v -9.737367 6.724402 7.187683
v -9.737367 6.719101 7.121805
v -9.737367 6.775397 6.814065
v -9.737367 6.697584 7.059315
v -9.737367 6.661203 7.004139
v -9.737367 6.612242 6.959744
v -9.737367 6.553780 6.928921
v -9.737367 6.489488 6.913605
v -9.737367 6.305001 6.722629
v -9.737367 6.423408 6.914758
v -9.737367 6.359689 6.932308
v -9.737367 6.302338 6.965154
v -9.737367 6.254957 7.011230
v -9.737367 6.220523 7.067642
v -9.737367 6.201200 7.130845
v -9.427367 6.198202 7.196868
v -9.427367 6.211717 7.261562
v -9.427367 6.240897 7.320862
v -9.427367 6.283907 7.371043
v -9.427367 6.338045 7.408951
v -9.427367 6.399910 7.432205
v -9.427367 6.465615 7.439342
v -9.427367 6.531030 7.429916
v -9.427367 6.592045 7.404518
v -9.427367 6.644828 7.364743
v -9.427367 6.686060 7.313091
v -9.427367 6.713152 7.252809
v -9.427367 6.724402 7.187683
v -9.427367 6.719101 7.121805
v -9.427367 6.697584 7.059315
v -9.427367 6.661203 7.004139
v -9.427367 6.612242 6.959744
v -9.427367 6.553780 6.928921
v -9.427367 6.489488 6.913605
v -9.427367 6.423408 6.914758
v -9.427367 6.359689 6.932308
v -9.427367 6.302338 6.965154
v -9.427367 6.254957 7.011230
v -9.427367 6.220523 7.067642
v -9.427367 6.201200 7.130845
v -9.427367 5.751874 7.419899
v -9.427367 5.723402 7.311479
v -9.427367 5.711407 7.200027
v -9.427367 5.716157 7.088034
v -9.427367 7.170152 6.931546
v -9.427367 7.125839 6.828582
v -9.427367 7.066675 6.733372
v -9.427367 6.993981 6.648044
v -9.427367 6.909382 6.574502
v -9.427367 6.814767 6.514392
v -9.427367 6.712249 6.469054
v -9.427367 6.604120 6.439503
v -9.427367 6.492794 6.426395
v -9.427367 6.380757 6.430029
v -9.427367 6.270514 6.450319
v -9.427367 6.164526 6.486813
v -9.427367 6.065160 6.538697
v -9.427367 5.974638 6.604812
v -9.427367 5.894981 6.683678
v -9.427367 5.827968 6.773537
v -9.427367 5.775095 6.872379
v -9.427367 5.737545 6.977998
v -10.137367 6.305001 6.722629
v -10.137367 6.775397 6.814065
v -10.137367 6.931409 7.267158
v -10.137367 6.617026 7.628816
v -10.137367 7.170152 6.931546
v -10.137367 7.495720 7.877065
v -10.137367 5.751874 7.419899
v -10.137367 5.723402 7.311479
v -10.137367 5.711407 7.200027
v -10.137367 5.716157 7.088034
v -10.137367 5.737545 6.977998
v -10.137367 5.775095 6.872379
v -10.137367 5.827968 6.773537
v -10.137367 5.894981 6.683678
v -10.137367 5.974638 6.604812
v -10.137367 6.065160 6.538697
v -10.137367 6.164526 6.486813
v -10.137367 6.270514 6.450319
v -10.137367 6.380757 6.430029
v -10.137367 6.492794 6.426395
v -10.137367 6.604120 6.439503
v -10.137367 6.712249 6.469054
v -10.137367 6.814767 6.514392
v -10.137367 6.909382 6.574502
v -10.137367 6.993981 6.648044
v -10.137367 7.066675 6.733372
v -10.137367 7.125839 6.828582
v -10.137367 6.146629 7.537380
v -10.137367 5.990616 7.084287
v -10.137367 6.077442 8.365417
v -8.157367 6.723824 7.154577
v -8.467367 6.723824 7.154577
v -8.157367 6.710309 7.089883
v -8.467367 6.710309 7.089883
v -8.157367 6.681129 7.030582
v -8.467367 6.681129 7.030582
v -8.157367 6.638119 6.980402
v -8.467367 6.638119 6.980402
v -8.157367 6.583981 6.942493
v -8.467367 6.583981 6.942493
v -8.157367 6.522116 6.919240
v -8.467367 6.522116 6.919240
v -8.157367 6.456412 6.912102
v -8.467367 6.456412 6.912102
v -8.157367 6.390996 6.921529
v -8.467367 6.390996 6.921529
v -8.157367 6.329981 6.946927
v -8.467367 6.329981 6.946927
v -8.157367 6.277198 6.986702
v -8.467367 6.277198 6.986702
v -8.157367 6.235965 7.038353
v -8.467367 6.235965 7.038353
v -8.157367 6.208873 7.098636
v -8.467367 6.208873 7.098636
v -8.157367 6.197624 7.163762
v -8.467367 6.197624 7.163762
v -8.157367 6.202924 7.229640
v -8.467367 6.202924 7.229640
v -8.157367 6.224442 7.292129
v -8.467367 6.224442 7.292129
v -8.157367 6.260823 7.347305
v -8.467367 6.260823 7.347305
v -8.157367 6.309784 7.391701
v -8.467367 6.309784 7.391701
v -8.157367 6.368246 7.422523
v -8.467367 6.368246 7.422523
v -8.157367 6.432538 7.437840
v -8.467367 6.432538 7.437840
v -8.157367 6.498619 7.436687
v -8.467367 6.498619 7.436687
v -8.157367 6.562336 7.419136
v -8.467367 6.562336 7.419136
v -8.157367 6.619688 7.386291
v -8.467367 6.619688 7.386291
v -8.157367 6.667069 7.340215
v -8.467367 6.667069 7.340215
v -8.157367 6.701503 7.283802
v -8.467367 6.701503 7.283802
v -8.157367 6.720826 7.220600
v -8.467367 6.720826 7.220600
v -8.467367 5.751874 7.419899
v -8.157367 5.751874 7.419899
v -8.467367 7.170152 6.931546
v -8.157367 7.170152 6.931546
v -8.157367 5.723402 7.311479
v -8.467367 5.723402 7.311479
v -8.157367 5.711407 7.200027
v -8.467367 5.711407 7.200027
v -8.157367 5.716157 7.088034
v -8.467367 5.716157 7.088034
v -8.157367 5.737545 6.977998
v -8.467367 5.737545 6.977998
v -8.157367 5.775095 6.872379
v -8.467367 5.775095 6.872379
v -8.157367 5.827968 6.773537
v -8.467367 5.827968 6.773537
v -8.157367 5.894981 6.683678
v -8.467367 5.894981 6.683678
v -8.157367 5.974638 6.604812
v -8.467367 5.974638 6.604812
v -8.157367 6.065160 6.538697
v -8.467367 6.065160 6.538697
v -8.157367 6.164526 6.486813
v -8.467367 6.164526 6.486813
v -8.157367 6.270514 6.450319
v -8.467367 6.270514 6.450319
v -8.157367 6.380757 6.430029
v -8.467367 6.380757 6.430029
v -8.157367 6.492794 6.426395
v -8.467367 6.492794 6.426395
v -8.157367 6.604120 6.439503
v -8.467367 6.604120 6.439503
v -8.157367 6.712249 6.469054
v -8.467367 6.712249 6.469054
v -8.157367 6.814767 6.514392
v -8.467367 6.814767 6.514392
v -8.157367 6.909382 6.574502
v -8.467367 6.909382 6.574502
v -8.157367 6.993981 6.648044
v -8.467367 6.993981 6.648044
v -8.157367 7.066675 6.733372
v -8.467367 7.066675 6.733372
v -8.157367 7.125839 6.828582
v -8.467367 7.125839 6.828582
v -8.792367 6.723824 7.154577
v -9.102367 6.723824 7.154577
v -8.792367 6.710309 7.089883
v -9.102367 6.710309 7.089883
v -8.792367 6.681129 7.030582
v -9.102367 6.681129 7.030582
v -8.792367 6.638119 6.980402
v -9.102367 6.638119 6.980402
v -8.792367 6.583981 6.942493
v -9.102367 6.583981 6.942493
v -8.792367 6.522116 6.919240
v -9.102367 6.522116 6.919240
v -8.792367 6.456412 6.912102
v -9.102367 6.456412 6.912102
v -8.792367 6.390996 6.921529
v -9.102367 6.390996 6.921529
v -8.792367 6.329981 6.946927
v -9.102367 6.329981 6.946927
v -8.792367 6.277198 6.986702
v -9.102367 6.277198 6.986702
v -8.792367 6.235965 7.038353
v -9.102367 6.235965 7.038353
v -8.792367 6.208873 7.098636
v -9.102367 6.208873 7.098636
v -8.792367 6.197624 7.163762
v -9.102367 6.197624 7.163762
v -8.792367 6.202924 7.229640
v -9.102367 6.202924 7.229640
v -8.792367 6.224442 7.292129
v -9.102367 6.224442 7.292129
v -8.792367 6.260823 7.347305
v -9.102367 6.260823 7.347305
v -8.792367 6.309784 7.391701
v -9.102367 6.309784 7.391701
v -8.792367 6.368246 7.422523
v -9.102367 6.368246 7.422523
v -8.792367 6.432538 7.437840
v -9.102367 6.432538 7.437840
v -8.792367 6.498619 7.436687
v -9.102367 6.498619 7.436687
v -8.792367 6.562336 7.419136
v -9.102367 6.562336 7.419136
v -8.792367 6.619688 7.386291
v -9.102367 6.619688 7.386291
v -8.792367 6.667069 7.340215
v -9.102367 6.667069 7.340215
v -8.792367 6.701503 7.283802
v -9.102367 6.701503 7.283802
v -8.792367 6.720826 7.220600
v -9.102367 6.720826 7.220600
v -8.792367 5.751874 7.419899
v -9.102367 5.751874 7.419899
v -8.792367 5.723402 7.311479
v -9.102367 5.723402 7.311479
v -8.792367 5.711407 7.200027
v -9.102367 5.711407 7.200027
v -8.792367 5.716157 7.088034
v -9.102367 5.716157 7.088034
v -8.792367 5.737545 6.977998
v -9.102367 5.737545 6.977998
v -8.792367 5.775095 6.872379
v -9.102367 5.775095 6.872379
v -8.792367 5.827968 6.773537
v -9.102367 5.827968 6.773537
v -8.792367 5.894981 6.683678
v -9.102367 5.894981 6.683678
v -8.792367 5.974638 6.604812
v -9.102367 5.974638 6.604812
v -8.792367 6.065160 6.538697
v -9.102367 6.065160 6.538697
v -8.792367 6.164526 6.486813
v -9.102367 6.164526 6.486813
v -8.792367 6.270514 6.450319
v -9.102367 6.270514 6.450319
v -8.792367 6.380757 6.430029
v -9.102367 6.380757 6.430029
v -8.792367 6.492794 6.426395
v -9.102367 6.492794 6.426395
v -8.792367 6.604120 6.439503
v -9.102367 6.604120 6.439503
v -8.792367 6.712249 6.469054
v -9.102367 6.712249 6.469054
v -8.792367 6.814767 6.514392
v -9.102367 6.814767 6.514392
v -8.792367 6.909382 6.574502
v -9.102367 6.909382 6.574502
v -8.792367 6.993981 6.648044
v -9.102367 6.993981 6.648044
v -8.792367 7.066675 6.733372
v -9.102367 7.066675 6.733372
v -8.792367 7.125839 6.828582
v -9.102367 7.125839 6.828582
v -8.792367 7.170152 6.931546
v -9.102367 7.170152 6.931546
v -8.122367 6.170737 8.789942
v -8.935566 6.165572 8.774941
v -9.748683 6.160394 8.759903
v -9.772367 6.160243 8.759464
v -8.122367 6.455693 8.642311
v -8.122367 6.340718 8.697812
v -8.122367 6.256647 8.741468
v -8.122367 6.851450 8.478115
v -8.122367 6.708642 8.532933
v -8.122367 6.575808 8.588374
v -8.122367 7.688425 8.283142
v -8.122367 7.588660 8.291038
v -8.122367 7.479067 8.305847
v -8.122367 7.315049 8.338039
v -8.122367 7.156002 8.378847
v -8.122367 7.001485 8.426043
v -9.772367 7.677701 8.251998
v -9.772367 7.624667 8.255713
v -9.772367 7.517808 8.267822
v -9.772367 7.412214 8.285160
v -9.772367 7.308931 8.306659
v -9.772367 7.209002 8.331251
v -9.772367 7.113475 8.357871
v -9.772367 7.023236 8.385506
v -9.772367 6.844283 8.446843
v -9.772367 6.665655 8.515968
v -9.772367 6.493200 8.590025
v -9.772367 6.325371 8.669891
v -8.947368 7.683065 8.267576
v -9.906742 8.356446 8.871760
v -9.855432 8.373041 8.931216
v -9.904639 8.492872 8.914471
v -9.800266 8.385787 8.993603
v -9.741576 8.394925 9.058640
v -9.679692 8.400695 9.126054
v -9.547669 8.403095 9.266895
v -9.654123 8.540994 9.194588
v -9.406850 8.394913 9.413902
v -9.653089 8.601287 9.213464
v -9.402559 8.633457 9.488587
v -9.573760 8.646844 9.311021
v -9.512662 8.643426 9.374796
v -9.455285 8.638806 9.434267
v -9.637647 8.648584 9.243788
v -9.770061 8.645139 9.102328
v -9.902450 8.629297 8.957183
v -8.407066 8.375013 9.420028
v -8.906958 8.390398 9.292479
v -8.906958 8.387823 9.159637
v -8.906959 8.373311 9.023895
v -8.906959 8.360185 8.956871
v -8.906959 8.342294 8.891716
v -8.906959 8.305623 8.799678
v -9.906742 8.316714 8.777818
v -8.906959 8.282386 8.756836
v -9.906742 8.291489 8.734135
v -8.906959 8.255614 8.716592
v -9.906742 8.262384 8.693196
v -8.906959 8.225103 8.679301
v -9.906742 8.229271 8.655397
v -8.906958 8.190660 8.645318
v -9.906741 8.192149 8.621020
v -8.906958 8.152225 8.614892
v -9.906741 8.151025 8.590345
v -8.906958 8.109846 8.588153
v -9.906741 8.105904 8.563652
v -8.906958 8.063572 8.565225
v -9.906741 8.056845 8.541158
v -8.906958 8.013455 8.546232
v -9.906741 8.004037 8.522872
v -8.906958 7.959545 8.531300
v -9.906741 7.947658 8.508782
v -8.906957 7.901932 8.520522
v -9.906740 7.887842 8.498909
v -8.906957 7.840888 8.513792
v -9.906740 7.824824 8.493144
v -8.906957 7.776744 8.510943
v -9.906740 7.758921 8.491296
v -8.906957 7.709830 8.511806
v -9.906739 7.619730 8.498585
v -8.906956 7.640476 8.516211
v -8.906956 7.547974 8.526848
v -7.907173 7.619773 8.537683
v -7.907172 7.474955 8.558341
v -8.906956 7.452671 8.542732
v -7.907172 7.324989 8.590587
v -8.906955 7.257346 8.587927
v -7.907172 7.173440 8.631939
v -8.906955 7.061725 8.646688
v -7.907172 7.023558 8.680042
v -8.906955 6.872645 8.714007
v -7.907172 6.878588 8.732544
v -7.907172 6.741777 8.787086
v -8.906956 6.696942 8.784872
v -7.907173 6.616078 8.841431
v -8.906956 6.616159 8.820100
v -8.906957 6.540433 8.854790
v -9.906739 6.601503 8.805365
v -9.906740 6.486019 8.859211
v -9.906739 7.472809 8.519239
v -9.906738 7.320938 8.551539
v -9.906738 7.167556 8.593093
v -9.906738 7.015808 8.641567
v -9.906738 6.868819 8.694643
v -9.906739 6.729715 8.749999
v -8.906957 6.470403 8.888518
v -9.906741 6.384418 8.910558
v -8.906958 6.406322 8.921030
v -8.906958 6.348505 8.952056
v -7.907174 6.404433 8.943952
v -7.907175 6.320804 8.990085
v -8.906959 6.296845 8.981648
v -8.906959 6.253874 9.008187
v -9.906743 6.225078 9.003818
v -8.906960 6.215621 9.033914
v -9.906743 6.165163 9.047366
v -8.906960 6.152019 9.083787
v -9.906743 6.116374 9.090413
v -8.906960 6.102534 9.133725
v -9.906743 6.076599 9.134416
v -8.906959 6.062938 9.186390
v -9.906742 6.043476 9.180607
v -9.906741 6.014694 9.229988
v -9.906742 6.297661 8.958595
v -8.906958 6.033047 9.236970
v -9.906739 5.988145 9.283413
v -8.906956 6.005060 9.293007
v -9.906738 5.962306 9.341329
v -8.906955 5.977514 9.354690
v -8.906953 5.949795 9.421481
v -7.907170 5.974632 9.412052
v -7.907170 5.947909 9.478505
v -8.906953 5.916950 9.503817
v -8.906955 5.882528 9.590942
v -9.906738 5.852926 9.613093
v -8.906962 5.810996 9.773969
v -9.906745 5.794039 9.763916
v -9.906754 5.734310 9.919731
v -9.906736 5.909327 9.470392
v -9.906757 5.674933 10.079998
v -8.906974 5.698726 10.071427
v -7.907179 5.832518 9.772229
v -7.907172 5.891442 9.621348
v -8.906970 5.643414 10.227465
v -9.906752 5.616313 10.246542
v -8.906957 5.589054 10.390057
v -9.906736 5.558815 10.420607
v -8.906919 5.480053 10.747614
v -9.906699 5.449769 10.782447
v -8.906916 5.430173 10.923253
v -9.906702 5.400259 10.958293
v -8.906939 5.384731 11.088799
v -9.906731 5.355442 11.122854
v -8.906970 5.353701 11.205478
v -9.906776 5.315665 11.275152
v -8.907004 5.325494 11.315787
v -9.906810 5.280677 11.418906
v -7.907243 5.320496 11.419268
v -8.907027 5.276354 11.528095
v -7.907238 5.289486 11.560244
v -8.906928 5.233717 11.749374
v -7.907173 5.261051 11.707350
v -8.906805 5.194319 11.978933
v -7.907016 5.208270 12.012813
v -8.906816 5.171295 12.111882
v -7.907059 5.183132 12.156175
v -8.906942 5.149013 12.232976
v -7.907246 5.158914 12.284656
v -8.907166 5.127682 12.344125
v -7.907508 5.136125 12.405448
v -8.907389 5.107645 12.457874
v -7.907617 5.125442 12.469418
v -8.907454 5.098294 12.522046
v -7.907679 5.115358 12.540825
v -8.907463 5.089507 12.594733
v -7.907667 5.105968 12.623517
v -8.907397 5.081372 12.678676
v -7.907555 5.097373 12.721351
v -8.907237 5.073991 12.776606
v -7.907454 5.093428 12.777089
v -7.907321 5.089759 12.837777
v -8.906974 5.067528 12.890625
v -7.907156 5.086399 12.903665
v -8.906802 5.064695 12.954149
v -7.906958 5.083374 12.975004
v -8.906602 5.062156 13.022270
v -7.906726 5.080717 13.052040
v -8.906374 5.059935 13.095153
v -7.906460 5.078460 13.134892
v -8.906119 5.058058 13.172812
v -7.906162 5.076642 13.223508
v -8.905838 5.056555 13.255203
v -7.905834 5.075302 13.317826
v -8.905534 5.055457 13.342282
v -7.905480 5.074478 13.417784
v -8.905154 5.054728 13.448871
v -7.905099 5.074211 13.523319
v -8.904747 5.054625 13.561611
v -7.904697 5.074539 13.634300
v -8.904316 5.055197 13.680309
v -7.904275 5.075509 13.750447
v -8.903866 5.056496 13.804624
v -7.903839 5.077163 13.871460
v -8.903401 5.058575 13.934206
v -7.903393 5.079546 13.997040
v -8.902927 5.061484 14.068708
v -7.902485 5.086675 14.260687
v -8.901970 5.070005 14.351001
v -7.901587 5.097254 14.538446
v -8.901037 5.082480 14.647789
v -7.900736 5.111636 14.826722
v -8.900172 5.099325 14.954829
v -7.899974 5.130182 15.121830
v -8.899426 5.120978 15.267641
v -7.899342 5.153260 15.419678
v -8.898841 5.147819 15.581412
v -7.898868 5.181129 15.716270
v -8.898451 5.179497 15.885861
v -7.898576 5.214035 16.007648
v -8.898273 5.216732 16.182371
v -7.898493 5.252223 16.289857
v -8.898334 5.259804 16.466554
v -7.898643 5.295938 16.558940
v -8.898464 5.283616 16.602652
v -7.898814 5.319945 16.687323
v -8.898663 5.308989 16.734023
v -7.899051 5.345415 16.810980
v -8.898934 5.335939 16.860203
v -7.899351 5.372345 16.929588
v -8.899272 5.364465 16.980854
v -7.899714 5.400734 17.042847
v -8.899677 5.394571 17.095645
v -7.900138 5.430582 17.150458
v -8.900146 5.426259 17.204246
v -7.900620 5.461887 17.252122
v -8.900677 5.459534 17.306326
v -7.901159 5.494649 17.347537
v -8.901269 5.494400 17.401556
v -7.901753 5.528869 17.436404
v -8.901919 5.530854 17.489637
v -7.902398 5.564532 17.518544
v -8.902620 5.568873 17.570504
v -7.903086 5.601592 17.593943
v -8.903328 5.606565 17.640912
v -7.903811 5.639997 17.662595
v -8.904069 5.645629 17.704761
v -7.904564 5.679702 17.724495
v -8.904834 5.686039 17.762053
v -7.905338 5.720654 17.779637
v -8.905617 5.727769 17.812788
v -7.906125 5.762806 17.828016
v -8.906410 5.770792 17.856981
v -7.906916 5.806066 17.869705
v -8.907203 5.815067 17.894851
v -7.907697 5.850346 17.905062
v -8.907981 5.860529 17.926783
v -7.908456 5.895587 17.934512
v -8.908732 5.907119 17.953165
v -7.909180 5.941735 17.958480
v -8.909443 5.954775 17.974386
v -7.909858 5.988734 17.977390
v -8.910102 6.003435 17.990835
v -7.910476 6.036525 17.991667
v -8.911208 6.103518 18.011033
v -7.911481 6.134316 18.008206
v -8.911942 6.206768 18.017829
v -7.912107 6.234832 18.012461
v -8.912250 6.312467 18.015391
v -7.912301 6.337616 18.008535
v -7.912017 6.442189 18.000495
v -9.911843 6.465147 18.009441
v -8.910229 6.642665 17.991731
v -9.909658 6.692342 17.994545
v -8.908080 6.806699 17.987594
v -9.908192 6.802510 17.992019
v -9.906783 6.908053 17.994134
v -9.906802 5.249504 11.561683
v -9.906733 5.220989 11.710238
v -9.906581 5.168317 12.015578
v -9.906633 5.143377 12.157206
v -9.906828 5.119426 12.283746
v -9.907090 5.096695 12.405440
v -9.907195 5.085951 12.471314
v -9.907249 5.075796 12.545048
v -9.907228 5.066368 12.630044
v -9.907106 5.057806 12.729710
v -9.907001 5.053895 12.786113
v -9.906865 5.050267 12.847317
v -9.906697 5.046947 12.913577
v -9.906497 5.043964 12.985146
v -9.906263 5.041345 13.062278
v -9.905996 5.039122 13.145132
v -9.905698 5.037333 13.233676
v -9.905370 5.036017 13.327857
v -9.905016 5.035213 13.427622
v -9.904637 5.034961 13.532918
v -9.904235 5.035301 13.643640
v -9.903815 5.036276 13.759522
v -9.903380 5.037933 13.880267
v -9.902934 5.040316 14.005580
v -9.902028 5.047434 14.268713
v -9.901131 5.057995 14.546048
v -9.900282 5.072356 14.834001
v -9.899519 5.090879 15.128902
v -9.898887 5.113941 15.426666
v -9.898413 5.141810 15.723276
v -9.898122 5.174744 16.014762
v -9.898040 5.212997 16.297157
v -9.898193 5.256824 16.566492
v -9.898365 5.280909 16.695022
v -9.898604 5.306474 16.818827
v -9.898907 5.333521 16.937576
v -9.899274 5.362057 17.050973
v -9.899702 5.392089 17.158719
v -9.900189 5.423624 17.260519
v -9.900735 5.456668 17.356075
v -9.901337 5.491228 17.445089
v -9.901991 5.527297 17.527374
v -9.902691 5.564870 17.602925
v -9.903429 5.603944 17.671751
v -9.904199 5.644514 17.733860
v -9.904992 5.686576 17.789259
v -9.905803 5.730126 17.837958
v -9.906622 5.775164 17.880086
v -9.907434 5.821665 17.915975
v -9.908229 5.869597 17.945927
v -9.908991 5.918924 17.970245
v -9.909707 5.969575 17.989316
v -9.910360 6.021437 18.003614
v -9.911419 6.128325 18.019863
v -9.912063 6.238587 18.023291
v -8.906089 6.966015 17.993244
v -9.905795 7.007510 17.999062
v -8.905316 7.106398 18.002003
v -9.905329 7.102488 18.005220
v -8.905786 7.241763 18.010206
v -9.906125 7.287370 18.016256
v -8.907010 7.375518 18.016550
v -9.907121 7.382490 18.020024
v -8.908336 7.511677 18.020331
v -9.908131 7.481959 18.022866
v -9.908858 7.587337 18.025016
v -8.909004 7.654902 18.022857
v -9.908961 7.699642 18.026917
v -8.908518 7.809062 18.025862
v -9.908324 7.818187 18.029365
v -8.907736 7.891309 18.028117
v -9.907108 7.942224 18.032973
v -8.906690 7.977076 18.031189
v -9.905473 8.071011 18.038349
v -8.905478 8.066287 18.035246
v -8.904213 8.158792 18.040428
v -7.905911 8.030588 18.030602
v -7.904075 8.165153 18.038115
v -8.902412 8.304016 18.050243
v -7.902347 8.307285 18.047920
v -8.900969 8.454840 18.062065
v -7.900973 8.455018 18.059600
v -8.899574 8.767321 18.087678
v -7.899614 8.760529 18.084661
v -8.900168 9.069836 18.106586
v -7.900176 9.067834 18.104096
v -8.901065 9.217882 18.110786
v -7.901069 9.217858 18.108549
v -8.902209 9.362157 18.110240
v -7.902213 9.363552 18.108267
v -8.903481 9.501355 18.104176
v -7.903487 9.503580 18.102505
v -8.904769 9.634381 18.091818
v -7.904774 9.636616 18.090533
v -8.905957 9.760353 18.072998
v -7.905959 9.761776 18.072260
v -8.406958 9.878737 18.048326
v -7.906958 9.878737 18.048326
v -9.903688 8.204232 18.046042
v -9.900764 8.483541 18.067003
v -9.899508 8.775703 18.090740
v -9.900176 9.071853 18.109069
v -9.901058 9.217913 18.113209
v -9.902196 9.360772 18.112397
v -9.903464 9.499112 18.105561
v -9.904750 9.632081 18.092590
v -9.905949 9.758886 18.073506
v -9.406958 9.878737 18.048326
v -8.906958 9.878737 18.048326
v -9.906958 9.878737 18.048326
v -7.907541 7.905557 18.025485
v -7.908664 7.790365 18.022244
v -7.909065 7.684062 18.020149
v -7.908133 7.487298 18.016553
v -7.906187 7.292662 18.009351
v -7.905379 7.086989 17.997121
v -7.907156 6.870873 17.984965
v -7.908633 6.762470 17.983120
v -7.910049 6.654818 17.985986
v -7.907208 5.355288 11.277099
v -7.907164 5.394891 11.125872
v -7.907135 5.439554 10.962123
v -7.907133 5.488922 10.787029
v -7.907171 5.597729 10.426585
v -7.907186 5.655107 10.253229
v -7.907191 5.713596 10.087422
v -7.907172 6.000724 9.349929
v -7.907173 6.026664 9.292716
v -7.907175 6.052940 9.240991
v -7.907176 6.080621 9.194769
v -7.907177 6.111916 9.152586
v -7.907177 6.149159 9.112745
v -7.907177 6.194740 9.073514
v -7.907176 6.251387 9.032982
v -7.907174 6.503179 8.894107
v -7.907174 7.756233 8.530291
v -7.907174 7.820457 8.531947
v -7.907174 7.881548 8.537372
v -7.907174 7.939155 8.546720
v -7.907174 7.992941 8.560112
v -7.907174 8.042750 8.577459
v -7.907175 8.088596 8.598615
v -7.907175 8.130498 8.623436
v -7.907175 8.168474 8.651783
v -7.907175 8.202543 8.683512
v -7.907175 8.232828 8.718468
v -7.907175 8.282851 8.796992
v -7.907175 8.319918 8.885036
v -7.958652 8.338313 8.944255
v -8.014292 8.352859 9.006535
v -8.073588 8.363837 9.071441
v -8.136029 8.371528 9.138533
v -8.268312 8.378166 9.277530
v -7.905074 8.456442 8.927777
v -7.902884 8.592965 8.970520
v -8.154467 8.511691 9.203947
v -8.025292 8.611677 9.103344
v -8.149804 8.619775 9.234882
v -8.276105 8.619887 9.365662
v -8.402776 8.613558 9.494714
v -8.412961 8.225726 9.897185
v -8.408671 8.464271 9.971870
v -8.414139 8.220811 9.916175
v -8.416095 8.448951 10.021228
v -8.417198 8.217820 9.935545
v -8.428823 8.217704 9.974680
v -8.436639 8.434947 10.067138
v -8.447392 8.225383 10.013085
v -8.468904 8.423212 10.106472
v -8.472189 8.240562 10.049286
v -8.502263 8.262657 10.081891
v -8.510691 8.414547 10.136550
v -8.536458 8.290820 10.109646
v -8.559153 8.409541 10.155322
v -8.573458 8.323968 10.131486
v -8.610986 8.408537 10.161508
v -8.611844 8.360828 10.146571
v -9.211714 8.372767 10.142896
v -9.251348 8.337461 10.127333
v -9.289368 8.305806 10.105033
v -9.324313 8.279019 10.076854
v -9.354841 8.258130 10.043878
v -9.379777 8.243941 10.007373
v -9.398165 8.236998 9.968740
v -9.409297 8.237567 9.929466
v -9.411996 8.240673 9.910061
v -9.412745 8.245626 9.891059
v -9.210856 8.420476 10.157833
v -9.262528 8.423541 10.151012
v -9.310518 8.430467 10.131649
v -9.351556 8.440780 10.101064
v -9.382844 8.453780 10.061340
v -9.402251 8.468580 10.015185
v -9.408454 8.484171 9.965745
v -9.902454 6.114134 8.784524
v -9.902452 6.198448 8.734240
v -9.902450 6.292817 8.683656
v -9.902449 6.399384 8.630771
v -8.902670 6.138992 8.791467
v -7.902885 6.225561 8.763025
v -7.902887 6.143476 8.811080
v -8.902671 6.068822 8.837873
v -9.902454 6.037894 8.836880
v -8.902669 6.004439 8.887306
v -9.902452 5.968426 8.893684
v -8.902670 5.946639 8.940754
v -9.902454 5.907479 8.955324
v -8.902670 5.897078 8.997361
v -9.902452 5.857014 9.019736
v -8.902668 5.856004 9.055359
v -9.902450 5.816117 9.084603
v -8.902667 5.821859 9.113655
v -9.902448 5.782092 9.149225
v -8.902665 5.792270 9.172506
v -9.902445 5.723170 9.282156
v -8.902661 5.725923 9.326645
v -9.902444 5.665983 9.424281
v -8.902662 5.659444 9.493634
v -9.902448 5.606752 9.574737
v -7.902882 5.646646 9.579420
v -8.902671 5.581536 9.693231
v -7.902890 5.585827 9.736001
v -8.902681 5.501932 9.901997
v -7.902898 5.524214 9.897792
v -7.902899 5.462589 10.066414
v -7.902883 6.317874 8.714120
v -7.902883 6.422526 8.662552
v -7.902882 6.540372 8.608509
v -7.902881 6.671094 8.552814
v -7.902881 6.813917 8.496536
v -7.902880 6.966520 8.441910
v -7.902880 7.126279 8.391527
v -7.902881 7.290573 8.347976
v -7.902882 7.456779 8.313844
v -7.902882 7.622354 8.291869
v -7.902882 7.704176 8.286499
v -8.902666 7.765558 8.266130
v -9.902449 7.698232 8.248271
v -9.902449 7.780865 8.247044
v -9.902448 7.614799 8.253920
v -9.902448 7.446548 8.276515
v -9.902447 7.278125 8.311250
v -9.902447 7.111893 8.355438
v -9.902447 6.950371 8.406505
v -9.902447 6.796083 8.461883
v -9.902447 6.651552 8.519001
v -9.902448 6.519059 8.575634
v -8.902668 8.627189 9.086284
v -8.902668 8.612655 8.972412
v -8.902669 8.587089 8.855707
v -7.902886 8.564090 8.843761
v -8.902668 8.633463 9.196108
v -8.902668 8.634030 9.300691
v -8.902668 8.630351 9.399334
v -7.902885 8.543215 8.780030
v -8.902668 8.546950 8.737924
v -9.902452 8.576171 8.760296
v -9.902451 8.548403 8.694542
v -8.902667 8.520123 8.679681
v -9.902450 8.514428 8.629772
v -8.902667 8.488044 8.622539
v -9.902449 8.473395 8.566994
v -8.902666 8.450238 8.567373
v -9.902448 8.425364 8.507457
v -8.902665 8.406919 8.515047
v -9.902447 8.370763 8.452338
v -8.902664 8.358353 8.466410
v -9.902447 8.310016 8.402817
v -8.902664 8.304806 8.422311
v -8.902665 8.246573 8.383590
v -7.902881 8.293283 8.437049
v -7.902883 8.230463 8.395890
v -7.902884 8.517183 8.716777
v -7.902884 8.485323 8.654591
v -7.902883 8.446846 8.594416
v -7.902882 8.401811 8.537379
v -7.902881 8.350522 8.484562
v -8.902668 8.184471 8.350674
v -7.902885 8.163096 8.361548
v -8.902669 8.119288 8.323509
v -7.902886 8.092105 8.333973
v -8.902669 8.051686 8.302024
v -7.902885 8.018314 8.313045
v -8.902667 7.982264 8.285925
v -7.902883 7.942329 8.298297
v -8.902666 7.911299 8.274813
v -7.902883 7.864452 8.289259
v -8.902666 7.838996 8.268332
v -7.902882 7.784972 8.285477
v -7.902887 6.069654 8.860488
v -7.902886 6.002704 8.913487
v -7.902888 5.944000 8.970828
v -7.902886 5.895186 9.031210
v -7.902885 5.855289 9.092961
v -7.902883 5.821760 9.155625
v -7.902879 5.763119 9.287015
v -7.902877 5.705915 9.428982
v -8.902681 5.422348 10.122285
v -7.902890 5.401792 10.242706
v -9.902455 5.361723 10.240265
v -8.902661 5.344658 10.355623
v -9.902412 5.246550 10.610392
v -8.902631 5.271171 10.595574
v -9.902403 5.194327 10.791729
v -8.902620 5.204065 10.828851
v -9.902417 5.146910 10.962482
v -8.902629 5.173532 10.938838
v -8.902649 5.145046 11.043555
v -7.902848 5.187159 10.962568
v -7.902885 5.144589 11.120562
v -7.902847 5.286736 10.611401
v -7.902836 5.234553 10.792237
v -7.902935 5.106183 11.269630
v -8.902709 5.093543 11.240367
v -9.902455 5.104303 11.121134
v -8.902743 5.059474 11.381443
v -7.902963 5.071314 11.416745
v -8.902724 5.028408 11.525938
v -7.902931 5.039642 11.568424
v -9.902485 4.999161 11.574116
v -9.902390 4.970375 11.731243
v -8.902549 4.974127 11.823981
v -9.902301 4.944018 11.884873
v -8.902490 4.950047 11.966130
v -9.902277 4.919598 12.028231
v -8.902519 4.927419 12.095900
v -9.902374 4.896466 12.155878
v -8.902681 4.905079 12.214101
v -9.902623 4.872370 12.279998
v -8.902817 4.893288 12.273979
v -8.902969 4.881090 12.337920
v -7.903037 4.912079 12.278794
v -7.903199 4.899288 12.345569
v -7.902742 4.984380 11.879526
v -7.902703 4.959829 12.024497
v -7.902789 4.936396 12.154476
v -8.903118 4.867662 12.416215
v -7.903340 4.886588 12.419595
v -8.903202 4.854789 12.506156
v -7.903422 4.874445 12.504006
v -8.903178 4.843120 12.610490
v -7.903406 4.863325 12.601936
v -7.903350 4.858278 12.656981
v -8.903113 4.837857 12.669426
v -7.903260 4.853587 12.716621
v -8.903009 4.832997 12.733417
v -7.903134 4.849272 12.781135
v -8.902867 4.828560 12.802787
v -7.902971 4.845353 12.850791
v -8.902684 4.824569 12.877856
v -7.902772 4.841849 12.925864
v -8.902461 4.821045 12.958941
v -7.902536 4.838782 13.006610
v -8.902197 4.818013 13.046319
v -7.902264 4.836176 13.093118
v -8.901894 4.815505 13.140026
v -7.901958 4.834064 13.185348
v -8.901556 4.813559 13.240017
v -7.901621 4.832479 13.283258
v -8.901184 4.812213 13.346249
v -7.901254 4.831453 13.386807
v -8.900782 4.811507 13.458682
v -7.900862 4.831020 13.495948
v -8.900315 4.811513 13.587754
v -7.900446 4.831219 13.610507
v -8.899821 4.812386 13.723630
v -7.900011 4.832091 13.730198
v -8.899307 4.814191 13.865998
v -7.899562 4.833680 13.854727
v -8.898781 4.816986 14.014051
v -7.898635 4.839173 14.117134
v -8.898246 4.820841 14.167726
v -8.897711 4.825819 14.326353
v -9.898155 4.800146 14.131889
v -9.897223 4.809082 14.409602
v -8.896669 4.839415 14.655778
v -9.896323 4.821750 14.699421
v -8.895722 4.858087 14.993491
v -9.895494 4.838502 14.997741
v -9.894780 4.859701 15.300549
v -8.894930 4.882222 15.333830
v -9.894214 4.885663 15.603878
v -8.894325 4.912553 15.675716
v -9.893822 4.916684 15.903930
v -8.893951 4.949408 16.012174
v -9.893632 4.953065 16.196910
v -8.893847 4.993205 16.337757
v -9.893671 4.995102 16.479021
v -8.893907 5.017839 16.494768
v -9.893784 5.018336 16.614813
v -8.894050 5.044367 16.647017
v -9.893965 5.043093 16.746470
v -8.894277 5.072829 16.793863
v -9.894212 5.069389 16.873660
v -8.894589 5.103269 16.934931
v -9.894525 5.097292 16.996190
v -8.894985 5.135792 17.069948
v -9.894904 5.126879 17.113873
v -8.895465 5.170504 17.198639
v -9.895350 5.158230 17.226517
v -8.896077 5.210530 17.330059
v -9.895863 5.191424 17.333934
v -9.896443 5.226539 17.435936
v -8.896782 5.253063 17.452662
v -9.897089 5.263654 17.532528
v -8.897587 5.298716 17.567784
v -9.897803 5.303035 17.623781
v -8.898490 5.347858 17.675022
v -9.898583 5.345022 17.709670
v -8.899490 5.401054 17.774319
v -9.899431 5.389957 17.790168
v -8.900587 5.458870 17.865616
v -9.900345 5.438180 17.865250
v -9.901327 5.490030 17.934890
v -8.901780 5.521874 17.948855
v -9.902375 5.545891 17.998991
v -8.903066 5.590683 18.023660
v -9.903478 5.605974 18.056980
v -8.904651 5.678949 18.099503
v -9.904609 5.669922 18.108244
v -9.905740 5.737326 18.152179
v -8.906238 5.773720 18.160391
v -9.906841 5.807275 18.188251
v -8.907735 5.872228 18.205455
v -9.907877 5.878566 18.216690
v -8.909045 5.971193 18.235723
v -9.908811 5.950062 18.237902
v -9.909613 6.020683 18.252490
v -8.910087 6.067831 18.253165
v -9.910270 6.089868 18.261558
v -8.910839 6.160979 18.260824
v -9.910778 6.157310 18.266131
v -8.911295 6.249965 18.261641
v -9.911340 6.286054 18.265803
v -8.911461 6.334880 18.258070
v -9.911324 6.406824 18.258250
v -8.911043 6.485619 18.246308
v -9.910783 6.520158 18.248949
v -8.909830 6.625791 18.235396
v -9.909827 6.627009 18.240840
v -9.908587 6.728622 18.235572
v -8.908089 6.760230 18.229954
v -9.907204 6.826286 18.234711
v -8.906191 6.894379 18.232766
v -9.905026 7.015812 18.243380
v -7.905142 6.996924 18.234891
v -8.904828 7.119572 18.246515
v -7.905169 7.208567 18.248524
v -8.905322 7.232144 18.253471
v -8.906386 7.345179 18.258945
v -9.905961 7.303300 18.260599
v -9.907071 7.405875 18.264289
v -8.907618 7.459598 18.262436
v -9.908065 7.513396 18.266787
v -8.908538 7.577279 18.264729
v -9.908661 7.625791 18.268729
v -8.908776 7.700171 18.266739
v -9.908589 7.742979 18.270752
v -8.908012 7.830178 18.269434
v -9.907676 7.864696 18.273565
v -8.906273 7.977851 18.274354
v -9.906157 7.990503 18.277912
v -9.904351 8.120557 18.284347
v -8.904082 8.135470 18.282436
v -9.902585 8.255677 18.293006
v -8.902009 8.302621 18.293847
v -9.901108 8.396361 18.303732
v -8.900459 8.478146 18.307997
v -9.899442 8.691401 18.328173
v -8.899327 8.802476 18.334277
v -9.899705 8.997368 18.349182
v -8.900410 9.133319 18.352472
v -9.900517 9.151397 18.355229
v -8.901851 9.330679 18.354504
v -9.901641 9.304349 18.356703
v -9.902965 9.454927 18.352526
v -8.903591 9.522660 18.347087
v -9.904377 9.601835 18.341622
v -8.905380 9.706398 18.328315
v -9.905748 9.743674 18.323430
v -8.906210 9.794206 18.314657
v -9.906958 9.878737 18.298326
v -9.406958 9.878737 18.298326
v -8.906958 9.878737 18.298326
v -8.406958 9.878737 18.298326
v -7.905751 9.746428 18.321967
v -7.906958 9.878737 18.298326
v -7.897700 4.848044 14.395110
v -7.896797 4.860645 14.685192
v -7.895965 4.877326 14.983766
v -7.895248 4.898448 15.286803
v -7.894677 4.924317 15.590353
v -7.894281 4.955223 15.890623
v -7.894085 4.991453 16.183824
v -7.894116 5.033297 16.466164
v -7.894226 5.056413 16.602077
v -7.894402 5.081037 16.733860
v -7.894644 5.107185 16.861195
v -7.894952 5.134917 16.983889
v -7.895325 5.164305 17.101749
v -7.895764 5.195419 17.214581
v -7.896269 5.228331 17.322194
v -7.896840 5.263112 17.424397
v -7.897477 5.299843 17.521202
v -7.898180 5.338770 17.612658
v -7.898948 5.380186 17.698724
v -7.899781 5.424386 17.779361
v -7.900679 5.471664 17.854529
v -7.901641 5.522316 17.924188
v -7.902666 5.576668 17.988215
v -7.903740 5.634821 18.046027
v -7.904839 5.696365 18.097034
v -7.905936 5.760843 18.140658
v -7.907000 5.827296 18.176473
v -7.908000 5.894595 18.204773
v -7.908904 5.961685 18.225984
v -7.909682 6.027591 18.240732
v -7.910326 6.091864 18.250095
v -7.910832 6.154278 18.255082
v -7.911428 6.272934 18.255825
v -7.911491 6.384044 18.249278
v -7.911066 6.488636 18.240506
v -7.910223 6.588765 18.232368
v -7.909046 6.687177 18.226737
v -7.907624 6.786740 18.225438
v -7.907106 7.411240 18.257891
v -7.908766 7.610415 18.262059
v -7.908803 7.715390 18.263755
v -7.908038 7.827754 18.266152
v -7.906603 7.949307 18.270140
v -7.904774 8.080542 18.276447
v -7.902920 8.220241 18.285250
v -7.901346 8.366918 18.296351
v -7.899526 8.675217 18.321935
v -7.899720 8.992745 18.344166
v -7.900524 9.150987 18.350740
v -7.901647 9.306909 18.352749
v -7.902974 9.459074 18.349193
v -7.904385 9.606046 18.339076
v -9.905141 7.205099 18.255474
v -9.899080 4.794582 13.869719
v -9.899529 4.792957 13.745282
v -9.899963 4.792046 13.625661
v -9.900379 4.791806 13.511144
v -9.900772 4.792195 13.402013
v -9.901138 4.793174 13.298421
v -9.901476 4.794710 13.200404
v -9.901784 4.796770 13.107994
v -9.902058 4.799322 13.021223
v -9.902297 4.802333 12.940118
v -9.902500 4.805778 12.864561
v -9.902667 4.809641 12.794287
v -9.902798 4.813903 12.729018
v -9.902894 4.818546 12.668481
v -9.902956 4.823555 12.612390
v -9.902984 4.834660 12.511953
v -9.902913 4.846836 12.424855
v -9.902780 4.859576 12.348427
v -9.902527 5.030869 11.420247
v -9.902503 5.065828 11.271396
v -9.902465 5.422595 10.063120
v -9.902464 5.484288 9.893776
v -9.902456 5.545945 9.731485
v -9.902449 7.862444 8.250730
v -9.902450 7.942717 8.259822
v -9.902451 8.021429 8.274810
v -9.902453 8.098301 8.296210
v -9.902451 8.172666 8.324559
v -9.902449 8.243596 8.360050
v -9.902452 8.598442 8.826377
v -7.905030 8.454438 8.909058
v -7.905030 8.414949 8.790481
v -7.905031 8.436937 8.849197
v -7.905030 8.387938 8.733488
v -7.905030 8.355316 8.678848
v -7.905029 8.316640 8.627421
v -7.905028 8.271983 8.580036
v -7.905028 8.221097 8.537246
v -7.905029 8.165173 8.500670
v -7.905030 8.103631 8.470051
v -7.905030 8.037507 8.445721
v -7.905029 7.967382 8.427682
v -7.905028 7.893752 8.415682
v -7.905028 7.817033 8.409326
v -7.905028 7.737640 8.408224
v -7.905028 7.655990 8.411980
v -7.905027 7.556792 8.422193
v -7.905027 7.455693 8.438033
v -7.905026 7.251024 8.483655
v -7.905026 7.048460 8.543270
v -7.905026 6.854317 8.611549
v -7.905027 6.762378 8.647274
v -7.905027 6.674913 8.683168
v -7.905027 6.592566 8.718680
v -7.905028 6.515532 8.753549
v -7.905028 6.444092 8.787488
v -7.905029 6.378438 8.820248
v -7.905029 6.318689 8.851601
v -7.905030 6.264155 8.881889
v -7.905031 6.195432 8.923538
v -7.905032 6.135378 8.964924
v -7.905031 6.082959 9.007180
v -7.905032 6.037457 9.051561
v -7.905032 5.998564 9.098555
v -7.905030 5.965393 9.148098
v -7.905029 5.936353 9.200228
v -7.905027 5.909734 9.255249
v -7.905025 5.877858 9.328319
v -7.905024 5.845871 9.406365
v -7.905026 5.779597 9.573487
v -7.905039 5.677071 9.837620
v -7.905044 5.573865 10.116774
v -7.905044 5.625338 9.974891
v -7.905037 5.523020 10.263978
v -7.905021 5.473197 10.416945
v -7.904988 5.379046 10.729247
v -7.904985 5.334081 10.887620
v -7.905004 5.292946 11.036949
v -7.905039 5.255743 11.176290
v -7.905080 5.222208 11.307666
v -7.905104 5.187485 11.455458
v -7.905068 5.156058 11.607482
v -7.904884 5.100058 11.924260
v -7.904875 5.071938 12.088065
v -7.904933 5.058382 12.162910
v -7.905200 5.030158 12.309936
v -7.905038 5.045040 12.233271
v -7.905379 5.015309 12.389531
v -7.905516 5.000944 12.479007
v -7.905549 4.994113 12.529590
v -7.905547 4.987608 12.585210
v -7.905504 4.981496 12.646722
v -7.905412 4.975836 12.715008
v -7.905268 4.970665 12.790755
v -7.905070 4.966034 12.874478
v -7.904818 4.961991 12.966691
v -7.904510 4.958586 13.067856
v -7.904149 4.955882 13.178047
v -7.903739 4.953949 13.297167
v -7.903361 4.952972 13.404042
v -7.902954 4.952630 13.517083
v -7.902522 4.952969 13.636102
v -7.902069 4.954040 13.760764
v -7.901602 4.955892 13.890726
v -7.901123 4.958576 14.025648
v -7.900154 4.966640 14.308926
v -7.899205 4.978644 14.606934
v -7.898320 4.994996 14.915487
v -7.897550 5.016121 15.230138
v -7.896936 5.042393 15.546152
v -7.896514 5.073489 15.853331
v -7.896301 5.110137 16.153233
v -7.896326 5.152630 16.441606
v -7.896436 5.176161 16.580140
v -7.896616 5.201261 16.714197
v -7.896866 5.227947 16.843351
v -7.897184 5.256246 16.967320
v -7.897571 5.286196 17.085832
v -7.898024 5.317835 17.198617
v -7.898543 5.351202 17.305402
v -7.899133 5.386646 17.406756
v -7.899772 5.423090 17.499559
v -7.900483 5.462143 17.587671
v -7.901440 5.513359 17.687675
v -7.902475 5.568007 17.777639
v -7.903580 5.626346 17.857513
v -7.904744 5.688642 17.927214
v -7.905940 5.754863 17.986477
v -7.907130 5.824497 18.035038
v -7.908275 5.897105 18.072925
v -7.909312 5.970323 18.100309
v -7.910212 6.044161 18.118687
v -7.910933 6.117398 18.129315
v -7.911462 6.189697 18.133854
v -7.911786 6.260805 18.133918
v -7.911811 6.399536 18.125999
v -7.911029 6.534093 18.115097
v -7.909478 6.676588 18.106314
v -7.907507 6.819869 18.104898
v -7.905736 6.967054 18.111329
v -7.905121 7.114200 18.120644
v -7.905648 7.247628 18.128799
v -7.906847 7.376685 18.134943
v -7.908889 7.629955 18.140818
v -7.908883 7.718156 18.142318
v -7.908333 7.811639 18.144292
v -7.907275 7.911718 18.147263
v -7.905860 8.018805 18.151672
v -7.904289 8.132676 18.157852
v -7.902765 8.252224 18.165745
v -7.900467 8.504214 18.185691
v -7.899471 8.833806 18.212078
v -7.899824 8.999831 18.222597
v -7.900663 9.164013 18.229175
v -7.902117 9.357483 18.230198
v -7.903816 9.542839 18.221907
v -7.905507 9.717283 18.202776
v -7.906275 9.799753 18.189263
v -9.904597 8.489613 8.891884
v -9.904597 8.470533 8.828980
v -9.904597 8.446482 8.767013
v -9.904596 8.416842 8.706691
v -9.904596 8.380957 8.648763
v -9.904595 8.337956 8.593831
v -9.904594 8.289242 8.544220
v -9.904594 8.233939 8.499542
v -9.904595 8.172738 8.461201
v -9.904596 8.106344 8.429779
v -9.904597 8.035629 8.405203
v -9.904596 7.961298 8.387331
v -9.904595 7.883878 8.375794
v -9.904594 7.803752 8.370138
v -9.904594 7.721296 8.369912
v -9.904594 7.637090 8.374649
v -9.904594 7.535689 8.386012
v -9.904593 7.432927 8.402885
v -9.904593 7.225656 8.450268
v -9.904592 7.021216 8.511356
v -9.904593 6.825692 8.580895
v -9.904593 6.733175 8.617193
v -9.904593 6.645168 8.653633
v -9.904593 6.562284 8.689690
v -9.904594 6.484760 8.725108
v -9.904595 6.412782 8.759661
v -9.904595 6.346534 8.793125
v -9.904596 6.286091 8.825324
v -9.904597 6.231030 8.856509
v -9.904598 6.160558 8.900390
v -9.904599 6.098830 8.944563
v -9.904598 6.044597 8.990472
v -9.904598 5.997532 9.039045
v -9.904598 5.957584 9.090062
v -9.904596 5.923855 9.142890
v -9.904595 5.894584 9.197343
v -9.904593 5.867878 9.253834
v -9.904591 5.835974 9.327919
v -9.904590 5.804021 9.406334
v -9.904593 5.737697 9.573872
v -9.904602 5.658040 9.778725
v -9.904611 5.577436 9.992522
v -9.904604 5.489119 10.242986
v -9.904575 5.403805 10.509280
v -9.904551 5.324469 10.778510
v -9.904554 5.288052 10.908023
v -9.904571 5.254293 11.030991
v -9.904601 5.222842 11.148602
v -9.904635 5.193982 11.260457
v -9.904668 5.142871 11.477900
v -9.904578 5.098575 11.704016
v -9.904446 5.058921 11.934076
v -9.904526 5.016756 12.173573
v -9.904437 5.037383 12.059581
v -9.904717 4.996469 12.279399
v -9.904957 4.975918 12.390289
v -9.905062 4.964898 12.458864
v -9.905113 4.954391 12.536313
v -9.905085 4.944673 12.625227
v -9.904952 4.935996 12.728247
v -9.904841 4.932085 12.785871
v -9.904701 4.928483 12.847891
v -9.904530 4.925207 12.914532
v -9.904328 4.922277 12.986019
v -9.904095 4.919714 13.062565
v -9.903831 4.917544 13.144233
v -9.903538 4.915794 13.231192
v -9.903220 4.914504 13.322793
v -9.902836 4.913635 13.430934
v -9.902429 4.913409 13.543889
v -9.901995 4.913862 13.663394
v -9.901541 4.915048 13.788477
v -9.901073 4.917018 13.918800
v -9.900595 4.919823 14.054024
v -9.899629 4.928137 14.337744
v -9.898685 4.940408 14.635985
v -9.897808 4.957046 14.944565
v -9.897048 4.978480 15.259037
v -9.896446 5.005088 15.574664
v -9.896039 5.036549 15.881265
v -9.895843 5.073607 16.180394
v -9.895886 5.116567 16.467799
v -9.896007 5.140354 16.605777
v -9.896198 5.165729 16.739230
v -9.896459 5.192708 16.867733
v -9.896790 5.221325 16.991009
v -9.897190 5.251727 17.109155
v -9.897655 5.283665 17.220819
v -9.898188 5.317480 17.326823
v -9.898787 5.353123 17.426538
v -9.899451 5.390638 17.519828
v -9.900175 5.430171 17.606698
v -9.901155 5.482429 17.705758
v -9.902217 5.538443 17.794852
v -9.903351 5.598567 17.873956
v -9.904550 5.663181 17.943015
v -9.905786 5.732397 18.001748
v -9.907017 5.805774 18.049852
v -9.908198 5.882539 18.087076
v -9.909275 5.961363 18.114004
v -9.910197 6.040943 18.131617
v -9.910924 6.120261 18.141379
v -9.911439 6.198820 18.144985
v -9.911631 6.427084 18.134592
v -9.911729 6.276219 18.144091
v -9.910675 6.572260 18.123140
v -9.909192 6.704990 18.115453
v -9.907469 6.831753 18.113592
v -9.905988 6.952128 18.117740
v -9.905149 7.067928 18.124840
v -9.905542 7.239201 18.135577
v -9.907374 7.418912 18.142809
v -9.908259 7.514624 18.145246
v -9.908790 7.615365 18.147077
v -9.908698 7.720991 18.148892
v -9.908032 7.831032 18.151253
v -9.905375 8.062712 18.159630
v -9.903746 8.184216 18.166594
v -9.902237 8.309756 18.175325
v -9.900013 8.571551 18.196189
v -9.899433 8.844296 18.217726
v -9.900370 9.117867 18.232523
v -9.901273 9.253254 18.235145
v -9.902378 9.386385 18.233239
v -9.903584 9.516361 18.226185
v -9.904806 9.642319 18.213900
v -9.905958 9.763398 18.196307
v -9.907147 10.966897 17.573894
v -9.908814 11.184706 17.568535
v -9.908738 11.171697 17.519527
v -7.908927 11.200364 17.582950
v -7.908829 11.183520 17.519494
v -7.907015 10.950447 17.589099
v -7.907003 10.948530 17.581874
v -8.906958 10.942618 17.581891
v -7.906799 10.913521 17.449991
v -9.906708 10.901718 17.450019
v -9.906913 10.936726 17.581903
v -7.908624 11.148512 17.387610
v -9.908533 11.136688 17.387644
v -8.907022 10.953401 17.625589
v -7.907090 10.963097 17.642827
v -8.907071 10.961487 17.665266
v -7.907143 10.971495 17.690414
v -8.907106 10.966886 17.700956
v -7.907172 10.975591 17.731874
v -8.907127 10.969607 17.732687
v -7.907180 10.975316 17.767243
v -8.907132 10.968626 17.773520
v -7.907166 10.970595 17.796561
v -8.907124 10.965821 17.790543
v -8.907108 10.961478 17.805322
v -9.907083 10.961386 17.783694
v -9.907060 10.955190 17.806748
v -8.907085 10.955629 17.817948
v -9.907042 10.950743 17.816377
v -8.907056 10.948309 17.828529
v -9.907021 10.945377 17.824788
v -8.907023 10.939620 17.837119
v -9.906997 10.939078 17.832016
v -8.906986 10.929401 17.843985
v -9.906970 10.931831 17.838096
v -9.906941 10.923619 17.843063
v -8.906933 10.913612 17.850445
v -9.906910 10.914430 17.846952
v -8.906878 10.895449 17.854050
v -9.906844 10.893084 17.851642
v -8.906807 10.867152 17.855070
v -9.906727 10.840485 17.851017
v -8.906750 10.835124 17.852797
v -9.906686 10.777463 17.843162
v -8.906736 10.747789 17.841727
v -9.906770 10.706339 17.835183
v -8.906856 10.681369 17.835769
v -9.906998 10.628446 17.832947
v -8.907092 10.610170 17.835613
v -9.907366 10.544465 17.841158
v -8.907428 10.534890 17.844041
v -8.907799 10.455449 17.860878
v -7.907500 10.523124 17.847046
v -7.907911 10.433644 17.867265
v -7.907131 10.961351 17.819842
v -7.907106 10.955072 17.829212
v -7.907079 10.947742 17.837071
v -7.907048 10.939461 17.843476
v -7.907015 10.930329 17.848522
v -7.906947 10.909732 17.855042
v -7.906880 10.886155 17.857682
v -7.906773 10.830219 17.854660
v -7.906752 10.763784 17.845989
v -7.906861 10.689071 17.838305
v -7.907127 10.608468 17.837820
v -8.908032 10.399385 17.876663
v -7.908258 10.339178 17.897112
v -8.908226 10.341054 17.895816
v -7.908424 10.238127 17.933768
v -8.908372 10.216214 17.941125
v -7.908308 10.128759 17.973681
v -8.908272 10.139026 17.969186
v -8.908015 10.057297 17.997228
v -9.908240 10.137102 17.969255
v -9.907799 10.013193 18.010868
v -8.907583 9.970657 18.024018
v -7.907827 10.009386 18.013027
v -9.908339 10.251293 17.927546
v -9.908156 10.356590 17.889803
v -9.907785 10.454010 17.860269
v -9.907089 10.964033 17.755242
v -9.907075 10.962995 17.720933
v -9.907042 10.958166 17.680664
v -9.906988 10.949444 17.634349
v -7.908036 11.086200 17.635524
v -7.909006 11.213076 17.648347
v -7.908085 11.093843 17.681995
v -7.909058 11.220639 17.711251
v -7.908116 11.098090 17.725848
v -7.909080 11.222290 17.773209
v -7.908129 11.098690 17.767632
v -7.909063 11.215867 17.836505
v -7.908108 11.091654 17.822584
v -7.908993 11.196589 17.903442
v -7.908079 11.083592 17.850001
v -7.908035 11.071951 17.876572
v -7.907977 11.056980 17.900789
v -7.907903 11.037719 17.923429
v -7.907813 11.014074 17.943423
v -7.907716 10.987273 17.959452
v -7.907618 10.959042 17.970728
v -7.907527 10.931033 17.977589
v -7.908133 10.960816 18.099005
v -7.908006 10.919318 18.104865
v -7.908930 11.180073 17.938928
v -7.908843 11.157505 17.974811
v -7.908730 11.128219 18.009537
v -7.908591 11.091764 18.041356
v -7.908436 11.049781 18.067785
v -7.908280 11.005110 18.087041
v -7.907448 10.904520 17.980867
v -7.907904 10.881979 18.106301
v -7.907383 10.879876 17.981610
v -7.907826 10.848733 18.104871
v -7.907313 10.848511 17.980072
v -7.907729 10.793053 18.098316
v -7.907265 10.819784 17.976988
v -7.907697 10.747607 18.090654
v -7.907233 10.785574 17.972166
v -7.907712 10.708339 18.084211
v -7.907231 10.752761 17.967342
v -7.907766 10.673653 18.079483
v -7.907291 10.698843 17.960494
v -7.907963 10.613207 18.076489
v -7.907429 10.645909 17.957300
v -7.907638 10.593086 17.959212
v -7.907892 10.538906 17.966512
v -7.908232 10.467130 17.983342
v -7.908538 10.387174 18.008757
v -7.908693 10.318037 18.033667
v -7.908722 10.241836 18.062062
v -7.908578 10.158154 18.092363
v -7.908937 10.213890 18.201844
v -7.908752 10.155308 18.222267
v -7.908233 10.559123 18.082362
v -7.908529 10.504369 18.096104
v -7.908808 10.440915 18.117165
v -7.908924 10.403977 18.130597
v -7.909009 10.363026 18.145972
v -7.909050 10.317737 18.163222
v -7.909031 10.268029 18.182003
v -7.908218 10.066634 18.122836
v -7.908066 10.025066 18.262520
v -7.907684 9.975933 18.149373
v -9.908896 11.198074 17.633681
v -8.908990 11.211402 17.682068
v -8.909031 11.215176 17.784396
v -8.909001 11.205641 17.851487
v -8.908964 11.195398 17.886728
v -8.908908 11.180264 17.923563
v -9.908912 11.187845 17.887749
v -9.908856 11.172919 17.923257
v -9.908953 11.206513 17.696305
v -9.908981 11.209362 17.757961
v -9.908972 11.204707 17.820982
v -8.908825 11.158824 17.961259
v -9.908776 11.152134 17.959442
v -8.908715 11.130269 17.998098
v -9.908672 11.124918 17.994683
v -8.908576 11.093962 18.032188
v -9.908541 11.090783 18.027273
v -8.908418 11.051409 18.060731
v -9.908393 11.050992 18.054785
v -8.908260 11.006229 18.081417
v -9.908243 11.008354 18.075446
v -9.908101 10.965873 18.088855
v -8.908108 10.960418 18.094560
v -9.907976 10.925916 18.096133
v -8.907978 10.918158 18.100937
v -9.907875 10.889855 18.098869
v -8.907875 10.880340 18.102608
v -9.907796 10.857705 18.098575
v -8.907740 10.817423 18.098513
v -9.907694 10.803915 18.093766
v -8.907682 10.767608 18.091200
v -9.907654 10.760202 18.087234
v -8.907686 10.715003 18.082755
v -9.907658 10.722688 18.081452
v -9.907699 10.689778 18.076980
v -8.907757 10.670613 18.077032
v -9.907865 10.632822 18.073478
v -8.907870 10.634403 18.074918
v -8.908013 10.600886 18.076129
v -9.908103 10.581457 18.077753
v -8.908352 10.535828 18.087484
v -9.908381 10.527777 18.089581
v -8.908635 10.477825 18.104608
v -9.908669 10.463120 18.109349
v -8.908767 10.444105 18.116002
v -9.908799 10.424801 18.122595
v -8.908882 10.406630 18.129422
v -9.908903 10.382071 18.138110
v -8.908978 10.358260 18.147407
v -9.908965 10.334688 18.155825
v -8.909012 10.304155 18.167862
v -9.908967 10.282654 18.175350
v -8.908865 10.200137 18.206069
v -9.908891 10.226029 18.196148
v -9.908723 10.164876 18.217676
v -8.908372 10.080107 18.245842
v -9.908059 10.029531 18.260305
v -8.907767 9.983036 18.273494
v -9.907926 11.071232 17.621701
v -9.907979 11.079601 17.668647
v -9.908014 11.084655 17.712884
v -9.908031 11.086206 17.755003
v -9.908030 11.084409 17.786345
v -9.908014 11.079316 17.817264
v -9.907982 11.070243 17.848081
v -9.907928 11.055977 17.878711
v -9.907850 11.035726 17.907693
v -9.907748 11.009120 17.933185
v -9.907635 10.978002 17.952844
v -9.907525 10.945570 17.965541
v -9.907422 10.913070 17.972483
v -9.907340 10.883296 17.974874
v -9.907276 10.856100 17.974540
v -9.907229 10.830944 17.972670
v -9.907190 10.798328 17.968825
v -9.907177 10.767136 17.964589
v -9.907216 10.716005 17.957973
v -9.907328 10.665779 17.954197
v -9.907512 10.615130 17.954861
v -9.907748 10.562168 17.960639
v -9.908087 10.490065 17.975880
v -9.908259 10.450284 17.987147
v -9.908417 10.407681 18.000756
v -9.908601 10.335636 18.026101
v -9.908662 10.255939 18.055598
v -9.908546 10.168437 18.087457
v -9.908205 10.073016 18.119707
v -9.907681 9.978918 18.147880
v -9.737367 6.198202 7.196868
v -9.737367 6.211717 7.261562
v -9.737367 6.240897 7.320862
v -9.737367 6.283907 7.371043
v -9.737367 6.338045 7.408951
v -9.737367 6.399910 7.432205
v -9.737367 6.465615 7.439342
v -9.737367 6.531030 7.429916
v -9.737367 6.592045 7.404518
v -9.737367 6.644828 7.364743
v -9.737367 6.686060 7.313091
v -9.737367 6.713152 7.252809
v -9.737367 6.724402 7.187683
v -9.737367 6.719101 7.121805
v -9.737367 6.697584 7.059315
v -9.737367 6.661203 7.004139
v -9.737367 6.612242 6.959744
v -9.737367 6.553780 6.928921
v -9.737367 6.489488 6.913605
v -9.737367 6.423408 6.914758
v -9.737367 6.359689 6.932308
v -9.737367 6.302338 6.965154
v -9.737367 6.254957 7.011230
v -9.737367 6.220523 7.067642
v -9.737367 6.201200 7.130845
v -9.427367 6.240897 7.320862
v -9.427367 6.211717 7.261562
v -9.427367 6.198202 7.196868
v -9.427367 6.283907 7.371043
v -9.427367 6.077442 8.365417
v -9.427367 6.338045 7.408951
v -9.427367 6.399910 7.432205
v -9.427367 6.465615 7.439342
v -9.427367 6.531030 7.429916
v -9.427367 7.495720 7.877065
v -9.427367 6.592045 7.404518
v -9.427367 6.644828 7.364743
v -9.427367 6.686060 7.313091
v -9.427367 6.713152 7.252809
v -9.427367 6.724402 7.187683
v -9.427367 6.719101 7.121805
v -9.427367 6.697584 7.059315
v -9.427367 6.661203 7.004139
v -9.427367 6.612242 6.959744
v -9.427367 6.553780 6.928921
v -9.427367 6.489488 6.913605
v -9.427367 6.423408 6.914758
v -9.427367 6.359689 6.932308
v -9.427367 6.302338 6.965154
v -9.427367 6.254957 7.011230
v -9.427367 6.220523 7.067642
v -9.427367 6.201200 7.130845
v -9.737367 6.305001 6.722629
v -9.737367 6.775397 6.814065
v -9.737367 6.775397 6.814065
v -9.737367 6.931409 7.267158
v -10.137367 6.775397 6.814065
v -9.737367 6.931409 7.267158
v -9.737367 6.617026 7.628816
v -10.137367 6.931409 7.267158
v -9.427367 7.495720 7.877065
v -9.427367 7.170152 6.931546
v -9.772367 7.495720 7.877065
v -9.427367 5.751874 7.419899
v -9.427367 5.723402 7.311479
v -9.427367 5.711407 7.200027
v -9.427367 5.716157 7.088034
v -9.427367 5.737545 6.977998
v -9.427367 5.775095 6.872379
v -9.427367 5.827968 6.773537
v -9.427367 5.894981 6.683678
v -9.427367 5.974638 6.604812
v -9.427367 6.065160 6.538697
v -9.427367 6.164526 6.486813
v -9.427367 6.270514 6.450319
v -9.427367 6.380757 6.430029
v -9.427367 6.492794 6.426395
v -9.427367 6.604120 6.439503
v -9.427367 6.712249 6.469054
v -9.427367 6.814767 6.514392
v -9.427367 6.909382 6.574502
v -9.427367 6.993981 6.648044
v -9.427367 7.066675 6.733372
v -9.427367 7.125839 6.828582
v -9.737367 6.617026 7.628816
v -9.737367 6.146629 7.537380
v -10.137367 6.617026 7.628816
v -9.737367 6.146629 7.537380
v -9.737367 5.990616 7.084287
v -10.137367 6.146629 7.537380
v -9.737367 5.990616 7.084287
v -9.737367 6.305001 6.722629
v -10.137367 5.990616 7.084287
v -10.137367 6.305001 6.722629
v -9.772367 6.077442 8.365417
v -9.427367 6.077442 8.365417
v -9.772367 6.077442 8.365417
v -9.772367 7.495720 7.877065
v -10.137367 6.077442 8.365417
v -10.137367 7.495720 7.877065
v -10.137367 6.617026 7.628816
v -10.137367 7.495720 7.877065
v -10.137367 6.931409 7.267158
v -10.137367 7.170152 6.931546
v -10.137367 6.775397 6.814065
v -10.137367 7.125839 6.828582
v -10.137367 7.066675 6.733372
v -10.137367 6.077442 8.365417
v -10.137367 6.146629 7.537380
v -10.137367 5.751874 7.419899
v -10.137367 5.990616 7.084287
v -10.137367 5.723402 7.311479
v -10.137367 5.711407 7.200027
v -10.137367 5.716157 7.088034
v -10.137367 5.737545 6.977998
v -10.137367 5.775095 6.872379
v -10.137367 5.827968 6.773537
v -10.137367 5.894981 6.683678
v -10.137367 5.974638 6.604812
v -10.137367 6.305001 6.722629
v -10.137367 6.065160 6.538697
v -10.137367 6.164526 6.486813
v -10.137367 6.270514 6.450319
v -10.137367 6.380757 6.430029
v -10.137367 6.492794 6.426395
v -10.137367 6.604120 6.439503
v -10.137367 6.712249 6.469054
v -10.137367 6.814767 6.514392
v -10.137367 6.909382 6.574502
v -10.137367 6.993981 6.648044
v -8.467367 6.077442 8.365417
v -8.157367 6.077442 8.365417
v -8.467367 7.495720 7.877065
v -8.157367 7.495720 7.877065
v -8.157367 6.681129 7.030582
v -8.157367 7.125839 6.828582
v -8.157367 6.710309 7.089883
v -8.157367 7.170152 6.931546
v -8.157367 6.723824 7.154577
v -8.157367 6.720826 7.220600
v -8.157367 7.495720 7.877065
v -8.157367 6.701503 7.283802
v -8.157367 6.667069 7.340215
v -8.157367 6.619688 7.386291
v -8.157367 6.562336 7.419136
v -8.157367 6.077442 8.365417
v -8.157367 6.498619 7.436687
v -8.157367 6.432538 7.437840
v -8.157367 6.368246 7.422523
v -8.157367 6.309784 7.391701
v -8.157367 5.751874 7.419899
v -8.157367 6.260823 7.347305
v -8.157367 6.224442 7.292129
v -8.157367 6.202924 7.229640
v -8.157367 5.723402 7.311479
v -8.157367 5.711407 7.200027
v -8.157367 6.638119 6.980402
v -8.157367 6.993981 6.648044
v -8.157367 7.066675 6.733372
v -8.157367 6.583981 6.942493
v -8.157367 6.814767 6.514392
v -8.157367 6.909382 6.574502
v -8.157367 6.522116 6.919240
v -8.157367 6.604120 6.439503
v -8.157367 6.712249 6.469054
v -8.157367 6.492794 6.426395
v -8.157367 6.456412 6.912102
v -8.157367 6.380757 6.430029
v -8.157367 6.270514 6.450319
v -8.157367 6.390996 6.921529
v -8.157367 6.164526 6.486813
v -8.157367 6.329981 6.946927
v -8.157367 6.065160 6.538697
v -8.157367 6.277198 6.986702
v -8.157367 5.974638 6.604812
v -8.157367 5.894981 6.683678
v -8.157367 6.235965 7.038353
v -8.157367 5.827968 6.773537
v -8.157367 6.208873 7.098636
v -8.157367 5.775095 6.872379
v -8.157367 5.737545 6.977998
v -8.157367 6.197624 7.163762
v -8.157367 5.716157 7.088034
v -8.467367 6.723824 7.154577
v -8.467367 7.170152 6.931546
v -8.467367 6.710309 7.089883
v -8.467367 7.125839 6.828582
v -8.467367 6.681129 7.030582
v -8.467367 7.066675 6.733372
v -8.467367 6.993981 6.648044
v -8.467367 6.720826 7.220600
v -8.467367 7.495720 7.877065
v -8.467367 6.701503 7.283802
v -8.467367 6.667069 7.340215
v -8.467367 6.619688 7.386291
v -8.467367 6.562336 7.419136
v -8.467367 6.077442 8.365417
v -8.467367 6.498619 7.436687
v -8.467367 6.432538 7.437840
v -8.467367 6.368246 7.422523
v -8.467367 6.309784 7.391701
v -8.467367 5.751874 7.419899
v -8.467367 6.260823 7.347305
v -8.467367 6.224442 7.292129
v -8.467367 6.202924 7.229640
v -8.467367 5.723402 7.311479
v -8.467367 5.711407 7.200027
v -8.467367 6.197624 7.163762
v -8.467367 5.716157 7.088034
v -8.467367 5.737545 6.977998
v -8.467367 6.208873 7.098636
v -8.467367 5.775095 6.872379
v -8.467367 5.827968 6.773537
v -8.467367 6.235965 7.038353
v -8.467367 5.894981 6.683678
v -8.467367 6.277198 6.986702
v -8.467367 5.974638 6.604812
v -8.467367 6.065160 6.538697
v -8.467367 6.329981 6.946927
v -8.467367 6.164526 6.486813
v -8.467367 6.390996 6.921529
v -8.467367 6.270514 6.450319
v -8.467367 6.456412 6.912102
v -8.467367 6.380757 6.430029
v -8.467367 6.492794 6.426395
v -8.467367 6.522116 6.919240
v -8.467367 6.604120 6.439503
v -8.467367 6.583981 6.942493
v -8.467367 6.712249 6.469054
v -8.467367 6.814767 6.514392
v -8.467367 6.638119 6.980402
v -8.467367 6.909382 6.574502
v -9.102367 6.077442 8.365417
v -8.792367 6.077442 8.365417
v -9.102367 7.495720 7.877065
v -8.792367 7.495720 7.877065
v -8.792367 6.681129 7.030582
v -8.792367 7.125839 6.828582
v -8.792367 6.710309 7.089883
v -8.792367 7.170152 6.931546
v -8.792367 6.723824 7.154577
v -8.792367 6.720826 7.220600
v -8.792367 7.495720 7.877065
v -8.792367 6.701503 7.283802
v -8.792367 6.667069 7.340215
v -8.792367 6.619688 7.386291
v -8.792367 6.562336 7.419136
v -8.792367 6.077442 8.365417
v -8.792367 6.498619 7.436687
v -8.792367 6.432538 7.437840
v -8.792367 6.368246 7.422523
v -8.792367 6.309784 7.391701
v -8.792367 5.751874 7.419899
v -8.792367 6.260823 7.347305
v -8.792367 6.224442 7.292129
v -8.792367 6.202924 7.229640
v -8.792367 5.723402 7.311479
v -8.792367 5.711407 7.200027
v -8.792367 6.638119 6.980402
v -8.792367 6.993981 6.648044
v -8.792367 7.066675 6.733372
v -8.792367 6.583981 6.942493
v -8.792367 6.814767 6.514392
v -8.792367 6.909382 6.574502
v -8.792367 6.522116 6.919240
v -8.792367 6.604120 6.439503
v -8.792367 6.712249 6.469054
v -8.792367 6.492794 6.426395
v -8.792367 6.456412 6.912102
v -8.792367 6.380757 6.430029
v -8.792367 6.270514 6.450319
v -8.792367 6.390996 6.921529
v -8.792367 6.164526 6.486813
v -8.792367 6.329981 6.946927
v -8.792367 6.065160 6.538697
v -8.792367 6.277198 6.986702
v -8.792367 5.974638 6.604812
v -8.792367 5.894981 6.683678
v -8.792367 6.235965 7.038353
v -8.792367 5.827968 6.773537
v -8.792367 6.208873 7.098636
v -8.792367 5.775095 6.872379
v -8.792367 5.737545 6.977998
v -8.792367 6.197624 7.163762
v -8.792367 5.716157 7.088034
v -9.102367 6.723824 7.154577
v -9.102367 7.170152 6.931546
v -9.102367 6.710309 7.089883
v -9.102367 7.125839 6.828582
v -9.102367 6.681129 7.030582
v -9.102367 7.066675 6.733372
v -9.102367 6.993981 6.648044
v -9.102367 6.720826 7.220600
v -9.102367 7.495720 7.877065
v -9.102367 6.701503 7.283802
v -9.102367 6.667069 7.340215
v -9.102367 6.619688 7.386291
v -9.102367 6.562336 7.419136
v -9.102367 6.077442 8.365417
v -9.102367 6.498619 7.436687
v -9.102367 6.432538 7.437840
v -9.102367 6.368246 7.422523
v -9.102367 6.309784 7.391701
v -9.102367 5.751874 7.419899
v -9.102367 6.260823 7.347305
v -9.102367 6.224442 7.292129
v -9.102367 6.202924 7.229640
v -9.102367 5.723402 7.311479
v -9.102367 5.711407 7.200027
v -9.102367 6.197624 7.163762
v -9.102367 5.716157 7.088034
v -9.102367 5.737545 6.977998
v -9.102367 6.208873 7.098636
v -9.102367 5.775095 6.872379
v -9.102367 5.827968 6.773537
v -9.102367 6.235965 7.038353
v -9.102367 5.894981 6.683678
v -9.102367 6.277198 6.986702
v -9.102367 5.974638 6.604812
v -9.102367 6.065160 6.538697
v -9.102367 6.329981 6.946927
v -9.102367 6.164526 6.486813
v -9.102367 6.390996 6.921529
v -9.102367 6.270514 6.450319
v -9.102367 6.456412 6.912102
v -9.102367 6.380757 6.430029
v -9.102367 6.492794 6.426395
v -9.102367 6.522116 6.919240
v -9.102367 6.604120 6.439503
v -9.102367 6.583981 6.942493
v -9.102367 6.712249 6.469054
v -9.102367 6.814767 6.514392
v -9.102367 6.638119 6.980402
v -9.102367 6.909382 6.574502
v -8.122367 6.030166 8.381695
v -9.772367 6.030166 8.381695
v -8.122367 6.030166 8.381695
v -8.122367 6.170737 8.789942
v -8.122367 7.542996 7.860786
v -9.772367 7.542996 7.860786
v -9.772367 7.495720 7.877065
v -9.772367 6.077442 8.365417
v -9.772367 6.030166 8.381695
v -9.772367 6.160243 8.759464
v -9.772367 7.677701 8.251998
v -9.772367 7.542996 7.860786
v -8.122367 7.542996 7.860786
v -8.122367 7.688425 8.283142
v -9.406850 8.394913 9.413902
v -9.547669 8.403095 9.266895
v -9.679692 8.400695 9.126054
v -9.741576 8.394925 9.058640
v -9.800266 8.385787 8.993603
v -9.855432 8.373041 8.931216
v -9.906742 8.356446 8.871760
v -8.268312 8.378166 9.277530
v -8.136029 8.371528 9.138533
v -8.407066 8.375013 9.420028
v -8.073588 8.363837 9.071441
v -8.014292 8.352859 9.006535
v -7.958652 8.338313 8.944255
v -7.907175 8.319918 8.885036
v -8.472189 8.240562 10.049286
v -8.447392 8.225383 10.013085
v -8.428823 8.217704 9.974680
v -8.417198 8.217820 9.935545
v -8.414139 8.220811 9.916175
v -8.412961 8.225726 9.897185
v -9.354841 8.258130 10.043878
v -9.379777 8.243941 10.007373
v -9.398165 8.236998 9.968740
v -9.409297 8.237567 9.929466
v -9.411996 8.240673 9.910061
v -9.412745 8.245626 9.891059
v -9.406850 8.394913 9.413902
v -9.402559 8.633457 9.488587
v -9.402251 8.468580 10.015185
v -9.210856 8.420476 10.157833
v -9.408454 8.484171 9.965745
v -8.610986 8.408537 10.161508
v -8.408671 8.464271 9.971870
v -8.416095 8.448951 10.021228
v -8.436639 8.434947 10.067138
v -8.468904 8.423212 10.106472
v -8.510691 8.414547 10.136550
v -8.559153 8.409541 10.155322
v -9.382844 8.453780 10.061340
v -9.351556 8.440780 10.101064
v -9.310518 8.430467 10.131649
v -9.262528 8.423541 10.151012
v -8.402776 8.613558 9.494714
v -9.402559 8.633457 9.488587
v -9.748683 6.160394 8.759903
v -9.772367 6.160243 8.759464
v -9.772367 6.325371 8.669891
v -8.935566 6.165572 8.774941
v -8.122367 6.170737 8.789942
v -8.122367 6.256647 8.741468
v -8.122367 6.340718 8.697812
v -8.122367 6.455693 8.642311
v -8.122367 6.575808 8.588374
v -8.122367 6.708642 8.532933
v -8.122367 6.851450 8.478115
v -8.122367 7.001485 8.426043
v -8.122367 7.156002 8.378847
v -8.122367 7.315049 8.338039
v -8.122367 7.479067 8.305847
v -8.122367 7.588660 8.291038
v -8.122367 7.688425 8.283142
v -8.947368 7.683065 8.267576
v -9.772367 7.677701 8.251998
v -9.772367 7.624667 8.255713
v -9.772367 7.517808 8.267822
v -9.772367 7.412214 8.285160
v -9.772367 7.308931 8.306659
v -9.772367 7.209002 8.331251
v -9.772367 7.113475 8.357871
v -9.772367 7.023236 8.385506
v -9.772367 6.844283 8.446843
v -9.772367 6.665655 8.515968
v -9.772367 6.493200 8.590025
v -9.770061 8.645139 9.102328
v -9.902450 8.629297 8.957183
v -7.902884 8.592965 8.970520
v -9.637647 8.648584 9.243788
v -9.573760 8.646844 9.311021
v -9.512662 8.643426 9.374796
v -9.455285 8.638806 9.434267
v -8.276105 8.619887 9.365662
v -8.149804 8.619775 9.234882
v -8.025292 8.611677 9.103344
v -7.902886 8.564090 8.843761
v -7.907175 8.319918 8.885036
v -7.907175 8.282851 8.796992
v -7.907175 8.232828 8.718468
v -7.902883 8.446846 8.594416
v -7.902882 8.401811 8.537379
v -7.902881 8.350522 8.484562
v -7.902881 8.293283 8.437049
v -7.902883 8.230463 8.395890
v -7.902885 8.163096 8.361548
v -7.902886 8.092105 8.333973
v -7.902885 8.018314 8.313045
v -7.902883 7.942329 8.298297
v -7.902883 7.864452 8.289259
v -7.902882 7.784972 8.285477
v -7.902882 7.704176 8.286499
v -7.902882 7.622354 8.291869
v -7.902882 7.456779 8.313844
v -7.902881 7.290573 8.347976
v -7.902880 7.126279 8.391527
v -7.902880 6.966520 8.441910
v -7.902881 6.813917 8.496536
v -7.902881 6.671094 8.552814
v -7.907173 6.616078 8.841431
v -7.907174 6.503179 8.894107
v -7.907174 6.404433 8.943952
v -7.902883 6.317874 8.714120
v -7.902885 6.225561 8.763025
v -7.907176 6.251387 9.032982
v -7.907177 6.194740 9.073514
v -7.907175 8.202543 8.683512
v -7.907175 8.168474 8.651783
v -7.907175 8.130498 8.623436
v -7.907175 8.088596 8.598615
v -7.907174 8.042750 8.577459
v -7.907174 7.992941 8.560112
v -7.907174 7.939155 8.546720
v -7.907174 7.881548 8.537372
v -7.907174 7.820457 8.531947
v -7.907174 7.756233 8.530291
v -7.907173 7.619773 8.537683
v -7.907172 7.474955 8.558341
v -7.907172 7.324989 8.590587
v -7.907172 7.173440 8.631939
v -7.907172 7.023558 8.680042
v -7.907172 6.878588 8.732544
v -7.907172 6.741777 8.787086
v -7.907175 6.320804 8.990085
v -7.907177 6.149159 9.112745
v -7.902886 6.002704 8.913487
v -7.902888 5.944000 8.970828
v -7.902886 5.895186 9.031210
v -7.902885 5.855289 9.092961
v -7.902883 5.821760 9.155625
v -7.907172 6.000724 9.349929
v -7.907170 5.974632 9.412052
v -7.907177 6.111916 9.152586
v -7.907176 6.080621 9.194769
v -7.907175 6.052940 9.240991
v -7.907173 6.026664 9.292716
v -7.907170 5.947909 9.478505
v -7.907172 5.891442 9.621348
v -7.907179 5.832518 9.772229
v -7.907191 5.713596 10.087422
v -7.902890 5.585827 9.736001
v -7.902882 5.646646 9.579420
v -7.907186 5.655107 10.253229
v -7.902898 5.524214 9.897792
v -7.907171 5.597729 10.426585
v -7.907133 5.488922 10.787029
v -7.902836 5.234553 10.792237
v -7.902848 5.187159 10.962568
v -7.902885 5.144589 11.120562
v -7.907208 5.355288 11.277099
v -7.907243 5.320496 11.419268
v -7.907135 5.439554 10.962123
v -7.907164 5.394891 11.125872
v -7.907238 5.289486 11.560244
v -7.907173 5.261051 11.707350
v -7.902931 5.039642 11.568424
v -7.902742 4.984380 11.879526
v -7.902703 4.959829 12.024497
v -7.907059 5.183132 12.156175
v -7.907246 5.158914 12.284656
v -7.907016 5.208270 12.012813
v -7.907508 5.136125 12.405448
v -7.902789 4.936396 12.154476
v -7.907617 5.125442 12.469418
v -7.907679 5.115358 12.540825
v -7.907667 5.105968 12.623517
v -7.903406 4.863325 12.601936
v -7.903350 4.858278 12.656981
v -7.903260 4.853587 12.716621
v -7.903134 4.849272 12.781135
v -7.902971 4.845353 12.850791
v -7.902772 4.841849 12.925864
v -7.902536 4.838782 13.006610
v -7.902264 4.836176 13.093118
v -7.901958 4.834064 13.185348
v -7.901621 4.832479 13.283258
v -7.901254 4.831453 13.386807
v -7.900862 4.831020 13.495948
v -7.900446 4.831219 13.610507
v -7.900011 4.832091 13.730198
v -7.899562 4.833680 13.854727
v -7.903393 5.079546 13.997040
v -7.902485 5.086675 14.260687
v -7.907555 5.097373 12.721351
v -7.907454 5.093428 12.777089
v -7.907321 5.089759 12.837777
v -7.907156 5.086399 12.903665
v -7.906958 5.083374 12.975004
v -7.906726 5.080717 13.052040
v -7.906460 5.078460 13.134892
v -7.906162 5.076642 13.223508
v -7.905834 5.075302 13.317826
v -7.905480 5.074478 13.417784
v -7.905099 5.074211 13.523319
v -7.904697 5.074539 13.634300
v -7.904275 5.075509 13.750447
v -7.903839 5.077163 13.871460
v -7.901587 5.097254 14.538446
v -7.900736 5.111636 14.826722
v -7.899974 5.130182 15.121830
v -7.899342 5.153260 15.419678
v -7.898868 5.181129 15.716270
v -7.898576 5.214035 16.007648
v -7.898493 5.252223 16.289857
v -7.898643 5.295938 16.558940
v -7.898814 5.319945 16.687323
v -7.899051 5.345415 16.810980
v -7.899351 5.372345 16.929588
v -7.899714 5.400734 17.042847
v -7.900138 5.430582 17.150458
v -7.900620 5.461887 17.252122
v -7.901159 5.494649 17.347537
v -7.901753 5.528869 17.436404
v -7.902398 5.564532 17.518544
v -7.903086 5.601592 17.593943
v -7.903811 5.639997 17.662595
v -7.904564 5.679702 17.724495
v -7.905338 5.720654 17.779637
v -7.906125 5.762806 17.828016
v -7.906916 5.806066 17.869705
v -7.907697 5.850346 17.905062
v -7.908456 5.895587 17.934512
v -7.909180 5.941735 17.958480
v -7.909858 5.988734 17.977390
v -7.910476 6.036525 17.991667
v -7.911481 6.134316 18.008206
v -7.912107 6.234832 18.012461
v -7.910832 6.154278 18.255082
v -7.911428 6.272934 18.255825
v -7.911491 6.384044 18.249278
v -7.911066 6.488636 18.240506
v -7.910223 6.588765 18.232368
v -7.909046 6.687177 18.226737
v -7.907624 6.786740 18.225438
v -7.905142 6.996924 18.234891
v -7.905169 7.208567 18.248524
v -7.906187 7.292662 18.009351
v -7.908133 7.487298 18.016553
v -7.912301 6.337616 18.008535
v -7.912017 6.442189 18.000495
v -7.910049 6.654818 17.985986
v -7.908633 6.762470 17.983120
v -7.907156 6.870873 17.984965
v -7.905379 7.086989 17.997121
v -7.909065 7.684062 18.020149
v -7.907106 7.411240 18.257891
v -7.908664 7.790365 18.022244
v -7.907541 7.905557 18.025485
v -7.905911 8.030588 18.030602
v -7.904075 8.165153 18.038115
v -7.902920 8.220241 18.285250
v -7.901346 8.366918 18.296351
v -7.899526 8.675217 18.321935
v -7.899720 8.992745 18.344166
v -7.900176 9.067834 18.104096
v -7.901069 9.217858 18.108549
v -7.902347 8.307285 18.047920
v -7.900973 8.455018 18.059600
v -7.899614 8.760529 18.084661
v -7.902213 9.363552 18.108267
v -7.903487 9.503580 18.102505
v -7.904774 9.636616 18.090533
v -7.905959 9.761776 18.072260
v -7.906958 9.878737 18.048326
v -7.906958 9.878737 18.298326
v -7.905751 9.746428 18.321967
v -7.904385 9.606046 18.339076
v -7.902974 9.459074 18.349193
v -7.901647 9.306909 18.352749
v -7.900524 9.150987 18.350740
v -7.904774 8.080542 18.276447
v -7.906603 7.949307 18.270140
v -7.908038 7.827754 18.266152
v -7.908803 7.715390 18.263755
v -7.908766 7.610415 18.262059
v -7.910326 6.091864 18.250095
v -7.909682 6.027591 18.240732
v -7.908904 5.961685 18.225984
v -7.908000 5.894595 18.204773
v -7.907000 5.827296 18.176473
v -7.905936 5.760843 18.140658
v -7.904839 5.696365 18.097034
v -7.903740 5.634821 18.046027
v -7.902666 5.576668 17.988215
v -7.901641 5.522316 17.924188
v -7.900679 5.471664 17.854529
v -7.899781 5.424386 17.779361
v -7.898948 5.380186 17.698724
v -7.898180 5.338770 17.612658
v -7.897477 5.299843 17.521202
v -7.896840 5.263112 17.424397
v -7.896269 5.228331 17.322194
v -7.895764 5.195419 17.214581
v -7.895325 5.164305 17.101749
v -7.894952 5.134917 16.983889
v -7.894644 5.107185 16.861195
v -7.894402 5.081037 16.733860
v -7.894226 5.056413 16.602077
v -7.894116 5.033297 16.466164
v -7.894085 4.991453 16.183824
v -7.894281 4.955223 15.890623
v -7.894677 4.924317 15.590353
v -7.895248 4.898448 15.286803
v -7.895965 4.877326 14.983766
v -7.896797 4.860645 14.685192
v -7.897700 4.848044 14.395110
v -7.898635 4.839173 14.117134
v -7.903422 4.874445 12.504006
v -7.903340 4.886588 12.419595
v -7.903199 4.899288 12.345569
v -7.903037 4.912079 12.278794
v -7.902963 5.071314 11.416745
v -7.902935 5.106183 11.269630
v -7.902847 5.286736 10.611401
v -7.902890 5.401792 10.242706
v -7.902899 5.462589 10.066414
v -7.902877 5.705915 9.428982
v -7.902879 5.763119 9.287015
v -7.902887 6.069654 8.860488
v -7.902887 6.143476 8.811080
v -7.902883 6.422526 8.662552
v -7.902882 6.540372 8.608509
v -7.902884 8.485323 8.654591
v -7.902884 8.517183 8.716777
v -7.902885 8.543215 8.780030
v -9.902452 8.576171 8.760296
v -9.902451 8.548403 8.694542
v -9.902450 8.629297 8.957183
v -9.902452 8.598442 8.826377
v -9.902450 8.514428 8.629772
v -9.902449 8.473395 8.566994
v -9.902448 8.425364 8.507457
v -9.902447 8.370763 8.452338
v -9.902447 8.310016 8.402817
v -9.902449 8.243596 8.360050
v -9.902451 8.172666 8.324559
v -9.902453 8.098301 8.296210
v -9.902451 8.021429 8.274810
v -9.902450 7.942717 8.259822
v -9.902449 7.862444 8.250730
v -9.902449 7.780865 8.247044
v -9.902449 7.698232 8.248271
v -9.902448 7.614799 8.253920
v -9.902448 7.446548 8.276515
v -9.902447 7.278125 8.311250
v -9.902447 7.111893 8.355438
v -9.902447 6.950371 8.406505
v -9.902447 6.796083 8.461883
v -9.902447 6.651552 8.519001
v -9.902448 6.519059 8.575634
v -9.906739 6.601503 8.805365
v -9.906740 6.486019 8.859211
v -9.906741 6.384418 8.910558
v -9.902450 6.292817 8.683656
v -9.902452 6.198448 8.734240
v -9.902449 6.399384 8.630771
v -9.902454 6.114134 8.784524
v -9.906743 6.165163 9.047366
v -9.906743 6.116374 9.090413
v -9.906743 6.076599 9.134416
v -9.906742 6.043476 9.180607
v -9.902452 5.857014 9.019736
v -9.902450 5.816117 9.084603
v -9.902454 6.037894 8.836880
v -9.902452 5.968426 8.893684
v -9.902454 5.907479 8.955324
v -9.902448 5.782092 9.149225
v -9.902445 5.723170 9.282156
v -9.906736 5.909327 9.470392
v -9.906738 5.852926 9.613093
v -9.906745 5.794039 9.763916
v -9.902448 5.606752 9.574737
v -9.902456 5.545945 9.731485
v -9.902464 5.484288 9.893776
v -9.902444 5.665983 9.424281
v -9.902465 5.422595 10.063120
v -9.906754 5.734310 9.919731
v -9.902455 5.361723 10.240265
v -9.906752 5.616313 10.246542
v -9.906757 5.674933 10.079998
v -9.902412 5.246550 10.610392
v -9.906736 5.558815 10.420607
v -9.902403 5.194327 10.791729
v -9.906699 5.449769 10.782447
v -9.902417 5.146910 10.962482
v -9.902455 5.104303 11.121134
v -9.906776 5.315665 11.275152
v -9.906810 5.280677 11.418906
v -9.902503 5.065828 11.271396
v -9.902527 5.030869 11.420247
v -9.902485 4.999161 11.574116
v -9.902390 4.970375 11.731243
v -9.906733 5.220989 11.710238
v -9.906802 5.249504 11.561683
v -9.902301 4.944018 11.884873
v -9.902277 4.919598 12.028231
v -9.902374 4.896466 12.155878
v -9.906581 5.168317 12.015578
v -9.902623 4.872370 12.279998
v -9.902780 4.859576 12.348427
v -9.902913 4.846836 12.424855
v -9.902984 4.834660 12.511953
v -9.902956 4.823555 12.612390
v -9.902894 4.818546 12.668481
v -9.902798 4.813903 12.729018
v -9.902667 4.809641 12.794287
v -9.902500 4.805778 12.864561
v -9.902297 4.802333 12.940118
v -9.902058 4.799322 13.021223
v -9.901784 4.796770 13.107994
v -9.901476 4.794710 13.200404
v -9.905370 5.036017 13.327857
v -9.905016 5.035213 13.427622
v -9.904637 5.034961 13.532918
v -9.904235 5.035301 13.643640
v -9.903815 5.036276 13.759522
v -9.903380 5.037933 13.880267
v -9.902934 5.040316 14.005580
v -9.902028 5.047434 14.268713
v -9.901131 5.057995 14.546048
v -9.900282 5.072356 14.834001
v -9.899519 5.090879 15.128902
v -9.898887 5.113941 15.426666
v -9.898413 5.141810 15.723276
v -9.898122 5.174744 16.014762
v -9.898040 5.212997 16.297157
v -9.898193 5.256824 16.566492
v -9.898365 5.280909 16.695022
v -9.898604 5.306474 16.818827
v -9.898907 5.333521 16.937576
v -9.899274 5.362057 17.050973
v -9.899702 5.392089 17.158719
v -9.900189 5.423624 17.260519
v -9.900735 5.456668 17.356075
v -9.901337 5.491228 17.445089
v -9.901991 5.527297 17.527374
v -9.902691 5.564870 17.602925
v -9.903429 5.603944 17.671751
v -9.904199 5.644514 17.733860
v -9.904992 5.686576 17.789259
v -9.905803 5.730126 17.837958
v -9.906622 5.775164 17.880086
v -9.907434 5.821665 17.915975
v -9.908229 5.869597 17.945927
v -9.908991 5.918924 17.970245
v -9.909707 5.969575 17.989316
v -9.910360 6.021437 18.003614
v -9.911419 6.128325 18.019863
v -9.910778 6.157310 18.266131
v -9.911340 6.286054 18.265803
v -9.901138 4.793174 13.298421
v -9.900772 4.792195 13.402013
v -9.900379 4.791806 13.511144
v -9.899963 4.792046 13.625661
v -9.899529 4.792957 13.745282
v -9.899080 4.794582 13.869719
v -9.898155 4.800146 14.131889
v -9.897223 4.809082 14.409602
v -9.896323 4.821750 14.699421
v -9.895494 4.838502 14.997741
v -9.894780 4.859701 15.300549
v -9.894214 4.885663 15.603878
v -9.893822 4.916684 15.903930
v -9.893632 4.953065 16.196910
v -9.893671 4.995102 16.479021
v -9.893784 5.018336 16.614813
v -9.893965 5.043093 16.746470
v -9.894212 5.069389 16.873660
v -9.894525 5.097292 16.996190
v -9.894904 5.126879 17.113873
v -9.895350 5.158230 17.226517
v -9.895863 5.191424 17.333934
v -9.896443 5.226539 17.435936
v -9.897089 5.263654 17.532528
v -9.897803 5.303035 17.623781
v -9.898583 5.345022 17.709670
v -9.899431 5.389957 17.790168
v -9.900345 5.438180 17.865250
v -9.901327 5.490030 17.934890
v -9.902375 5.545891 17.998991
v -9.903478 5.605974 18.056980
v -9.904609 5.669922 18.108244
v -9.905740 5.737326 18.152179
v -9.906841 5.807275 18.188251
v -9.907877 5.878566 18.216690
v -9.908811 5.950062 18.237902
v -9.909613 6.020683 18.252490
v -9.910270 6.089868 18.261558
v -9.911324 6.406824 18.258250
v -9.912063 6.238587 18.023291
v -9.910783 6.520158 18.248949
v -9.911843 6.465147 18.009441
v -9.909658 6.692342 17.994545
v -9.908192 6.802510 17.992019
v -9.906783 6.908053 17.994134
v -9.905795 7.007510 17.999062
v -9.905329 7.102488 18.005220
v -9.906125 7.287370 18.016256
v -9.907121 7.382490 18.020024
v -9.908131 7.481959 18.022866
v -9.908858 7.587337 18.025016
v -9.908961 7.699642 18.026917
v -9.908324 7.818187 18.029365
v -9.907108 7.942224 18.032973
v -9.905473 8.071011 18.038349
v -9.903688 8.204232 18.046042
v -9.902585 8.255677 18.293006
v -9.901108 8.396361 18.303732
v -9.909827 6.627009 18.240840
v -9.908587 6.728622 18.235572
v -9.907204 6.826286 18.234711
v -9.905026 7.015812 18.243380
v -9.905141 7.205099 18.255474
v -9.905961 7.303300 18.260599
v -9.907071 7.405875 18.264289
v -9.908065 7.513396 18.266787
v -9.908661 7.625791 18.268729
v -9.908589 7.742979 18.270752
v -9.907676 7.864696 18.273565
v -9.906157 7.990503 18.277912
v -9.904351 8.120557 18.284347
v -9.899442 8.691401 18.328173
v -9.899705 8.997368 18.349182
v -9.900517 9.151397 18.355229
v -9.901641 9.304349 18.356703
v -9.902965 9.454927 18.352526
v -9.904377 9.601835 18.341622
v -9.905748 9.743674 18.323430
v -9.906958 9.878737 18.298326
v -9.906958 9.878737 18.048326
v -9.905949 9.758886 18.073506
v -9.904750 9.632081 18.092590
v -9.903464 9.499112 18.105561
v -9.902196 9.360772 18.112397
v -9.901058 9.217913 18.113209
v -9.900176 9.071853 18.109069
v -9.899508 8.775703 18.090740
v -9.900764 8.483541 18.067003
v -9.905698 5.037333 13.233676
v -9.905996 5.039122 13.145132
v -9.906263 5.041345 13.062278
v -9.906497 5.043964 12.985146
v -9.906697 5.046947 12.913577
v -9.906865 5.050267 12.847317
v -9.907001 5.053895 12.786113
v -9.907106 5.057806 12.729710
v -9.907228 5.066368 12.630044
v -9.907249 5.075796 12.545048
v -9.907195 5.085951 12.471314
v -9.907090 5.096695 12.405440
v -9.906828 5.119426 12.283746
v -9.906633 5.143377 12.157206
v -9.906731 5.355442 11.122854
v -9.906702 5.400259 10.958293
v -9.906738 5.962306 9.341329
v -9.906739 5.988145 9.283413
v -9.906741 6.014694 9.229988
v -9.906743 6.225078 9.003818
v -9.906742 6.297661 8.958595
v -9.906739 6.729715 8.749999
v -9.906738 6.868819 8.694643
v -9.906738 7.015808 8.641567
v -9.906738 7.167556 8.593093
v -9.906738 7.320938 8.551539
v -9.906739 7.472809 8.519239
v -9.906739 7.619730 8.498585
v -9.906740 7.758921 8.491296
v -9.906740 7.824824 8.493144
v -9.906740 7.887842 8.498909
v -9.906741 7.947658 8.508782
v -9.906741 8.004037 8.522872
v -9.906741 8.056845 8.541158
v -9.906741 8.105904 8.563652
v -9.906741 8.151025 8.590345
v -9.906741 8.192149 8.621020
v -9.906742 8.229271 8.655397
v -9.906742 8.262384 8.693196
v -9.906742 8.291489 8.734135
v -9.906742 8.316714 8.777818
v -9.908814 11.184706 17.568535
v -9.908738 11.171697 17.519527
v -7.908927 11.200364 17.582950
v -7.908829 11.183520 17.519494
v -7.907015 10.950447 17.589099
v -7.907003 10.948530 17.581874
v -7.906799 10.913521 17.449991
v -7.908624 11.148512 17.387610
v -9.906913 10.936726 17.581903
v -9.906708 10.901718 17.450019
v -9.908533 11.136688 17.387644
v -7.907090 10.963097 17.642827
v -7.907166 10.970595 17.796561
v -7.907131 10.961351 17.819842
v -7.907106 10.955072 17.829212
v -7.907079 10.947742 17.837071
v -7.907048 10.939461 17.843476
v -7.907015 10.930329 17.848522
v -7.906861 10.689071 17.838305
v -7.907127 10.608468 17.837820
v -7.907500 10.523124 17.847046
v -7.907911 10.433644 17.867265
v -7.908258 10.339178 17.897112
v -7.908424 10.238127 17.933768
v -7.907827 10.009386 18.013027
v -7.908308 10.128759 17.973681
v -7.906752 10.763784 17.845989
v -7.906773 10.830219 17.854660
v -7.906880 10.886155 17.857682
v -7.906947 10.909732 17.855042
v -7.907180 10.975316 17.767243
v -7.907172 10.975591 17.731874
v -7.907143 10.971495 17.690414
v -7.909006 11.213076 17.648347
v -7.909058 11.220639 17.711251
v -7.909080 11.222290 17.773209
v -7.909063 11.215867 17.836505
v -7.908993 11.196589 17.903442
v -7.907963 10.613207 18.076489
v -7.908233 10.559123 18.082362
v -7.908066 10.025066 18.262520
v -7.908752 10.155308 18.222267
v -7.908937 10.213890 18.201844
v -7.909031 10.268029 18.182003
v -7.909050 10.317737 18.163222
v -7.909009 10.363026 18.145972
v -7.908924 10.403977 18.130597
v -7.908808 10.440915 18.117165
v -7.908529 10.504369 18.096104
v -7.907766 10.673653 18.079483
v -7.907712 10.708339 18.084211
v -7.907697 10.747607 18.090654
v -7.907729 10.793053 18.098316
v -7.907826 10.848733 18.104871
v -7.907904 10.881979 18.106301
v -7.908006 10.919318 18.104865
v -7.908133 10.960816 18.099005
v -7.908280 11.005110 18.087041
v -7.908436 11.049781 18.067785
v -7.908591 11.091764 18.041356
v -7.908730 11.128219 18.009537
v -7.908843 11.157505 17.974811
v -7.908930 11.180073 17.938928
v -9.908896 11.198074 17.633681
v -9.906988 10.949444 17.634349
v -9.907042 10.958166 17.680664
v -9.907075 10.962995 17.720933
v -9.907089 10.964033 17.755242
v -9.908972 11.204707 17.820982
v -9.908912 11.187845 17.887749
v -9.908856 11.172919 17.923257
v -9.908776 11.152134 17.959442
v -9.908672 11.124918 17.994683
v -9.908541 11.090783 18.027273
v -9.908393 11.050992 18.054785
v -9.908243 11.008354 18.075446
v -9.908101 10.965873 18.088855
v -9.907976 10.925916 18.096133
v -9.907875 10.889855 18.098869
v -9.907796 10.857705 18.098575
v -9.907694 10.803915 18.093766
v -9.907654 10.760202 18.087234
v -9.907658 10.722688 18.081452
v -9.907699 10.689778 18.076980
v -9.907865 10.632822 18.073478
v -9.906998 10.628446 17.832947
v -9.907366 10.544465 17.841158
v -9.907785 10.454010 17.860269
v -9.908156 10.356590 17.889803
v -9.908903 10.382071 18.138110
v -9.908965 10.334688 18.155825
v -9.908967 10.282654 18.175350
v -9.908891 10.226029 18.196148
v -9.908723 10.164876 18.217676
v -9.908059 10.029531 18.260305
v -9.907799 10.013193 18.010868
v -9.908240 10.137102 17.969255
v -9.907083 10.961386 17.783694
v -9.907060 10.955190 17.806748
v -9.907042 10.950743 17.816377
v -9.907021 10.945377 17.824788
v -9.906997 10.939078 17.832016
v -9.906970 10.931831 17.838096
v -9.906941 10.923619 17.843063
v -9.906910 10.914430 17.846952
v -9.906844 10.893084 17.851642
v -9.906727 10.840485 17.851017
v -9.906686 10.777463 17.843162
v -9.906770 10.706339 17.835183
v -9.908339 10.251293 17.927546
v -9.908799 10.424801 18.122595
v -9.908669 10.463120 18.109349
v -9.908381 10.527777 18.089581
v -9.908103 10.581457 18.077753
v -9.908981 11.209362 17.757961
v -9.908953 11.206513 17.696305
v -9.906708 10.901718 17.450019
v -9.908533 11.136688 17.387644
v -7.906799 10.913521 17.449991
v -7.908624 11.148512 17.387610
usemtl Steel_-_Satin
f 1 2 3
f 3 2 4
f 3 4 5
f 4 2 6
f 6 2 7
f 6 7 8
f 8 7 9
f 9 7 10
f 9 10 11
f 11 10 12
f 12 10 13
f 12 13 6
f 10 14 13
f 13 14 5
f 5 14 15
f 5 15 3
f 14 16 15
f 8 12 6
f 17 18 19
f 19 18 20
f 19 20 21
f 21 20 22
f 22 20 23
f 23 20 24
f 24 20 25
f 24 25 26
f 26 25 27
f 27 25 28
f 28 25 29
f 29 25 30
f 29 30 31
f 31 30 32
f 32 30 33
f 33 30 34
f 34 30 35
f 34 35 36
f 36 35 37
f 37 35 38
f 38 35 39
f 39 35 40
f 40 35 41
f 40 41 42
f 42 41 43
f 43 41 44
f 44 41 45
f 45 41 18
f 45 18 46
f 46 18 47
f 47 18 17
f 48 1646 49
f 49 1646 1647
f 49 1647 50
f 50 1647 1648
f 50 1648 51
f 51 1648 1649
f 51 1649 52
f 52 1649 1650
f 52 1650 53
f 53 1650 1651
f 53 1651 54
f 54 1651 1652
f 54 1652 55
f 55 1652 1653
f 55 1653 56
f 56 1653 1654
f 56 1654 57
f 57 1654 1655
f 57 1655 58
f 58 1655 1656
f 58 1656 59
f 59 1656 1657
f 59 1657 60
f 60 1657 1658
f 60 1658 61
f 61 1658 1659
f 61 1659 62
f 62 1659 1660
f 62 1660 63
f 63 1660 1661
f 63 1661 64
f 64 1661 1662
f 64 1662 65
f 65 1662 1663
f 65 1663 66
f 66 1663 1664
f 66 1664 67
f 67 1664 1665
f 67 1665 68
f 68 1665 1666
f 68 1666 69
f 69 1666 1667
f 69 1667 70
f 70 1667 1668
f 70 1668 71
f 71 1668 1669
f 71 1669 72
f 72 1669 1670
f 72 1670 48
f 48 1670 1646
f 1671 73 1672
f 1672 73 74
f 1672 74 1673
f 1673 74 75
f 1673 75 76
f 1671 1674 73
f 73 1674 1675
f 1675 1674 1676
f 1675 1676 1677
f 1677 1678 1675
f 1675 1678 1679
f 1675 1679 1680
f 1680 1679 1681
f 1680 1681 1682
f 1682 1683 1680
f 1680 1683 1684
f 1680 1684 77
f 77 1684 1685
f 77 1685 1686
f 1686 1687 77
f 77 1687 78
f 78 1687 79
f 79 1687 1688
f 79 1688 80
f 80 1688 81
f 81 1688 1689
f 81 1689 82
f 82 1689 83
f 83 1689 1690
f 83 1690 84
f 84 1690 1691
f 84 1691 85
f 85 1691 86
f 86 1691 1692
f 86 1692 87
f 87 1692 1693
f 87 1693 88
f 88 1693 1694
f 88 1694 89
f 89 1694 90
f 90 1694 1695
f 90 1695 91
f 91 1695 1696
f 91 1696 92
f 92 1696 93
f 93 1696 1697
f 93 1697 94
f 94 1697 76
f 76 1697 1673
f 1698 1699 95
f 95 1699 96
f 1700 1701 1702
f 1702 1701 97
f 1703 1704 1705
f 1705 1704 98
f 1706 1707 1708
f 1708 1707 99
f 1708 99 100
f 1709 101 1710
f 1710 101 102
f 1710 102 1711
f 1711 102 103
f 1711 103 1712
f 1712 103 104
f 1712 104 1713
f 1713 104 105
f 1713 105 1714
f 1714 105 106
f 1714 106 1715
f 1715 106 107
f 1715 107 1716
f 1716 107 108
f 1716 108 1717
f 1717 108 109
f 1717 109 1718
f 1718 109 110
f 1718 110 1719
f 1719 110 111
f 1719 111 1720
f 1720 111 112
f 1720 112 1721
f 1721 112 113
f 1721 113 1722
f 1722 113 114
f 1722 114 1723
f 1723 114 115
f 1723 115 1724
f 1724 115 116
f 1724 116 1725
f 1725 116 117
f 1725 117 1726
f 1726 117 118
f 1726 118 1727
f 1727 118 119
f 1727 119 1728
f 1728 119 120
f 1728 120 1729
f 1729 120 121
f 1729 121 1707
f 1707 121 99
f 1730 1731 1732
f 1732 1731 122
f 1733 1734 1735
f 1735 1734 123
f 1736 1737 1738
f 1738 1737 1739
f 124 101 1740
f 1740 101 1709
f 1740 1709 1741
f 1742 1743 1744
f 1744 1743 1745
f 1746 1747 1748
f 1748 1747 1749
f 1748 1749 1750
f 1750 1749 1751
f 1750 1751 1752
f 1747 1746 1753
f 1753 1746 1754
f 1753 1754 1755
f 1755 1754 1756
f 1755 1756 1757
f 1757 1756 1758
f 1758 1756 1759
f 1759 1756 1760
f 1760 1756 1761
f 1761 1756 1762
f 1762 1756 1763
f 1763 1756 1764
f 1764 1756 1765
f 1764 1765 1766
f 1766 1765 1767
f 1767 1765 1768
f 1768 1765 1769
f 1769 1765 1770
f 1770 1765 1750
f 1770 1750 1771
f 1771 1750 1772
f 1772 1750 1773
f 1773 1750 1774
f 1774 1750 1775
f 1775 1750 1752
f 125 126 127
f 127 126 128
f 127 128 129
f 129 128 130
f 129 130 131
f 131 130 132
f 131 132 133
f 133 132 134
f 133 134 135
f 135 134 136
f 135 136 137
f 137 136 138
f 137 138 139
f 139 138 140
f 139 140 141
f 141 140 142
f 141 142 143
f 143 142 144
f 143 144 145
f 145 144 146
f 145 146 147
f 147 146 148
f 147 148 149
f 149 148 150
f 149 150 151
f 151 150 152
f 151 152 153
f 153 152 154
f 153 154 155
f 155 154 156
f 155 156 157
f 157 156 158
f 157 158 159
f 159 158 160
f 159 160 161
f 161 160 162
f 161 162 163
f 163 162 164
f 163 164 165
f 165 164 166
f 165 166 167
f 167 166 168
f 167 168 169
f 169 168 170
f 169 170 171
f 171 170 172
f 171 172 173
f 173 172 174
f 173 174 125
f 125 174 126
f 1776 175 1777
f 1777 175 176
f 177 1778 178
f 178 1778 1779
f 176 175 179
f 179 175 180
f 179 180 181
f 181 180 182
f 181 182 183
f 183 182 184
f 183 184 185
f 185 184 186
f 185 186 187
f 187 186 188
f 187 188 189
f 189 188 190
f 189 190 191
f 191 190 192
f 191 192 193
f 193 192 194
f 193 194 195
f 195 194 196
f 195 196 197
f 197 196 198
f 197 198 199
f 199 198 200
f 199 200 201
f 201 200 202
f 201 202 203
f 203 202 204
f 203 204 205
f 205 204 206
f 205 206 207
f 207 206 208
f 207 208 209
f 209 208 210
f 209 210 211
f 211 210 212
f 211 212 213
f 213 212 214
f 213 214 215
f 215 214 216
f 215 216 217
f 217 216 218
f 217 218 178
f 178 218 177
f 1780 1781 1782
f 1782 1781 1783
f 1782 1783 1784
f 1784 1783 1785
f 1785 1783 1786
f 1785 1786 1787
f 1787 1786 1788
f 1788 1786 1789
f 1789 1786 1790
f 1790 1786 1791
f 1790 1791 1792
f 1792 1791 1793
f 1793 1791 1794
f 1794 1791 1795
f 1795 1791 1796
f 1795 1796 1797
f 1797 1796 1798
f 1798 1796 1799
f 1799 1796 1800
f 1799 1800 1801
f 1802 1803 1780
f 1780 1803 1804
f 1780 1804 1781
f 1805 1806 1802
f 1802 1806 1807
f 1802 1807 1803
f 1808 1809 1805
f 1805 1809 1810
f 1805 1810 1806
f 1809 1808 1811
f 1811 1808 1812
f 1811 1812 1813
f 1813 1812 1814
f 1814 1812 1815
f 1814 1815 1816
f 1816 1815 1817
f 1816 1817 1818
f 1818 1817 1819
f 1818 1819 1820
f 1820 1819 1821
f 1821 1819 1822
f 1821 1822 1823
f 1823 1822 1824
f 1823 1824 1825
f 1825 1824 1826
f 1826 1824 1827
f 1826 1827 1828
f 1828 1827 1801
f 1801 1827 1799
f 1829 1830 1831
f 1831 1830 1832
f 1831 1832 1833
f 1833 1832 1834
f 1833 1834 1835
f 1829 1836 1830
f 1830 1836 1837
f 1837 1836 1838
f 1837 1838 1839
f 1839 1840 1837
f 1837 1840 1841
f 1837 1841 1842
f 1842 1841 1843
f 1842 1843 1844
f 1844 1845 1842
f 1842 1845 1846
f 1842 1846 1847
f 1847 1846 1848
f 1847 1848 1849
f 1849 1850 1847
f 1847 1850 1851
f 1851 1850 1852
f 1852 1850 1853
f 1852 1853 1854
f 1854 1853 1855
f 1855 1853 1856
f 1855 1856 1857
f 1857 1856 1858
f 1858 1856 1859
f 1858 1859 1860
f 1860 1859 1861
f 1860 1861 1862
f 1862 1861 1863
f 1863 1861 1864
f 1863 1864 1865
f 1865 1864 1866
f 1865 1866 1867
f 1867 1866 1868
f 1867 1868 1869
f 1869 1868 1870
f 1870 1868 1871
f 1870 1871 1872
f 1872 1871 1873
f 1872 1873 1874
f 1874 1873 1875
f 1875 1873 1876
f 1875 1876 1877
f 1877 1876 1835
f 1835 1876 1833
f 219 220 221
f 221 220 222
f 221 222 223
f 223 222 224
f 223 224 225
f 225 224 226
f 225 226 227
f 227 226 228
f 227 228 229
f 229 228 230
f 229 230 231
f 231 230 232
f 231 232 233
f 233 232 234
f 233 234 235
f 235 234 236
f 235 236 237
f 237 236 238
f 237 238 239
f 239 238 240
f 239 240 241
f 241 240 242
f 241 242 243
f 243 242 244
f 243 244 245
f 245 244 246
f 245 246 247
f 247 246 248
f 247 248 249
f 249 248 250
f 249 250 251
f 251 250 252
f 251 252 253
f 253 252 254
f 253 254 255
f 255 254 256
f 255 256 257
f 257 256 258
f 257 258 259
f 259 258 260
f 259 260 261
f 261 260 262
f 261 262 263
f 263 262 264
f 263 264 265
f 265 264 266
f 265 266 267
f 267 266 268
f 267 268 219
f 219 268 220
f 269 270 271
f 271 270 272
f 271 272 273
f 273 272 274
f 273 274 275
f 275 274 276
f 275 276 277
f 277 276 278
f 277 278 279
f 279 278 280
f 279 280 281
f 281 280 282
f 281 282 283
f 283 282 284
f 283 284 285
f 285 284 286
f 285 286 287
f 287 286 288
f 287 288 289
f 289 288 290
f 289 290 291
f 291 290 292
f 291 292 293
f 293 292 294
f 293 294 295
f 295 294 296
f 295 296 297
f 297 296 298
f 297 298 299
f 299 298 300
f 299 300 301
f 301 300 302
f 301 302 303
f 303 302 304
f 303 304 305
f 305 304 306
f 305 306 307
f 307 306 308
f 307 308 309
f 309 308 310
f 309 310 311
f 311 310 312
f 1878 270 1879
f 1879 270 269
f 312 1880 311
f 311 1880 1881
f 1882 1883 1884
f 1884 1883 1885
f 1884 1885 1886
f 1886 1885 1887
f 1887 1885 1888
f 1887 1888 1889
f 1889 1888 1890
f 1890 1888 1891
f 1891 1888 1892
f 1892 1888 1893
f 1892 1893 1894
f 1894 1893 1895
f 1895 1893 1896
f 1896 1893 1897
f 1897 1893 1898
f 1897 1898 1899
f 1899 1898 1900
f 1900 1898 1901
f 1901 1898 1902
f 1901 1902 1903
f 1904 1905 1882
f 1882 1905 1906
f 1882 1906 1883
f 1907 1908 1904
f 1904 1908 1909
f 1904 1909 1905
f 1910 1911 1907
f 1907 1911 1912
f 1907 1912 1908
f 1911 1910 1913
f 1913 1910 1914
f 1913 1914 1915
f 1915 1914 1916
f 1916 1914 1917
f 1916 1917 1918
f 1918 1917 1919
f 1918 1919 1920
f 1920 1919 1921
f 1920 1921 1922
f 1922 1921 1923
f 1923 1921 1924
f 1923 1924 1925
f 1925 1924 1926
f 1925 1926 1927
f 1927 1926 1928
f 1928 1926 1929
f 1928 1929 1930
f 1930 1929 1903
f 1903 1929 1901
f 1931 1932 1933
f 1933 1932 1934
f 1933 1934 1935
f 1935 1934 1936
f 1935 1936 1937
f 1931 1938 1932
f 1932 1938 1939
f 1939 1938 1940
f 1939 1940 1941
f 1941 1942 1939
f 1939 1942 1943
f 1939 1943 1944
f 1944 1943 1945
f 1944 1945 1946
f 1946 1947 1944
f 1944 1947 1948
f 1944 1948 1949
f 1949 1948 1950
f 1949 1950 1951
f 1951 1952 1949
f 1949 1952 1953
f 1953 1952 1954
f 1954 1952 1955
f 1954 1955 1956
f 1956 1955 1957
f 1957 1955 1958
f 1957 1958 1959
f 1959 1958 1960
f 1960 1958 1961
f 1960 1961 1962
f 1962 1961 1963
f 1962 1963 1964
f 1964 1963 1965
f 1965 1963 1966
f 1965 1966 1967
f 1967 1966 1968
f 1967 1968 1969
f 1969 1968 1970
f 1969 1970 1971
f 1971 1970 1972
f 1972 1970 1973
f 1972 1973 1974
f 1974 1973 1975
f 1974 1975 1976
f 1976 1975 1977
f 1977 1975 1978
f 1977 1978 1979
f 1979 1978 1937
f 1937 1978 1935
f 313 314 1980
f 1980 314 1981
f 1981 314 315
f 1981 315 316
f 317 318 1982
f 1982 318 319
f 1982 319 1983
f 1984 320 1982
f 1982 320 321
f 1982 321 322
f 323 324 1984
f 1984 324 325
f 1984 325 326
f 326 327 1984
f 1984 327 328
f 1984 328 320
f 322 317 1982
f 329 1985 330
f 330 1985 331
f 331 1985 332
f 332 1985 333
f 333 1985 1986
f 333 1986 334
f 334 1986 335
f 335 1986 336
f 336 1986 337
f 337 1986 1987
f 337 1987 338
f 338 1987 339
f 339 1987 1988
f 339 1988 340
f 340 1988 1989
f 1990 341 1991
f 1991 341 1992
f 1992 341 1993
f 342 343 344
f 344 343 345
f 344 345 346
f 346 347 344
f 344 347 348
f 344 348 349
f 349 348 350
f 349 350 351
f 351 350 352
f 351 352 353
f 353 352 354
f 354 352 355
f 353 356 351
f 351 356 357
f 351 357 349
f 349 357 358
f 349 358 344
f 359 1994 360
f 360 1994 1995
f 360 1995 361
f 361 1995 1996
f 361 1996 362
f 362 1996 1997
f 362 1997 1998
f 362 1998 363
f 363 1998 1999
f 363 1999 364
f 364 1999 2000
f 364 2000 365
f 365 2000 366
f 365 366 367
f 367 366 368
f 367 368 369
f 369 368 370
f 369 370 371
f 371 370 372
f 371 372 373
f 373 372 374
f 373 374 375
f 375 374 376
f 375 376 377
f 377 376 378
f 377 378 379
f 379 378 380
f 379 380 381
f 381 380 382
f 381 382 383
f 383 382 384
f 383 384 385
f 385 384 386
f 385 386 387
f 387 386 388
f 387 388 389
f 389 388 390
f 389 390 391
f 391 390 392
f 391 392 393
f 393 392 394
f 393 394 395
f 395 394 396
f 396 394 397
f 396 397 398
f 398 397 399
f 398 399 400
f 400 399 401
f 400 401 402
f 402 401 403
f 402 403 404
f 404 403 405
f 405 403 406
f 405 406 407
f 407 406 408
f 407 408 409
f 409 408 410
f 409 410 411
f 392 412 394
f 394 412 397
f 412 413 397
f 397 413 399
f 413 414 399
f 399 414 401
f 414 415 401
f 401 415 403
f 415 416 403
f 403 416 417
f 403 417 406
f 406 417 410
f 406 410 408
f 409 411 418
f 418 411 419
f 418 419 420
f 420 419 421
f 420 421 422
f 422 421 423
f 423 421 424
f 423 424 425
f 425 424 426
f 425 426 427
f 427 426 428
f 427 428 429
f 429 428 430
f 429 430 431
f 431 430 432
f 431 432 433
f 433 432 434
f 433 434 435
f 419 436 421
f 421 436 424
f 436 426 424
f 433 435 437
f 437 435 438
f 437 438 439
f 439 438 440
f 439 440 441
f 441 440 442
f 441 442 443
f 443 442 444
f 444 442 445
f 444 445 446
f 446 445 447
f 446 447 448
f 448 447 449
f 448 449 450
f 440 451 442
f 442 451 445
f 451 447 445
f 452 453 450
f 450 453 454
f 450 454 448
f 448 454 455
f 448 455 446
f 446 455 444
f 453 452 456
f 456 452 457
f 456 457 458
f 458 457 459
f 458 459 460
f 460 459 461
f 460 461 462
f 462 461 463
f 462 463 464
f 464 463 465
f 464 465 466
f 466 465 467
f 466 467 468
f 468 467 469
f 468 469 470
f 470 469 471
f 470 471 472
f 472 471 473
f 472 473 474
f 474 473 475
f 474 475 476
f 476 475 477
f 476 477 478
f 478 477 479
f 478 479 480
f 480 479 481
f 480 481 482
f 482 481 483
f 482 483 484
f 484 483 485
f 484 485 486
f 486 485 487
f 486 487 488
f 488 487 489
f 488 489 490
f 490 489 491
f 490 491 492
f 492 491 493
f 493 491 494
f 493 494 495
f 495 494 496
f 495 496 497
f 497 496 498
f 497 498 499
f 499 498 500
f 499 500 501
f 501 500 502
f 501 502 503
f 503 502 504
f 503 504 505
f 505 504 506
f 505 506 507
f 507 506 508
f 507 508 509
f 509 508 510
f 509 510 511
f 511 510 512
f 511 512 513
f 513 512 514
f 513 514 515
f 515 514 516
f 515 516 517
f 517 516 518
f 517 518 519
f 519 518 520
f 519 520 521
f 521 520 522
f 521 522 523
f 523 522 524
f 523 524 525
f 525 524 526
f 525 526 527
f 527 526 528
f 527 528 529
f 529 528 530
f 529 530 531
f 531 530 532
f 531 532 533
f 533 532 534
f 533 534 535
f 535 534 536
f 535 536 537
f 537 536 538
f 537 538 539
f 539 538 540
f 539 540 541
f 541 540 542
f 541 542 543
f 543 542 544
f 543 544 545
f 545 544 546
f 545 546 547
f 547 546 548
f 547 548 549
f 549 548 550
f 549 550 551
f 551 550 552
f 551 552 553
f 553 552 554
f 553 554 555
f 555 554 556
f 555 556 557
f 557 556 558
f 557 558 559
f 559 558 560
f 559 560 561
f 561 560 562
f 561 562 563
f 563 562 564
f 563 564 565
f 565 564 566
f 565 566 567
f 567 566 568
f 567 568 569
f 569 568 570
f 569 570 571
f 571 570 572
f 571 572 573
f 573 572 574
f 573 574 575
f 575 574 576
f 575 576 577
f 577 576 578
f 577 578 579
f 579 578 580
f 579 580 581
f 581 580 582
f 582 580 583
f 582 583 584
f 584 583 585
f 584 585 586
f 586 585 587
f 586 587 588
f 469 589 471
f 471 589 473
f 589 590 473
f 473 590 591
f 473 591 475
f 475 591 477
f 591 592 477
f 477 592 479
f 592 593 479
f 479 593 481
f 593 594 481
f 481 594 483
f 594 595 483
f 483 595 485
f 595 596 485
f 485 596 487
f 596 597 487
f 487 597 489
f 597 598 489
f 489 598 491
f 598 599 491
f 491 599 600
f 491 600 494
f 494 600 601
f 494 601 496
f 496 601 602
f 496 602 498
f 498 602 603
f 498 603 500
f 500 603 604
f 500 604 502
f 502 604 605
f 502 605 504
f 504 605 606
f 504 606 506
f 506 606 607
f 506 607 508
f 508 607 608
f 508 608 510
f 510 608 609
f 510 609 512
f 512 609 610
f 512 610 514
f 514 610 611
f 514 611 516
f 516 611 612
f 516 612 518
f 518 612 613
f 518 613 520
f 520 613 614
f 520 614 522
f 522 614 615
f 522 615 524
f 524 615 616
f 524 616 526
f 526 616 617
f 526 617 528
f 528 617 618
f 528 618 530
f 530 618 619
f 530 619 532
f 532 619 620
f 532 620 534
f 534 620 621
f 534 621 536
f 536 621 622
f 536 622 538
f 538 622 623
f 538 623 540
f 540 623 624
f 540 624 542
f 542 624 625
f 542 625 544
f 544 625 626
f 544 626 546
f 546 626 627
f 546 627 548
f 548 627 628
f 548 628 550
f 550 628 629
f 550 629 552
f 552 629 630
f 552 630 554
f 554 630 631
f 554 631 556
f 556 631 632
f 556 632 558
f 558 632 633
f 558 633 560
f 560 633 634
f 560 634 562
f 562 634 635
f 562 635 564
f 564 635 636
f 564 636 566
f 566 636 637
f 566 637 568
f 568 637 638
f 568 638 570
f 570 638 639
f 570 639 572
f 572 639 640
f 572 640 574
f 574 640 641
f 574 641 576
f 576 641 642
f 576 642 578
f 578 642 643
f 578 643 580
f 580 643 583
f 586 588 644
f 644 588 645
f 644 645 646
f 646 645 647
f 646 647 648
f 648 647 649
f 648 649 650
f 650 649 651
f 650 651 652
f 652 651 653
f 652 653 654
f 652 654 655
f 655 654 656
f 655 656 657
f 657 656 658
f 657 658 659
f 659 658 660
f 659 660 661
f 661 660 662
f 661 662 663
f 663 662 664
f 663 664 665
f 665 664 666
f 666 664 667
f 666 667 668
f 668 667 669
f 668 669 670
f 670 669 671
f 670 671 672
f 672 671 673
f 672 673 674
f 674 673 675
f 674 675 676
f 676 675 677
f 676 677 678
f 678 677 679
f 678 679 680
f 680 679 681
f 680 681 682
f 682 681 683
f 682 683 684
f 684 683 685
f 684 685 686
f 662 687 664
f 664 687 667
f 687 688 667
f 667 688 669
f 669 688 671
f 671 688 689
f 671 689 673
f 673 689 690
f 673 690 691
f 673 691 675
f 675 691 692
f 675 692 677
f 677 692 693
f 677 693 679
f 679 693 694
f 679 694 681
f 681 694 695
f 681 695 683
f 683 695 696
f 683 696 697
f 695 698 696
f 697 685 683
f 663 665 661
f 661 665 699
f 661 699 659
f 659 699 700
f 659 700 657
f 657 700 701
f 657 701 655
f 655 701 702
f 655 702 652
f 652 702 650
f 702 703 650
f 650 703 648
f 703 704 648
f 648 704 646
f 646 704 644
f 644 704 705
f 644 705 586
f 586 705 706
f 586 706 707
f 586 707 584
f 584 707 582
f 470 708 468
f 468 708 466
f 708 709 466
f 466 709 464
f 709 710 464
f 464 710 462
f 710 711 462
f 462 711 460
f 711 712 460
f 460 712 458
f 712 713 458
f 458 713 456
f 713 714 456
f 456 714 453
f 714 454 453
f 443 715 441
f 441 715 439
f 715 716 439
f 439 716 437
f 716 717 437
f 437 717 718
f 437 718 433
f 433 718 719
f 433 719 431
f 431 719 720
f 431 720 429
f 429 720 721
f 429 721 427
f 427 721 722
f 427 722 425
f 425 722 423
f 422 723 420
f 420 723 418
f 418 723 409
f 409 723 407
f 393 395 391
f 391 395 724
f 391 724 389
f 389 724 725
f 389 725 387
f 387 725 726
f 387 726 385
f 385 726 727
f 385 727 383
f 383 727 728
f 383 728 381
f 381 728 729
f 381 729 379
f 379 729 730
f 379 730 377
f 377 730 731
f 377 731 375
f 375 731 732
f 375 732 373
f 373 732 733
f 373 733 371
f 371 733 734
f 371 734 369
f 369 734 367
f 734 735 367
f 367 735 365
f 735 736 365
f 365 736 364
f 736 737 364
f 364 737 363
f 737 738 363
f 363 738 362
f 738 739 362
f 362 739 740
f 362 740 361
f 361 740 741
f 361 741 360
f 360 741 359
f 742 743 744
f 744 743 745
f 744 745 746
f 746 747 744
f 744 747 2001
f 744 2001 2002
f 748 2003 747
f 747 2003 2001
f 744 2002 742
f 742 2002 2004
f 742 2004 2005
f 2005 2006 742
f 742 2006 2007
f 749 750 751
f 751 750 752
f 751 752 753
f 753 752 754
f 754 752 755
f 754 755 756
f 756 755 757
f 756 757 758
f 758 757 759
f 759 757 760
f 759 760 761
f 761 760 762
f 761 762 763
f 763 762 764
f 763 764 765
f 765 766 763
f 763 766 767
f 763 767 768
f 763 768 761
f 761 768 769
f 761 769 759
f 759 769 2008
f 2008 769 770
f 2008 770 2009
f 2009 770 771
f 2009 771 772
f 2009 772 2010
f 2010 772 773
f 2010 773 2011
f 2011 773 2012
f 2012 773 774
f 2012 774 2013
f 2013 774 775
f 766 776 767
f 767 776 777
f 767 777 768
f 768 777 778
f 768 778 769
f 769 778 779
f 769 779 2014
f 2014 779 2015
f 2015 779 780
f 2015 780 2016
f 2016 780 781
f 2016 781 2017
f 2017 781 2018
f 2018 781 782
f 2018 782 2019
f 776 766 764
f 764 766 765
f 2019 782 2020
f 2020 782 2021
f 2022 2023 2024
f 2024 2023 2025
f 2024 2025 2026
f 2026 2025 2027
f 2027 2025 2028
f 2028 2025 2029
f 2029 2025 2030
f 2030 2025 2031
f 2022 2032 2023
f 2023 2032 2033
f 2023 2033 2034
f 2034 2035 2023
f 2036 2037 2026
f 2026 2037 2024
f 749 2003 750
f 750 2003 748
f 2013 775 359
f 359 775 1994
f 2038 783 2039
f 2039 783 784
f 2039 784 2040
f 2040 784 785
f 2040 785 786
f 783 2038 787
f 787 2038 2041
f 787 2041 2042
f 2043 788 2042
f 2042 788 789
f 2042 789 787
f 787 789 790
f 787 790 783
f 783 790 791
f 791 790 792
f 791 792 793
f 793 792 794
f 793 794 795
f 795 794 796
f 795 796 797
f 797 796 798
f 797 798 799
f 799 798 800
f 799 800 801
f 801 800 802
f 801 802 803
f 803 802 804
f 803 804 805
f 805 804 806
f 805 806 807
f 807 806 808
f 807 808 809
f 809 808 810
f 809 810 811
f 811 810 812
f 811 812 813
f 788 2043 814
f 814 2043 2044
f 814 2044 815
f 815 2044 2045
f 815 2045 816
f 816 2045 2046
f 816 2046 817
f 817 2046 2047
f 817 2047 818
f 818 2047 2048
f 818 2048 819
f 819 2048 2049
f 819 2049 820
f 820 2049 2050
f 820 2050 821
f 821 2050 2051
f 821 2051 822
f 822 2051 2052
f 822 2052 2053
f 822 2053 823
f 823 2053 2054
f 823 2054 824
f 824 2054 2055
f 824 2055 825
f 825 2055 826
f 825 826 827
f 2055 2056 826
f 826 2056 828
f 828 2056 2057
f 828 2057 2058
f 828 2058 829
f 829 2058 2059
f 829 2059 830
f 830 2059 2060
f 830 2060 2061
f 830 2061 831
f 831 2061 2062
f 831 2062 2063
f 831 2063 832
f 832 2063 2064
f 832 2064 833
f 833 2064 2065
f 833 2065 834
f 834 2065 835
f 835 2065 2066
f 835 2066 786
f 786 2066 2040
f 2067 836 2068
f 2068 836 837
f 2068 837 838
f 838 837 2069
f 838 2069 839
f 836 2067 840
f 840 2067 2070
f 840 2070 841
f 841 2070 2071
f 841 2071 2072
f 841 2072 842
f 842 2072 2073
f 842 2073 2036
f 2036 2073 2037
f 2036 2074 842
f 842 2074 841
f 2074 2075 841
f 841 2075 840
f 2075 2076 840
f 840 2076 836
f 2076 2069 836
f 836 2069 837
f 839 843 838
f 838 843 844
f 838 844 845
f 845 844 846
f 846 844 847
f 846 847 848
f 848 847 849
f 848 849 850
f 850 849 851
f 850 851 852
f 852 851 853
f 852 853 854
f 854 853 855
f 854 855 856
f 856 855 857
f 856 857 858
f 858 857 859
f 858 859 860
f 843 861 844
f 844 861 847
f 861 862 847
f 847 862 849
f 862 863 849
f 849 863 851
f 863 864 851
f 851 864 853
f 864 865 853
f 853 865 855
f 855 865 857
f 857 865 859
f 858 860 866
f 866 860 867
f 866 867 868
f 868 867 869
f 868 869 870
f 870 869 871
f 870 871 872
f 872 871 873
f 872 873 874
f 874 873 875
f 874 875 876
f 876 875 877
f 876 877 825
f 825 877 824
f 789 878 790
f 790 878 792
f 878 879 792
f 792 879 794
f 879 880 794
f 794 880 796
f 880 881 796
f 796 881 798
f 881 882 798
f 798 882 800
f 882 883 800
f 800 883 802
f 883 884 802
f 802 884 804
f 884 885 804
f 804 885 806
f 885 808 806
f 811 813 886
f 886 813 887
f 886 887 888
f 888 887 889
f 888 889 890
f 890 889 891
f 890 891 892
f 892 891 893
f 892 893 894
f 894 893 895
f 894 895 896
f 896 895 897
f 896 897 898
f 887 899 889
f 889 899 891
f 899 900 891
f 891 900 893
f 900 897 893
f 893 897 895
f 901 902 898
f 898 902 903
f 898 903 896
f 896 903 894
f 902 901 904
f 904 901 905
f 904 905 906
f 906 905 907
f 906 907 908
f 908 907 909
f 909 907 910
f 909 910 911
f 911 910 912
f 911 912 913
f 913 912 914
f 913 914 915
f 915 914 916
f 915 916 917
f 917 916 918
f 917 918 919
f 919 918 920
f 919 920 921
f 907 922 910
f 910 922 912
f 922 923 912
f 912 923 914
f 923 924 914
f 914 924 916
f 924 920 916
f 916 920 918
f 919 921 925
f 925 921 926
f 925 926 927
f 927 926 928
f 927 928 929
f 929 928 930
f 929 930 931
f 929 931 932
f 932 931 933
f 932 933 934
f 934 933 935
f 934 935 936
f 936 935 937
f 936 937 938
f 938 937 939
f 938 939 940
f 940 939 941
f 940 941 942
f 942 941 943
f 942 943 944
f 944 943 945
f 944 945 946
f 946 945 947
f 946 947 948
f 948 947 949
f 948 949 950
f 950 949 951
f 950 951 952
f 952 951 953
f 952 953 954
f 954 953 955
f 954 955 956
f 956 955 957
f 956 957 958
f 958 957 959
f 958 959 960
f 960 959 961
f 960 961 962
f 962 961 963
f 963 961 964
f 963 964 965
f 965 964 966
f 965 966 967
f 967 966 968
f 968 966 969
f 968 969 970
f 970 969 971
f 970 971 972
f 972 971 973
f 972 973 974
f 974 973 975
f 974 975 976
f 976 975 977
f 976 977 978
f 978 977 979
f 978 979 980
f 980 979 981
f 980 981 982
f 982 981 983
f 982 983 984
f 984 983 985
f 984 985 986
f 986 985 987
f 986 987 988
f 988 987 989
f 988 989 990
f 990 989 991
f 991 989 992
f 991 992 993
f 993 992 994
f 993 994 995
f 995 994 996
f 995 996 997
f 997 996 998
f 997 998 999
f 999 998 1000
f 999 1000 1001
f 1001 1000 1002
f 1002 1000 1003
f 1002 1003 1004
f 1004 1003 1005
f 1004 1005 1006
f 1006 1005 1007
f 1006 1007 1008
f 1008 1007 1009
f 1009 1007 1010
f 1009 1010 1011
f 1011 1010 1012
f 1011 1012 1013
f 1013 1012 1014
f 1013 1014 1015
f 1015 1014 1016
f 1016 1014 1017
f 1016 1017 1018
f 1018 1017 1019
f 1018 1019 1020
f 1020 1019 1021
f 1020 1021 1022
f 1022 1021 1023
f 1022 1023 1024
f 1024 1023 1025
f 1024 1025 1026
f 1026 1025 1027
f 1026 1027 1028
f 1028 1027 1029
f 1029 1027 1030
f 1029 1030 1031
f 1031 1030 1032
f 1031 1032 1033
f 1033 1032 1034
f 1033 1034 1035
f 1035 1034 1036
f 1035 1036 1037
f 1037 1036 1038
f 1037 1038 1039
f 1039 1038 1040
f 1040 1038 1041
f 1040 1041 1042
f 1042 1041 1043
f 1042 1043 1044
f 1044 1043 1045
f 1044 1045 1046
f 1046 1045 1047
f 1046 1047 1048
f 1048 1047 1049
f 1048 1049 1050
f 1050 1049 1051
f 1051 1049 1052
f 1051 1052 1053
f 1053 1052 1054
f 1053 1054 1055
f 1055 1054 1056
f 1055 1056 1057
f 1057 1056 1058
f 1057 1058 1059
f 1059 1058 1060
f 1059 1060 1061
f 1061 1060 1062
f 1061 1062 1063
f 1063 1062 1064
f 1064 1062 1065
f 1064 1065 1066
f 1066 1065 1067
f 1066 1067 1068
f 1068 1067 1069
f 1068 1069 1070
f 1070 1069 1071
f 1071 1069 1072
f 1072 1069 1073
f 1073 1069 1074
f 1073 1074 1075
f 959 1076 961
f 961 1076 964
f 1076 1077 964
f 964 1077 966
f 1077 1078 966
f 966 1078 1079
f 966 1079 969
f 969 1079 1080
f 969 1080 971
f 971 1080 1081
f 971 1081 973
f 973 1081 1082
f 973 1082 975
f 975 1082 1083
f 975 1083 977
f 977 1083 1084
f 977 1084 979
f 979 1084 1085
f 979 1085 981
f 981 1085 1086
f 981 1086 983
f 983 1086 1087
f 983 1087 985
f 985 1087 1088
f 985 1088 987
f 987 1088 1089
f 987 1089 989
f 989 1089 1090
f 989 1090 1091
f 989 1091 992
f 992 1091 1092
f 992 1092 994
f 994 1092 1093
f 994 1093 996
f 996 1093 1094
f 996 1094 998
f 998 1094 1095
f 998 1095 1000
f 1000 1095 1096
f 1000 1096 1097
f 1000 1097 1003
f 1003 1097 1098
f 1003 1098 1005
f 1005 1098 1099
f 1005 1099 1007
f 1007 1099 1100
f 1007 1100 1101
f 1007 1101 1010
f 1010 1101 1102
f 1010 1102 1012
f 1012 1102 1103
f 1012 1103 1014
f 1014 1103 1104
f 1014 1104 1105
f 1014 1105 1017
f 1017 1105 1106
f 1017 1106 1019
f 1019 1106 1107
f 1019 1107 1021
f 1021 1107 1108
f 1021 1108 1023
f 1023 1108 1109
f 1023 1109 1025
f 1025 1109 1110
f 1025 1110 1027
f 1027 1110 1111
f 1027 1111 1112
f 1027 1112 1030
f 1030 1112 1113
f 1030 1113 1032
f 1032 1113 1034
f 1036 1114 1038
f 1038 1114 1041
f 1114 1115 1041
f 1041 1115 1043
f 1043 1115 1045
f 1045 1115 1116
f 1045 1116 1047
f 1047 1116 1117
f 1047 1117 1049
f 1049 1117 1118
f 1049 1118 1119
f 1049 1119 1052
f 1052 1119 1120
f 1052 1120 1054
f 1054 1120 1121
f 1054 1121 1056
f 1056 1121 1122
f 1056 1122 1058
f 1058 1122 1123
f 1058 1123 1060
f 1060 1123 1124
f 1060 1124 1125
f 1060 1125 1062
f 1062 1125 1126
f 1062 1126 1065
f 1065 1126 1127
f 1065 1127 1067
f 1067 1127 1074
f 1067 1074 1069
f 1039 1128 1037
f 1037 1128 1035
f 1128 1033 1035
f 960 962 958
f 958 962 1129
f 958 1129 956
f 956 1129 1130
f 956 1130 954
f 954 1130 1131
f 954 1131 952
f 952 1131 1132
f 952 1132 950
f 950 1132 1133
f 950 1133 948
f 948 1133 1134
f 948 1134 946
f 946 1134 1135
f 946 1135 944
f 944 1135 1136
f 944 1136 942
f 942 1136 1137
f 942 1137 940
f 940 1137 1138
f 940 1138 938
f 938 1138 1139
f 938 1139 936
f 936 1139 1140
f 936 1140 934
f 934 1140 1141
f 934 1141 932
f 932 1141 1142
f 932 1142 929
f 929 1142 1143
f 929 1143 1144
f 929 1144 927
f 927 1144 1145
f 927 1145 925
f 925 1145 1146
f 925 1146 919
f 919 1146 917
f 908 1147 906
f 906 1147 904
f 1147 1148 904
f 904 1148 902
f 1148 903 902
f 888 1149 886
f 886 1149 811
f 1149 1150 811
f 811 1150 1151
f 811 1151 809
f 809 1151 807
f 825 827 876
f 876 827 1152
f 876 1152 874
f 874 1152 1153
f 874 1153 872
f 872 1153 1154
f 872 1154 870
f 870 1154 1155
f 870 1155 868
f 868 1155 1156
f 868 1156 866
f 866 1156 1157
f 866 1157 858
f 858 1157 856
f 845 1158 838
f 838 1158 2068
f 2077 743 1159
f 1159 743 742
f 1159 742 2078
f 2079 1160 2078
f 2078 1160 1161
f 2078 1161 1159
f 1159 1161 2077
f 1160 2079 1162
f 1162 2079 2080
f 1162 2080 1163
f 1163 2080 1164
f 1163 1164 2081
f 2081 1164 2082
f 2082 1164 1165
f 2082 1165 2083
f 2083 1165 1166
f 2083 1166 2084
f 2084 1166 1167
f 2084 1167 2085
f 2085 1167 1168
f 2085 1168 2086
f 2086 1168 1169
f 2086 1169 2087
f 2087 1169 1170
f 2087 1170 2088
f 2088 1170 2089
f 2089 1170 1171
f 2089 1171 2090
f 2090 1171 1172
f 2090 1172 2091
f 2091 1172 1173
f 2091 1173 2092
f 2092 1173 1174
f 2092 1174 2093
f 2093 1174 1175
f 2093 1175 2094
f 2094 1175 1176
f 2094 1176 2095
f 2095 1176 1177
f 2095 1177 2096
f 2096 1177 1178
f 2096 1178 2097
f 2097 1178 1179
f 2097 1179 2098
f 2098 1179 1180
f 2098 1180 2099
f 2099 1180 1181
f 2099 1181 1182
f 1182 1181 2100
f 1182 2100 1183
f 1183 2100 2101
f 1183 2101 1184
f 1184 2101 2102
f 1184 2102 1185
f 1185 2102 1186
f 1185 1186 2103
f 2103 1186 2104
f 2104 1186 1187
f 2104 1187 1188
f 1188 1187 2105
f 1188 2105 2106
f 2080 2107 1164
f 1164 2107 1165
f 2107 2108 1165
f 1165 2108 1166
f 2108 2109 1166
f 1166 2109 1167
f 2109 2110 1167
f 1167 2110 2111
f 1167 2111 1168
f 1168 2111 2112
f 1168 2112 1169
f 1169 2112 2113
f 1169 2113 1170
f 1170 2113 2114
f 1170 2114 1171
f 1171 2114 2115
f 1171 2115 1172
f 1172 2115 2116
f 1172 2116 1173
f 1173 2116 2117
f 1173 2117 1174
f 1174 2117 1175
f 2117 2118 1175
f 1175 2118 1176
f 2118 2119 1176
f 1176 2119 1177
f 2119 2120 1177
f 1177 2120 1178
f 2120 2121 1178
f 1178 2121 1179
f 2121 2122 1179
f 1179 2122 1180
f 2122 2123 1180
f 1180 2123 1181
f 2123 2100 1181
f 2102 2124 1186
f 1186 2124 1187
f 2124 2105 1187
f 1188 2106 1189
f 1189 2106 2125
f 1189 2125 1190
f 1190 2125 1191
f 1190 1191 2126
f 2126 1191 2127
f 2127 1191 1192
f 2127 1192 2128
f 2128 1192 1193
f 2128 1193 2129
f 2129 1193 1194
f 2129 1194 2130
f 2130 1194 1195
f 2130 1195 1196
f 1196 1195 2131
f 1196 2131 2132
f 2125 2133 1191
f 1191 2133 1192
f 2133 2134 1192
f 1192 2134 1193
f 2134 2135 1193
f 1193 2135 1194
f 2135 2136 1194
f 1194 2136 1195
f 2136 2131 1195
f 1196 2132 1197
f 1197 2132 2137
f 1197 2137 1198
f 1198 2137 2138
f 1198 2138 2139
f 2140 1199 2139
f 2139 1199 2141
f 2139 2141 2142
f 2143 1200 2140
f 2140 1200 1201
f 2140 1201 1199
f 1199 1201 2144
f 1199 2144 2141
f 1200 2143 1202
f 1202 2143 2145
f 1202 2145 1203
f 1203 2145 2146
f 1203 2146 1204
f 1204 2146 1205
f 1204 1205 2147
f 2147 1205 2148
f 2148 1205 1206
f 2148 1206 2149
f 2149 1206 1207
f 2149 1207 1208
f 1208 1207 2150
f 1208 2150 2151
f 2146 2152 1205
f 1205 2152 1206
f 2152 2153 1206
f 1206 2153 1207
f 2153 2150 1207
f 1208 2151 1209
f 1209 2151 2154
f 1209 2154 1210
f 1210 2154 2155
f 1210 2155 2156
f 2156 2155 1211
f 2156 1211 2157
f 2157 1211 2158
f 2158 1211 1212
f 2158 1212 1213
f 1213 1212 2159
f 1213 2159 2160
f 2155 2161 1211
f 1211 2161 1212
f 2161 2159 1212
f 2162 1214 2160
f 2160 1214 1215
f 2160 1215 1213
f 1213 1215 2163
f 1213 2163 2158
f 1214 2162 1216
f 1216 2162 2164
f 1216 2164 1217
f 1217 2164 2165
f 1217 2165 1218
f 1218 2165 2166
f 1218 2166 1219
f 1219 2166 1220
f 1219 1220 2167
f 2167 1220 2168
f 2168 1220 1221
f 2168 1221 2169
f 2169 1221 1222
f 2169 1222 2170
f 2170 1222 1223
f 2170 1223 2171
f 2171 1223 1224
f 2171 1224 2172
f 2172 1224 2173
f 2173 1224 1225
f 2173 1225 2174
f 2174 1225 1226
f 2174 1226 2175
f 2175 1226 1227
f 2175 1227 2176
f 2176 1227 1228
f 2176 1228 2177
f 2177 1228 1229
f 2177 1229 2178
f 2178 1229 1230
f 2178 1230 2179
f 2179 1230 2180
f 2180 1230 1231
f 2180 1231 2181
f 2181 1231 1232
f 2181 1232 1233
f 1233 1232 2182
f 1233 2182 2183
f 2166 2184 1220
f 1220 2184 1221
f 2184 2185 1221
f 1221 2185 1222
f 2185 2186 1222
f 1222 2186 1223
f 2186 2187 1223
f 1223 2187 2188
f 1223 2188 1224
f 1224 2188 2189
f 1224 2189 1225
f 1225 2189 2190
f 1225 2190 1226
f 1226 2190 2191
f 1226 2191 1227
f 1227 2191 2192
f 1227 2192 2193
f 1227 2193 1228
f 1228 2193 2194
f 1228 2194 1229
f 1229 2194 2195
f 1229 2195 1230
f 1230 2195 2196
f 1230 2196 1231
f 1231 2196 2197
f 1231 2197 1232
f 1232 2197 2182
f 1233 2183 1234
f 1234 2183 2198
f 1234 2198 1235
f 1235 2198 2199
f 1235 2199 1236
f 1236 2199 2200
f 1236 2200 1237
f 1237 2200 2201
f 1237 2201 1238
f 1238 2201 2202
f 1238 2202 1239
f 1239 2202 2203
f 1239 2203 1240
f 1240 2203 2204
f 1240 2204 1241
f 1241 2204 2205
f 1241 2205 1242
f 1242 2205 2206
f 1242 2206 1243
f 1243 2206 2207
f 1243 2207 1244
f 1244 2207 2208
f 1244 2208 1245
f 1245 2208 2209
f 1245 2209 1246
f 1246 2209 2210
f 1246 2210 1247
f 1247 2210 2211
f 1247 2211 1248
f 1248 2211 2212
f 1248 2212 1249
f 1249 2212 2213
f 1249 2213 1250
f 1250 2213 2214
f 1250 2214 1251
f 1251 2214 2215
f 1251 2215 1252
f 1252 2215 2216
f 1252 2216 1253
f 1253 2216 2217
f 1253 2217 2218
f 1253 2218 1254
f 1254 2218 2219
f 1254 2219 1255
f 1255 2219 2220
f 1255 2220 1256
f 1256 2220 2221
f 1256 2221 1257
f 1257 2221 2222
f 1257 2222 2223
f 1257 2223 1258
f 1258 2223 2224
f 1258 2224 1259
f 1259 2224 2225
f 1259 2225 1260
f 1260 2225 2226
f 1260 2226 1261
f 1261 2226 2227
f 1261 2227 1262
f 1262 2227 1263
f 1262 1263 2228
f 2228 1263 2229
f 2229 1263 1264
f 2229 1264 2230
f 2230 1264 2231
f 2231 1264 1265
f 2231 1265 2232
f 2232 1265 1266
f 2232 1266 2233
f 2233 1266 1267
f 2233 1267 2234
f 2234 1267 1268
f 2234 1268 2235
f 2235 1268 1269
f 2235 1269 2236
f 2236 1269 1270
f 2236 1270 1271
f 1271 1270 2237
f 1271 2237 2238
f 2227 2239 1263
f 1263 2239 1264
f 2239 2240 1264
f 1264 2240 1265
f 2240 2241 1265
f 1265 2241 1266
f 2241 2242 1266
f 1266 2242 1267
f 2242 2243 1267
f 1267 2243 1268
f 2243 2244 1268
f 1268 2244 1269
f 2244 2237 1269
f 1269 2237 1270
f 2245 1272 2238
f 2238 1272 2246
f 2238 2246 1271
f 1271 2246 2236
f 1272 2245 1273
f 1273 2245 2247
f 1273 2247 1274
f 1274 2247 2248
f 1274 2248 1275
f 1275 2248 2249
f 1275 2249 1276
f 1276 2249 2250
f 1276 2250 1277
f 1277 2250 1278
f 1277 1278 2251
f 2251 1278 2252
f 2252 1278 1279
f 2252 1279 2253
f 2253 1279 1280
f 2253 1280 2254
f 2254 1280 1281
f 2254 1281 1282
f 1282 1281 2255
f 1282 2255 2256
f 2250 2257 1278
f 1278 2257 2258
f 1278 2258 1279
f 1279 2258 2259
f 1279 2259 1280
f 1280 2259 2255
f 1280 2255 1281
f 1282 2256 1283
f 1283 2256 2260
f 1283 2260 2261
f 1283 2261 1284
f 1284 2261 2262
f 1284 2262 1285
f 1285 2262 2263
f 1285 2263 1286
f 1286 2263 2264
f 1286 2264 2265
f 2265 2266 1286
f 1286 2266 1285
f 2266 2267 1285
f 1285 2267 1284
f 2267 2268 1284
f 1284 2268 1283
f 2268 2269 1283
f 1283 2269 1282
f 2269 2270 1282
f 1282 2270 2254
f 2251 2271 1277
f 1277 2271 1276
f 2271 2272 1276
f 1276 2272 1275
f 2272 2273 1275
f 1275 2273 1274
f 2273 2274 1274
f 1274 2274 1273
f 2274 2275 1273
f 1273 2275 1272
f 2275 2246 1272
f 2228 2276 1262
f 1262 2276 1261
f 2276 2277 1261
f 1261 2277 1260
f 2277 2278 1260
f 1260 2278 1259
f 2278 2279 1259
f 1259 2279 1258
f 2279 2280 1258
f 1258 2280 2281
f 1258 2281 1257
f 1257 2281 2282
f 1257 2282 1256
f 1256 2282 2283
f 1256 2283 1255
f 1255 2283 2284
f 1255 2284 1254
f 1254 2284 2285
f 1254 2285 2286
f 1254 2286 1253
f 1253 2286 2287
f 1253 2287 1252
f 1252 2287 2288
f 1252 2288 1251
f 1251 2288 2289
f 1251 2289 1250
f 1250 2289 2290
f 1250 2290 2291
f 1250 2291 1249
f 1249 2291 2292
f 1249 2292 1248
f 1248 2292 2293
f 1248 2293 1247
f 1247 2293 2294
f 1247 2294 1246
f 1246 2294 2295
f 1246 2295 1245
f 1245 2295 2296
f 1245 2296 1244
f 1244 2296 2297
f 1244 2297 1243
f 1243 2297 2298
f 1243 2298 1242
f 1242 2298 2299
f 1242 2299 1241
f 1241 2299 2300
f 1241 2300 1240
f 1240 2300 2301
f 1240 2301 1239
f 1239 2301 2302
f 1239 2302 1238
f 1238 2302 2303
f 1238 2303 1237
f 1237 2303 2304
f 1237 2304 1236
f 1236 2304 2305
f 1236 2305 1235
f 1235 2305 2306
f 1235 2306 1234
f 1234 2306 2307
f 1234 2307 1233
f 1233 2307 2181
f 2167 2308 1219
f 1219 2308 1218
f 2308 2309 1218
f 1218 2309 1217
f 1217 2309 1216
f 1216 2309 2310
f 1216 2310 2311
f 2163 1215 2311
f 2311 1215 1214
f 2311 1214 1216
f 2156 2312 1210
f 1210 2312 1209
f 2312 2313 1209
f 1209 2313 1208
f 2313 2149 1208
f 2147 2314 1204
f 1204 2314 1203
f 2314 2315 1203
f 1203 2315 1202
f 2315 2316 1202
f 1202 2316 1200
f 2316 2144 1200
f 1200 2144 1201
f 2139 2142 1198
f 1198 2142 2317
f 1198 2317 1197
f 1197 2317 2318
f 1197 2318 1196
f 1196 2318 2130
f 2126 2319 1190
f 1190 2319 1189
f 2319 2320 1189
f 1189 2320 1188
f 2320 2104 1188
f 2103 2321 1185
f 1185 2321 1184
f 1184 2321 1183
f 1183 2321 2322
f 1183 2322 1182
f 1182 2322 2099
f 2081 2323 1163
f 1163 2323 1162
f 2323 2324 1162
f 1162 2324 1160
f 2324 2325 1160
f 1160 2325 1161
f 2325 2077 1161
f 344 1287 342
f 342 1287 1288
f 342 1288 1289
f 1289 1288 2326
f 1289 2326 2327
f 344 2328 1287
f 1287 2328 2329
f 1287 2329 1288
f 1288 2329 2326
f 1289 2327 1290
f 1290 2327 2330
f 1290 2330 1291
f 1291 2330 2331
f 1291 2331 1292
f 1292 2331 2332
f 1292 2332 1293
f 1293 2332 2333
f 1293 2333 1294
f 1294 2333 2334
f 1294 2334 1295
f 1295 2334 2335
f 1295 2335 1296
f 1296 2335 2336
f 1296 2336 2337
f 1296 2337 1297
f 1297 2337 2338
f 1297 2338 1298
f 1298 2338 2339
f 1298 2339 1299
f 1299 2339 2340
f 1299 2340 1300
f 1300 2340 2341
f 1300 2341 1301
f 1301 2341 2342
f 1301 2342 1302
f 1302 2342 2343
f 1302 2343 1303
f 1303 2343 2344
f 1303 2344 1304
f 1304 2344 2345
f 1304 2345 1305
f 1305 2345 2346
f 1305 2346 1306
f 1306 2346 2347
f 1306 2347 1307
f 1307 2347 2348
f 1307 2348 1308
f 1308 2348 2349
f 1308 2349 1309
f 1309 2349 2350
f 1309 2350 1310
f 1310 2350 1311
f 1310 1311 2351
f 2351 1311 2352
f 2352 1311 1312
f 2352 1312 2353
f 2353 1312 1313
f 2353 1313 1314
f 1314 1313 2354
f 1314 2354 2355
f 2350 2356 1311
f 1311 2356 1312
f 2356 2354 1312
f 1312 2354 1313
f 1314 2355 1315
f 1315 2355 2357
f 1315 2357 1316
f 1316 2357 1317
f 1316 1317 2358
f 2358 1317 2359
f 2359 1317 1318
f 2359 1318 2360
f 2360 1318 1319
f 2360 1319 2361
f 2361 1319 1320
f 2361 1320 1321
f 1321 1320 2362
f 1321 2362 2363
f 2357 2364 1317
f 1317 2364 1318
f 2364 2365 1318
f 1318 2365 1319
f 2365 2366 1319
f 1319 2366 1320
f 2366 2362 1320
f 1321 2363 1322
f 1322 2363 2367
f 1322 2367 1323
f 1323 2367 2368
f 1323 2368 1324
f 1324 2368 1325
f 1324 1325 2369
f 2369 1325 2370
f 2370 1325 1326
f 2370 1326 2371
f 2371 1326 2372
f 2371 2372 1327
f 1327 2372 2373
f 1327 2373 2374
f 2368 2375 1325
f 1325 2375 1326
f 2375 2372 1326
f 2376 1328 2374
f 2374 1328 2377
f 2374 2377 1327
f 1327 2377 2371
f 2378 1329 2376
f 2376 1329 2379
f 2376 2379 2380
f 2381 1330 2378
f 2378 1330 2382
f 2378 2382 1329
f 1329 2382 2379
f 2383 1331 2381
f 2381 1331 2384
f 2381 2384 1330
f 1330 2384 2382
f 1331 2383 1332
f 1332 2383 2385
f 1332 2385 1333
f 1333 2385 2386
f 1333 2386 1334
f 1334 2386 1335
f 1334 1335 2387
f 2387 1335 2388
f 2388 1335 2389
f 2388 2389 1336
f 1336 2389 2390
f 1336 2390 2391
f 2386 2389 1335
f 2392 1337 2391
f 2391 1337 2393
f 2391 2393 2394
f 1337 2392 1338
f 1338 2392 2395
f 1338 2395 2396
f 2397 1339 2396
f 2396 1339 1340
f 2396 1340 1338
f 1338 1340 2398
f 1338 2398 2393
f 1339 2397 1341
f 1341 2397 2399
f 1341 2399 1342
f 1342 2399 2400
f 1342 2400 1343
f 1343 2400 2401
f 1343 2401 1344
f 1344 2401 2402
f 1344 2402 1345
f 1345 2402 2403
f 1345 2403 1346
f 1346 2403 2404
f 1346 2404 2405
f 1346 2405 1347
f 1347 2405 2406
f 1347 2406 1348
f 1348 2406 2407
f 1348 2407 1349
f 1349 2407 2408
f 1349 2408 1350
f 1350 2408 2409
f 1350 2409 1351
f 1351 2409 2410
f 1351 2410 1352
f 1352 2410 2411
f 1352 2411 1353
f 1353 2411 1354
f 1353 1354 2412
f 2412 1354 2413
f 2413 1354 1355
f 2413 1355 2414
f 2414 1355 1356
f 2414 1356 2415
f 2415 1356 1357
f 2415 1357 2416
f 2416 1357 1358
f 2416 1358 2417
f 2417 1358 1359
f 2417 1359 2418
f 2418 1359 1360
f 2418 1360 2419
f 2419 1360 1361
f 2419 1361 2420
f 2420 1361 1362
f 2420 1362 2421
f 2421 1362 1363
f 2421 1363 2422
f 2422 1363 1364
f 2422 1364 2423
f 2423 1364 1365
f 2423 1365 2424
f 2424 1365 1366
f 2424 1366 2425
f 2425 1366 1367
f 2425 1367 2426
f 2426 1367 1368
f 2426 1368 2427
f 2427 1368 1369
f 2427 1369 2428
f 2428 1369 1370
f 2428 1370 2429
f 2429 1370 1371
f 2429 1371 2430
f 2430 1371 1372
f 2430 1372 2431
f 2431 1372 1373
f 2431 1373 2432
f 2432 1373 1374
f 2432 1374 2433
f 2433 1374 1375
f 2433 1375 2434
f 2434 1375 1376
f 2434 1376 2435
f 2435 1376 1377
f 2435 1377 2436
f 2436 1377 1378
f 2436 1378 2437
f 2437 1378 1379
f 2437 1379 2438
f 2438 1379 1380
f 2438 1380 2439
f 2439 1380 2440
f 2440 1380 1381
f 2440 1381 2441
f 2441 1381 1382
f 2441 1382 2442
f 2442 1382 1383
f 2442 1383 2443
f 2443 1383 2444
f 2444 1383 1384
f 2444 1384 2445
f 2445 1384 1385
f 2445 1385 2446
f 2446 1385 1386
f 2446 1386 2447
f 2447 1386 1387
f 2447 1387 2448
f 2448 1387 1388
f 2448 1388 1389
f 1389 1388 2449
f 1389 2449 2450
f 2411 2451 1354
f 1354 2451 1355
f 2451 2452 1355
f 1355 2452 2453
f 1355 2453 1356
f 1356 2453 2454
f 1356 2454 1357
f 1357 2454 2455
f 1357 2455 1358
f 1358 2455 2456
f 1358 2456 1359
f 1359 2456 1360
f 2456 2457 1360
f 1360 2457 1361
f 2457 2458 1361
f 1361 2458 1362
f 2458 2459 1362
f 1362 2459 1363
f 2459 2460 1363
f 1363 2460 1364
f 2460 2461 1364
f 1364 2461 1365
f 2461 2462 1365
f 1365 2462 1366
f 2462 2463 1366
f 1366 2463 1367
f 2463 2464 1367
f 1367 2464 1368
f 2464 2465 1368
f 1368 2465 1369
f 2465 2466 1369
f 1369 2466 1370
f 2466 2467 1370
f 1370 2467 1371
f 2467 2468 1371
f 1371 2468 1372
f 2468 2469 1372
f 1372 2469 1373
f 2469 2470 1373
f 1373 2470 2471
f 1373 2471 1374
f 1374 2471 2472
f 1374 2472 1375
f 1375 2472 2473
f 1375 2473 1376
f 1376 2473 2474
f 1376 2474 1377
f 1377 2474 2475
f 1377 2475 1378
f 1378 2475 2476
f 1378 2476 1379
f 1379 2476 2477
f 1379 2477 1380
f 1380 2477 2478
f 1380 2478 1381
f 1381 2478 2479
f 1381 2479 2480
f 1381 2480 1382
f 1382 2480 2481
f 1382 2481 1383
f 1383 2481 2482
f 1383 2482 1384
f 1384 2482 2483
f 1384 2483 1385
f 1385 2483 2484
f 1385 2484 2485
f 1385 2485 1386
f 1386 2485 2486
f 1386 2486 1387
f 1387 2486 2487
f 1387 2487 1388
f 1388 2487 2488
f 1388 2488 2449
f 2489 1390 2450
f 2450 1390 1391
f 2450 1391 1389
f 1389 1391 2490
f 1389 2490 2448
f 2489 2491 1390
f 1390 2491 1392
f 1390 1392 2492
f 2492 1392 2493
f 2493 1392 1393
f 2493 1393 2494
f 2494 1393 1394
f 2494 1394 2495
f 2495 1394 1395
f 2495 1395 2496
f 2496 1395 1396
f 2496 1396 2497
f 2497 1396 1397
f 2497 1397 2498
f 2498 1397 1398
f 2498 1398 2499
f 2499 1398 2500
f 2500 1398 1399
f 2500 1399 2501
f 2501 1399 1400
f 2501 1400 2502
f 2502 1400 1401
f 2502 1401 2503
f 2503 1401 1402
f 2503 1402 2504
f 2504 1402 1403
f 2504 1403 2505
f 2505 1403 2506
f 2506 1403 1404
f 2506 1404 1405
f 1405 1404 2507
f 1405 2507 2508
f 2491 2509 1392
f 1392 2509 1393
f 2509 2510 1393
f 1393 2510 1394
f 2510 2511 1394
f 1394 2511 1395
f 2511 2512 1395
f 1395 2512 1396
f 2512 2513 1396
f 1396 2513 1397
f 2513 2514 1397
f 1397 2514 1398
f 2514 2515 1398
f 1398 2515 1399
f 2515 2516 1399
f 1399 2516 1400
f 2516 2517 1400
f 1400 2517 1401
f 2517 2518 1401
f 1401 2518 1402
f 2518 2519 1402
f 1402 2519 1403
f 2519 2520 1403
f 1403 2520 2521
f 1403 2521 1404
f 1404 2521 2507
f 1405 2508 1406
f 1406 2508 2522
f 1406 2522 1407
f 1407 2522 2523
f 1407 2523 1408
f 1408 2523 2524
f 1408 2524 1409
f 1409 2524 2525
f 1409 2525 1410
f 1410 2525 2526
f 1410 2526 1411
f 1411 2526 2527
f 1411 2527 1412
f 1412 2527 2528
f 1412 2528 1413
f 1413 2528 2529
f 1413 2529 2530
f 2530 2531 1413
f 1413 2531 1412
f 2531 2532 1412
f 1412 2532 1411
f 2532 2533 1411
f 1411 2533 1410
f 2533 2534 1410
f 1410 2534 1409
f 2534 2535 1409
f 1409 2535 1408
f 2535 2536 1408
f 1408 2536 1407
f 2536 2537 1407
f 1407 2537 1406
f 2537 2538 1406
f 1406 2538 1405
f 2538 2506 1405
f 2492 2490 1390
f 1390 2490 1391
f 2412 2539 1353
f 1353 2539 1352
f 2539 2540 1352
f 1352 2540 1351
f 2540 2541 1351
f 1351 2541 1350
f 2541 2542 1350
f 1350 2542 1349
f 2542 2543 1349
f 1349 2543 1348
f 2543 2544 1348
f 1348 2544 1347
f 2544 2545 1347
f 1347 2545 1346
f 2545 2546 1346
f 1346 2546 1345
f 2546 2547 1345
f 1345 2547 1344
f 2547 2548 1344
f 1344 2548 1343
f 2548 2549 1343
f 1343 2549 1342
f 2549 2550 1342
f 1342 2550 1341
f 2550 2551 1341
f 1341 2551 1339
f 2551 2552 1339
f 1339 2552 1340
f 2552 2398 1340
f 2391 2394 1336
f 1336 2394 2388
f 2387 2553 1334
f 1334 2553 1333
f 2553 2554 1333
f 1333 2554 1332
f 1332 2554 1331
f 1331 2554 2384
f 2376 2380 1328
f 1328 2380 2377
f 2369 2555 1324
f 1324 2555 1323
f 2555 2556 1323
f 1323 2556 1322
f 2556 2557 1322
f 1322 2557 1321
f 2557 2361 1321
f 2358 2558 1316
f 1316 2558 1315
f 2558 2559 1315
f 1315 2559 1314
f 2559 2353 1314
f 1310 2351 1309
f 1309 2351 2560
f 1309 2560 1308
f 1308 2560 2561
f 1308 2561 1307
f 1307 2561 2562
f 1307 2562 1306
f 1306 2562 2563
f 1306 2563 1305
f 1305 2563 2564
f 1305 2564 1304
f 1304 2564 2565
f 1304 2565 1303
f 1303 2565 2566
f 1303 2566 1302
f 1302 2566 1301
f 2566 2567 1301
f 1301 2567 1300
f 2567 2568 1300
f 1300 2568 1299
f 2568 2569 1299
f 1299 2569 1298
f 2569 2570 1298
f 1298 2570 1297
f 2570 2571 1297
f 1297 2571 1296
f 2571 2572 1296
f 1296 2572 1295
f 2572 2573 1295
f 1295 2573 1294
f 2573 2574 1294
f 1294 2574 1293
f 2574 2575 1293
f 1293 2575 2576
f 1293 2576 1292
f 1292 2576 2577
f 1292 2577 1291
f 1291 2577 2578
f 1291 2578 1290
f 1290 2578 2579
f 1290 2579 1289
f 1289 2579 342
f 1338 2393 1337
f 1414 1415 1416
f 2580 1417 2581
f 2581 1417 1418
f 1419 1420 2582
f 2582 1420 2583
f 2584 1421 2585
f 2585 1421 1422
f 1422 1421 1423
f 1423 1421 1424
f 2583 1420 1425
f 1425 1420 2586
f 2581 1418 1426
f 1426 1418 2587
f 2588 1414 2589
f 2589 1414 2590
f 2590 1414 1416
f 1424 1421 1427
f 1427 1421 2584
f 1427 2584 1428
f 1427 1428 1429
f 1429 1428 1430
f 1429 1430 1431
f 1431 1430 1432
f 1431 1432 1433
f 1433 1432 1434
f 1433 1434 1435
f 1435 1434 1436
f 1435 1436 1437
f 1437 1436 1438
f 1437 1438 1439
f 1439 1438 1440
f 1440 1438 1441
f 1440 1441 1442
f 1442 1441 1443
f 1442 1443 1444
f 1444 1443 1445
f 1444 1445 1446
f 1446 1445 1447
f 1446 1447 1448
f 1448 1447 1449
f 1449 1447 1450
f 1449 1450 1451
f 1451 1450 1452
f 1451 1452 1453
f 1453 1452 1454
f 1453 1454 1455
f 1455 1454 1456
f 1455 1456 1457
f 1457 1456 1458
f 1457 1458 1459
f 1459 1458 1460
f 1459 1460 1461
f 1461 1460 1462
f 1461 1462 1463
f 1463 1462 1464
f 1463 1464 1465
f 1465 1464 1466
f 1465 1466 1467
f 1436 1468 1438
f 1438 1468 1441
f 1468 1469 1441
f 1441 1469 1443
f 1469 1470 1443
f 1443 1470 1445
f 1470 1471 1445
f 1445 1471 1472
f 1445 1472 1447
f 1447 1472 1473
f 1447 1473 1450
f 1450 1473 1452
f 1473 1474 1452
f 1452 1474 1454
f 1474 1475 1454
f 1454 1475 1456
f 1475 1476 1456
f 1456 1476 1458
f 1476 1477 1458
f 1458 1477 1460
f 1477 1478 1460
f 1460 1478 1462
f 1478 1466 1462
f 1462 1466 1464
f 1465 1467 1479
f 1479 1467 1480
f 1479 1480 1481
f 1481 1480 1482
f 1481 1482 1483
f 1483 1482 1484
f 1483 1484 1485
f 1485 1484 1486
f 1485 1486 1487
f 1487 1486 1488
f 1488 1486 1489
f 1488 1489 698
f 698 1489 696
f 696 1489 697
f 697 1489 685
f 685 1489 686
f 686 1489 1490
f 1490 1489 1486
f 1490 1486 1484
f 1485 1487 1483
f 1483 1487 1491
f 1483 1491 1481
f 1481 1491 1492
f 1481 1492 1479
f 1479 1492 1493
f 1479 1493 1465
f 1465 1493 1463
f 1437 1439 1435
f 1435 1439 1494
f 1435 1494 1433
f 1433 1494 1495
f 1433 1495 1431
f 1431 1495 1496
f 1431 1496 1429
f 1429 1496 1497
f 1429 1497 1427
f 1427 1497 1424
f 2591 1419 1498
f 1498 1419 2582
f 1498 2582 1499
f 1498 1499 1500
f 1500 1499 1501
f 1500 1501 1502
f 1502 1501 1503
f 1502 1503 1504
f 1504 1503 1505
f 1504 1505 1506
f 1506 1505 1507
f 1506 1507 1508
f 1508 1507 1509
f 1508 1509 2592
f 2592 1509 2593
f 2593 1509 1510
f 2593 1510 2594
f 2594 1510 1511
f 2594 1511 2595
f 2595 1511 1512
f 2595 1512 2596
f 2596 1512 1513
f 2596 1513 2597
f 2597 1513 1514
f 2597 1514 1515
f 1515 1514 1516
f 1515 1516 1517
f 1507 1518 1509
f 1509 1518 1519
f 1509 1519 1510
f 1510 1519 1520
f 1510 1520 1511
f 1511 1520 1521
f 1511 1521 1512
f 1512 1521 1522
f 1512 1522 1513
f 1513 1522 1523
f 1513 1523 1514
f 1514 1523 1516
f 1515 1517 1524
f 1524 1517 1525
f 1524 1525 1526
f 1526 1525 1527
f 1526 1527 1528
f 1528 1527 1529
f 1528 1529 1530
f 1530 1529 1531
f 1530 1531 1532
f 1532 1531 1533
f 1532 1533 1534
f 1534 1533 1535
f 1534 1535 1536
f 1536 1535 1537
f 1536 1537 1538
f 1538 1537 1539
f 1538 1539 2598
f 2598 1539 2599
f 2599 1539 1540
f 2599 1540 2600
f 2600 1540 1541
f 2600 1541 2601
f 2601 1541 1542
f 2601 1542 2602
f 2602 1542 1543
f 2602 1543 2603
f 2603 1543 1544
f 2603 1544 1545
f 1545 1544 1546
f 1545 1546 1547
f 1537 1548 1539
f 1539 1548 1540
f 1548 1549 1540
f 1540 1549 1541
f 1549 1550 1541
f 1541 1550 1542
f 1550 1551 1542
f 1542 1551 1552
f 1542 1552 1543
f 1543 1552 1553
f 1543 1553 1544
f 1544 1553 1554
f 1544 1554 1546
f 1545 1547 1555
f 1555 1547 1556
f 1555 1556 1557
f 1557 1556 2265
f 1557 2265 2264
f 2264 2604 1557
f 1557 2604 1555
f 2604 2605 1555
f 1555 2605 1545
f 2605 2603 1545
f 1538 2598 1536
f 1536 2598 2606
f 1536 2606 1534
f 1534 2606 2607
f 1534 2607 1532
f 1532 2607 1530
f 2607 2608 1530
f 1530 2608 1528
f 1528 2608 1526
f 1526 2608 2609
f 1526 2609 1524
f 1524 2609 1515
f 2609 2597 1515
f 1508 2592 1506
f 1506 2592 2610
f 1506 2610 1504
f 1504 2610 2611
f 1504 2611 1502
f 1502 2611 2612
f 1502 2612 1500
f 1500 2612 2591
f 1500 2591 1498
f 2580 1558 1417
f 1417 1558 2613
f 2613 1558 1559
f 2613 1559 2614
f 2614 1559 1560
f 2614 1560 2615
f 2615 1560 2616
f 2616 1560 1561
f 2616 1561 2617
f 2617 1561 1562
f 2617 1562 1563
f 1563 1562 1564
f 1563 1564 1565
f 1558 1566 1559
f 1559 1566 1560
f 1566 1567 1560
f 1560 1567 1568
f 1560 1568 1561
f 1561 1568 1564
f 1561 1564 1562
f 1563 1565 1569
f 1569 1565 1570
f 1569 1570 1571
f 1571 1570 1572
f 1571 1572 1573
f 1573 1572 1574
f 1573 1574 1575
f 1575 1574 1576
f 1575 1576 1577
f 1577 1576 1578
f 1577 1578 1579
f 1577 1579 1580
f 1580 1579 1581
f 1580 1581 1582
f 1582 1581 1583
f 1582 1583 1584
f 1584 1583 1585
f 1584 1585 1586
f 1586 1585 1587
f 1586 1587 1588
f 1588 1587 1589
f 1588 1589 1590
f 1590 1589 1591
f 1590 1591 1592
f 1590 1592 1593
f 1593 1592 1594
f 1593 1594 1595
f 1595 1594 1596
f 1595 1596 2618
f 2618 1596 2619
f 2619 1596 1597
f 2619 1597 1598
f 1598 1597 1599
f 1598 1599 1600
f 1600 1599 1601
f 1600 1601 1602
f 1602 1601 1603
f 1602 1603 1604
f 1604 1603 1605
f 1604 1605 1606
f 1606 1605 1607
f 1606 1607 1608
f 1608 1607 1609
f 1608 1609 1610
f 1610 1609 1611
f 1610 1611 1612
f 1594 1597 1596
f 1610 1612 1613
f 1613 1612 1614
f 1613 1614 1615
f 1615 1614 1070
f 1615 1070 1071
f 1071 1072 1615
f 1615 1072 1073
f 1615 1073 1075
f 1075 2620 1615
f 1615 2620 1613
f 2620 2621 1613
f 1613 2621 1610
f 2621 2622 1610
f 1610 2622 2623
f 1610 2623 1608
f 1608 2623 2624
f 1608 2624 1606
f 1606 2624 2625
f 1606 2625 1604
f 1604 2625 2626
f 1604 2626 1602
f 1602 2626 2627
f 1602 2627 1600
f 1600 2627 2628
f 1600 2628 1598
f 1598 2628 2619
f 2618 2629 1595
f 1595 2629 1593
f 1593 2629 1590
f 1590 2629 2630
f 1590 2630 2631
f 1590 2631 1588
f 1588 2631 2632
f 1588 2632 1586
f 1586 2632 2633
f 1586 2633 1584
f 1584 2633 2634
f 1584 2634 1582
f 1582 2634 2635
f 1582 2635 1580
f 1580 2635 2636
f 1580 2636 2637
f 1580 2637 1577
f 1577 2637 2638
f 1577 2638 1575
f 1575 2638 2639
f 1575 2639 1573
f 1573 2639 2640
f 1573 2640 1571
f 1571 2640 2641
f 1571 2641 1569
f 1569 2641 2642
f 1569 2642 1563
f 1563 2642 2617
f 2643 1415 1616
f 1616 1415 1414
f 1616 1414 2644
f 2644 1414 2588
f 1616 2644 1617
f 1617 2644 2645
f 1617 2645 1618
f 1618 2645 2646
f 1618 2646 1619
f 1619 2646 2647
f 1619 2647 1620
f 1620 2647 1621
f 1620 1621 2648
f 2648 1621 2649
f 2649 1621 1622
f 2649 1622 2650
f 2650 1622 1623
f 2650 1623 2651
f 2651 1623 1624
f 2651 1624 2652
f 2652 1624 2653
f 2653 1624 1625
f 2653 1625 2654
f 2654 1625 1626
f 2654 1626 2655
f 2655 1626 1627
f 2655 1627 2656
f 2656 1627 2657
f 2657 1627 1628
f 2657 1628 2658
f 2658 1628 1629
f 2658 1629 2659
f 2659 1629 1630
f 2659 1630 2660
f 2660 1630 1631
f 2660 1631 2661
f 2661 1631 1632
f 2661 1632 2662
f 2662 1632 1633
f 2662 1633 2663
f 2663 1633 1634
f 2663 1634 2664
f 2664 1634 1635
f 2664 1635 1636
f 1636 1635 2665
f 1636 2665 1637
f 1637 2665 2666
f 1637 2666 1638
f 1638 2666 2667
f 1638 2667 1639
f 1639 2667 2668
f 1639 2668 1640
f 1640 2668 1641
f 1640 1641 2669
f 2669 1641 2670
f 2670 1641 1642
f 2670 1642 2671
f 2671 1642 2672
f 2672 1642 1643
f 2672 1643 2673
f 2673 1643 1644
f 2673 1644 2674
f 2674 1644 1645
f 2674 1645 2529
f 2529 1645 2530
f 2530 1645 2675
f 2675 1645 1644
f 2675 1644 2676
f 2676 1644 1643
f 2676 1643 1642
f 2647 2677 1621
f 1621 2677 1622
f 2677 2678 1622
f 1622 2678 1623
f 1623 2678 1624
f 1624 2678 2679
f 1624 2679 2680
f 1624 2680 1625
f 1625 2680 2681
f 1625 2681 1626
f 1626 2681 2682
f 1626 2682 1627
f 1627 2682 2683
f 1627 2683 1628
f 1628 2683 2684
f 1628 2684 2685
f 2686 1630 2685
f 2685 1630 1629
f 2685 1629 1628
f 2687 1632 2686
f 2686 1632 1631
f 2686 1631 1630
f 2688 1634 2687
f 2687 1634 1633
f 2687 1633 1632
f 1634 2688 1635
f 1635 2688 2665
f 2668 2689 1641
f 1641 2689 1642
f 2689 2676 1642
f 2669 2690 1640
f 1640 2690 1639
f 2690 2691 1639
f 1639 2691 1638
f 2691 2692 1638
f 1638 2692 1637
f 2692 2693 1637
f 1637 2693 1636
f 2693 2664 1636
f 1620 2648 1619
f 1619 2648 2694
f 1619 2694 1618
f 1618 2694 2695
f 1618 2695 1617
f 1617 2695 2643
f 1617 2643 1616
f 2696 2697 2698
f 2698 2697 2699
# 2699 vertices
# 0 texture params
# 0 normals
# 3298 facets

# 1 groups
